,AFG,AGO,ALB,ARE,ARG,ARM,AUS,AUT,AZE,BDI,BEL,BEN,BFA,BGD,BGR,BHR,BIH,BLR,BOL,BRA,BRB,BTN,BWA,CAF,CAN,CHE,CHL,CHN,CIV,CMR,COD,COG,COL,COM,CPV,CRI,CUB,CYP,CZE,DEU,DJI,DNK,DOM,DZA,ECU,EGY,ERI,ESP,EST,ETH,FIN,FJI,FRA,GAB,GBR,GEO,GHA,GIN,GMB,GNB,GNQ,GRC,GTM,GUY,HKG,HND,HRV,HTI,HUN,IDN,IND,IRL,IRN,IRQ,ISL,ISR,ITA,JAM,JOR,JPN,KAZ,KEN,KGZ,KHM,KOR,KWT,LAO,LBN,LBR,LBY,LKA,LSO,LTU,LUX,LVA,MAR,MDA,MDG,MDV,MEX,MKD,MLI,MLT,MMR,MNE,MNG,MOZ,MRT,MUS,MWI,MYS,NAM,NER,NGA,NIC,NLD,NOR,NPL,NZL,OMN,OWID_AFR,OWID_ASI,OWID_DRV,OWID_EUR,OWID_GDR,OWID_GFR,OWID_NAM,OWID_OCE,OWID_PMA,OWID_RVN,OWID_SAM,OWID_SML,OWID_TUS,OWID_WRL,OWID_YAR,OWID_YPR,OWID_ZAN,PAK,PAN,PER,PHL,PNG,POL,PRK,PRT,PRY,QAT,ROU,RUS,RWA,SAU,SDN,SEN,SGP,SLB,SLE,SLV,SOM,SRB,SSD,STP,SUR,SVK,SVN,SWE,SWZ,SYC,SYR,TCD,TGO,THA,TJK,TKM,TLS,TTO,TUN,TUR,TWN,TZA,UGA,UKR,URY,USA,UZB,VEN,VNM,VUT,YEM,ZAF,ZMB,ZWE
AFG,0.0,0.3327518465929884,0.307094825942696,0.4840338109793873,0.29626051574848683,0.3011249870714519,0.38204769590025633,0.3980272219362277,0.33915932168019947,0.3597064823220055,0.3529168415006945,0.2817630435123876,0.28032685414498454,0.41686651062963576,0.486076950917583,0.3891978548338522,0.3519240487534039,0.2236289286272276,0.12362550254408042,0.24228346882983642,0.4730722421142924,0.29312205464860536,0.37083444384076003,0.3057944580274497,0.5179150049099898,0.5118882582791277,0.522963545747215,0.3745367866116718,0.2916858505181336,0.3415628264250922,0.3233741161216386,0.43714514768996293,0.21096920685343867,0.26260026916721035,0.44881396572285737,0.30019491950967103,0.41334445818238474,0.3024983626263282,0.30773749731755357,0.35196199930905736,0.3575007981699115,0.5914631472544577,0.2298278073916463,0.2886189398821675,0.2060275938544378,0.43155703382337657,0.803619048475363,0.6348545246506112,0.2870660878141143,0.3935750723536864,0.5693904781669586,0.42020739344581154,0.5100544843868987,0.27955467050263577,0.38807620343010485,0.20350684778836106,0.2573976084798339,0.31984532668189364,0.2742471785165753,0.48147028056778396,0.32464903426042974,0.3557076956039794,0.25141805255253086,0.36032704257254355,0.4194117066006645,0.17038400724981742,0.3985025241912983,0.47469102368013344,0.29483164306344883,0.27901099487536063,0.33614935658308476,0.3734172867384218,0.3589252100149172,0.4402163943245035,0.3178264362416518,0.4895115309854926,0.3689556189011147,0.4406908246080973,0.28867779268500693,0.4580502172702343,0.24336867437786552,0.3027870887073101,0.141194163437125,0.20916794961092913,0.2749460623581114,0.27094451153022225,0.20540513307668004,0.4443253345251205,0.23567357427667743,0.5640476272136212,0.3490914784980994,0.17541694010692088,0.22938318409813774,0.7483914675456663,0.19385355679941393,0.10788841956410831,0.1864797034345062,0.3166947484632424,0.26890112402443933,0.23230931850562936,0.33823045858395157,0.48949936790128723,0.268930079623214,0.7459824472664952,0.22177244678265945,0.2061513064605185,0.5141756588406987,0.16960128044045938,0.25862728896996184,0.28748502747477644,0.27674605639807354,0.6542776205486398,0.18623830551791945,0.22210218503752105,0.5098082372633277,0.44593620224628067,0.5340413370353855,0.17519736020388607,0.32198003704292144,0.4639439443583101,0.23613691912359058,0.19816862360941875,0.5181053943865714,0.3740255174906158,0.33183215125045795,0.4486967497868065,0.24376534591964566,0.2722401799377533,0.8325546111576402,0.6852440423909798,0.20799281358123342,0.5513122229322227,0.5181053943865714,0.22298862869006514,0.5365158827877821,0.3743671974153224,0.25986535519334664,0.17479154238912942,0.7514176100401804,0.1865088847698043,0.2842840075454067,0.7725916590266613,0.4837976541677005,0.5163819059326921,0.7602611156416021,0.5442115506378954,0.2949230431012942,0.26097663127500104,0.3184559620129396,0.30110118393529617,0.5458563420944911,0.2846138032841676,0.49280895173169037,0.30504932908257454,0.5089041474713364,0.3100307912193146,0.3088049297441757,0.6463510139425134,0.2748814908611198,0.5014442283669751,0.47076896937171325,0.27551418240448905,0.4304392234652628,0.2570640885658262,0.5733177162455529,0.743020855107106,0.32865025744181897,0.6133156368077192,0.1948361814132971,0.2814588983332483,0.33244779154505133,0.6116754833626932,0.6573256008716092,0.48776100144037277,0.3969146641812192,0.2780697916123952,0.4780715595641818,0.18687477418569814,0.30750176874257923,0.37535452630844207,0.22650593048069542,0.41898396475114946,0.3791239134888552,0.5147512873118194,0.4833860972499278,0.43442415833540576,0.761205497694832,0.7109226901864198,0.7456232527137829,0.3173541864485437,0.7659950454256008
AGO,0.3327518465929884,0.0,0.3536801561546113,0.27554593024234475,0.4404772583458608,0.29193229232416534,0.5294501510674272,0.5476152812575017,0.43650779908566645,0.4038025752034272,0.49859721446167826,0.21924147880504616,0.45330290527689043,0.5276027965822644,0.5554977842770775,0.2938073664147951,0.42693347630749895,0.4210814102150984,0.30584315120784816,0.4248004188838269,0.5504166397231168,0.1856537353985982,0.3681361047135301,0.3153455684081386,0.6355376881723227,0.5024914150477293,0.5555132708303182,0.5229541552758946,0.2773235245971475,0.22537924663340278,0.2612314869625626,0.2112368810513466,0.3953059292247779,0.28012995460376244,0.4368705263467333,0.3552972196233542,0.4748809198297553,0.2766675375853226,0.4434424220780922,0.5099476607384056,0.1998916763395826,0.7112080273477059,0.40981630313502904,0.1337222991593701,0.24305693106446646,0.36882797094417513,0.8260957517026151,0.6212993874469108,0.3978845378595697,0.3450494209728081,0.6808736366889458,0.40954784052872095,0.6061231422036659,0.16609271435612186,0.5172903897369038,0.3741764170917193,0.3828433404692829,0.36713154125251324,0.20495239481784253,0.4691431345724998,0.32403363580081385,0.5084757870434732,0.3467053579413389,0.38869232258091857,0.5179296016486268,0.3589784078699568,0.4870951717853454,0.4889246458164141,0.46019644960332046,0.22610313824996756,0.48156757824119506,0.5152563263977904,0.48248535398324693,0.3281347156795707,0.4806814457576957,0.6407434368694594,0.5178397487716002,0.5003772014116196,0.25685703184708764,0.5983462138070984,0.4334028900537659,0.07431680932986402,0.3738320650270911,0.3683090935097189,0.34941608135043256,0.24698817699823744,0.19842180597621767,0.41578469195012563,0.3392732390853129,0.36065219156577066,0.4743728143356619,0.3715850535122606,0.39772935705098034,0.7915416421666198,0.3836525860015527,0.298672058206642,0.3753567185936382,0.273585664630316,0.23852353201100027,0.27871617307164465,0.421560015073232,0.5225355420847221,0.2854362787456378,0.7559154478904999,0.15987330702388863,0.43581634162604893,0.5122908261621123,0.30711769207605205,0.29834931649592383,0.3753782820266059,0.20676213209545538,0.6664789003489408,0.28333367685752464,0.3766866290917191,0.5107528916980683,0.577144272635444,0.654294547022588,0.3096816682248706,0.470118508803929,0.4530656557905416,0.17322775214046865,0.4304283126569704,0.5297338629335222,0.453747811880899,0.2351556336456108,0.4535384629886076,0.43040323219864735,0.37229200393411405,0.8325546111576387,0.7171409996325538,0.39954646991311676,0.5559386229221323,0.5297338629335222,0.43386377745373855,0.557574068190028,0.4479497918806189,0.4524617502791351,0.33150810215640236,0.7552223828640817,0.35820990948013076,0.47652860579379247,0.7659394659378195,0.5531927569829914,0.6422162478674449,0.752525296802211,0.5697493689333489,0.23086866466412811,0.3000354413042624,0.4879434507356395,0.3730602280753879,0.4543132876349834,0.24793144346416912,0.5196674126416646,0.3054569523655993,0.3087245176791255,0.3914128839950587,0.39669849314340744,0.43922242841883397,0.33874911561388243,0.28205952715477656,0.4583845963485681,0.4067642240297792,0.45472970753155434,0.349559692385871,0.6854635152741503,0.7336805691647069,0.26357796577482123,0.7441623530958582,0.23487761907765511,0.1502665696864922,0.47421294325207275,0.7464830798555925,0.7723834368247139,0.5444756048565982,0.543390825141453,0.2730957060273082,0.6136221309558205,0.40725100655929203,0.40799622025839133,0.4231086887492863,0.3450525139945409,0.46976420151808,0.5150388234620538,0.6631905272874157,0.6126901884951956,0.448013103682071,0.7549564405612172,0.8155065934024838,0.7559348325230888,0.29131501794924625,0.7601071962351243
ALB,0.307094825942696,0.3536801561546113,0.0,0.41744057972786863,0.2429477699543594,0.17654322429046343,0.3485118099491511,0.3419760715894722,0.2221304219678549,0.5256061143809243,0.2994335388442251,0.34956001306988355,0.3961532496343333,0.4464176997867497,0.31784996147956035,0.29470085032868226,0.19395928159920606,0.2718930370057296,0.292896252505292,0.25656630665023605,0.5093504065125658,0.23999096424765984,0.4636024284235371,0.37553641027416623,0.43761062315165583,0.5889310790408129,0.6377965403842976,0.3425800398460265,0.3608672105366744,0.4328897624320208,0.20673519524855852,0.38742963457317314,0.24636070998681311,0.3805070434639175,0.5587910664578993,0.3398084262515745,0.22286288527559098,0.38432274748855844,0.2115778441823148,0.31985397095442303,0.4219853070550845,0.4578359946037872,0.254691254870573,0.310173891588712,0.37210589731999866,0.2591232738980256,0.7991949891330686,0.690547479886828,0.15784458911911944,0.4888704467361193,0.4620792191066901,0.5191619113812892,0.5275847513361839,0.3029562177440699,0.29786138066354995,0.20218141623672944,0.4403366878963828,0.37602144021252054,0.3220695673073062,0.5757738138820708,0.4584997970482444,0.33661922303595787,0.45998779755225,0.4354393256384266,0.48145856373184137,0.33785996708111166,0.262848929362344,0.5937123168532176,0.27718517756641986,0.21288502543631724,0.29360105810864123,0.3131370247173582,0.3566799754698773,0.2946965972486536,0.4035095032016706,0.41990721805772346,0.34089199417129856,0.5092823364073003,0.4323524666015709,0.36917277248538966,0.27322153259906834,0.3345192365562358,0.24275547712185616,0.4101504436097963,0.17842735956272493,0.3064020093483346,0.3392125824133327,0.2672168116729941,0.45370219315861804,0.48171892162988506,0.33567211447989054,0.3798431699364827,0.20485151473331514,0.744444794879301,0.2223877790231531,0.26247275736841164,0.22093248959958595,0.4134461649839486,0.2823278063496251,0.16206787668921066,0.1898064078413859,0.5447320905569311,0.27032339645983405,0.7654357880421576,0.32923246672955275,0.30923078907945384,0.6187732272195724,0.3738074515336129,0.3551070148388928,0.486287682751858,0.2738891991566831,0.7203473928634742,0.3871476406320029,0.4195031404296282,0.59704875495483,0.40833435553298963,0.44643216441853595,0.3998346705683054,0.39913084453186387,0.5574179628910478,0.30910195561660203,0.2952464669673189,0.37670230271484917,0.2239709473727313,0.26508632793395326,0.5411623944056492,0.3091309953005177,0.3869673739116055,0.8325546111576306,0.6945542241555818,0.23264177796803345,0.6112407196570088,0.37670230271484917,0.2716177857818546,0.5849883177923639,0.46159943119646324,0.3073913507746486,0.41480452872314083,0.7820985183373576,0.39764609249225313,0.34401344900111974,0.7877995835656072,0.31475457516337263,0.3795492565360683,0.777906265764907,0.6506108697634507,0.417709137827287,0.18741860460319001,0.30478354011390935,0.4824516524717854,0.5084101493927108,0.35256188137129063,0.5503371360473284,0.3784175291236287,0.42188778119477416,0.5009293429513806,0.4796055017108983,0.5557361303347412,0.21758470030169783,0.421727265690704,0.5702929403119557,0.43550594044714974,0.27251066292666704,0.23113538261443112,0.46222504210413207,0.7653603015908538,0.44047967824196665,0.5115850217191492,0.20181520083364488,0.3310545571641644,0.3814346364818639,0.5522700504335213,0.6334269684381035,0.6238890886411818,0.34165209886078074,0.32646256304122934,0.36647897191144724,0.34232833751020736,0.26236898328104624,0.514656642600949,0.4350706058714788,0.2747972593982308,0.38831557111873316,0.46909076983102116,0.4441677239171446,0.5520699213183264,0.7824957210887491,0.5927574218996347,0.7809405383594281,0.40800004210249585,0.7858336141981268
ARE,0.4840338109793873,0.27554593024234475,0.41744057972786863,0.0,0.5496148319411219,0.3414468729862015,0.6629616245549115,0.6756005214188452,0.5445322418389817,0.5945402633411091,0.6280582365459737,0.4491641955018609,0.6258679768418866,0.6962119430112201,0.6090323544635228,0.3326836525600527,0.5226197946816854,0.57279943429333,0.48793728657183066,0.5634174287041187,0.6903213490439092,0.3145502190989516,0.5868158753032484,0.5227606935080602,0.7241255048345225,0.6843057546134657,0.6222463718186045,0.6470094433891069,0.4927072358888817,0.37881049287353125,0.3522694749399343,0.27545592014748604,0.540257387944575,0.512174220291436,0.6215450503002312,0.5282884380219484,0.5436010463461194,0.5036236511038082,0.5378332508659055,0.6387511939181514,0.3148962534767141,0.7461448343131716,0.5541553465193302,0.34756448741137724,0.4580037981006757,0.39955927702890787,0.8284143504849858,0.737902079634002,0.4855435673034568,0.3965802491702416,0.734708376052099,0.6195177341921223,0.7173019605912282,0.3709887175089796,0.626219638052962,0.49857243167000126,0.580594293706279,0.5519415476342188,0.4210860195132272,0.6552560367809269,0.554976194214159,0.6493405199138603,0.5101662212600107,0.5893753073039922,0.6963492640183665,0.5485768719032376,0.5748895818429718,0.6471931411961961,0.5888285109049769,0.3578403693778931,0.6175014087517836,0.6164428207540172,0.605984138748112,0.3375323300646671,0.6507493456522807,0.7138814277871791,0.657950876211551,0.6849915424960688,0.46893325975061934,0.6936136799063785,0.5805486381827221,0.32511995710378866,0.4990434879383066,0.556038971292994,0.4811837371165717,0.44003470318470034,0.37477072724997595,0.45363974301493104,0.47959952417978846,0.27932988766110695,0.5945977553413951,0.5473317348675222,0.5168442520142639,0.8154487180829068,0.5182950895232843,0.43415645450249635,0.5108770919478672,0.5106136645668301,0.4153077032674585,0.40717229155481965,0.5233427134622239,0.6908146969779575,0.4449639993868853,0.7202993394420701,0.3646466198228556,0.5853059340175372,0.6758680770985376,0.47094744734369537,0.5153713878324202,0.5512754930427057,0.3756979479193264,0.723430543162075,0.4776739222432625,0.5677031394157288,0.690995894958873,0.7118048354815111,0.7418254541837169,0.469459312021114,0.6498723850252701,0.6488771627040439,0.40076293812652625,0.576090728678938,0.5646107573658964,0.5450070258543436,0.2562835282036747,0.6596269774266188,0.5972020847506448,0.582625980832849,0.8325507404382642,0.7913096256985801,0.5356213361821301,0.7267017724716116,0.5646107573658964,0.5819810596905207,0.7161153287830068,0.6457154308509845,0.6102848892632357,0.4862992703390215,0.7860289352445471,0.540752827715486,0.6299273199377354,0.8095547617447223,0.607197408401946,0.6963080697319518,0.8045426311982015,0.645539482909348,0.46278399758888905,0.4391167941501416,0.626687610273478,0.5786734335363268,0.2979051351698233,0.4697559053532389,0.6911156529362488,0.5183951174166643,0.22983439148546092,0.48047458592759495,0.5921298470435576,0.3178835319089654,0.4727076321793031,0.17736180218581904,0.6449074507400516,0.6010848667067029,0.503754195999398,0.5022280116789885,0.7363497082536298,0.796371510962796,0.49067260899362036,0.7871323694384328,0.3676291780253655,0.3872075494756788,0.6525293690953472,0.7930299996841496,0.803759280490037,0.5946786575269204,0.6575160963758092,0.47069529629431633,0.6790690330599696,0.5806088390645799,0.5294960776273213,0.6288211157502442,0.5319859972130453,0.5277270086159369,0.67739543537987,0.7254784892427849,0.7328312225758131,0.48682248688375307,0.800611749555471,0.8160201514745424,0.7778553541591564,0.5219440247359525,0.8028744481317467
ARG,0.29626051574848683,0.4404772583458608,0.2429477699543594,0.5496148319411219,0.0,0.32870997354981596,0.20153107757282096,0.26936024083566307,0.10929086755083729,0.48927167998684806,0.22763047298307845,0.3827804373852081,0.34495667181458084,0.3960707154295698,0.24578694790598407,0.4105534412438167,0.17917370121469184,0.17831233900166255,0.268966500473173,0.11892175016846808,0.48196872036342703,0.3502643056108941,0.44558835720012746,0.38265304210366724,0.2896193368024605,0.5605337105004514,0.6227446227427101,0.3077963890725149,0.3788103411397214,0.4766996632156112,0.323026771516949,0.48969344158799916,0.12175839478343552,0.3774333805551697,0.5332590807501795,0.3530066895714702,0.21998671489714447,0.39485610621697975,0.13067346630105578,0.17762841446545022,0.4867035104064653,0.4484215498381307,0.11106938443940192,0.38737551430773837,0.37708898072980274,0.3146272336021031,0.7967303942614276,0.6710242503880522,0.15360496320811587,0.5295288143605326,0.3326145175144693,0.49355678553498444,0.5017012486536712,0.3746671002928081,0.15206449873322472,0.14027063760168684,0.396825551044161,0.37631044994247126,0.37111561767244716,0.5476406433022168,0.43782362601510966,0.18530675257423895,0.43742047983623134,0.41988214528191486,0.43969369871682157,0.28534527532121695,0.14628959611814632,0.5628080085982942,0.08466141558355958,0.31726899158512767,0.23144508499287497,0.12387612811182673,0.352339221768172,0.36902431600535357,0.3523087399283465,0.3964841389494336,0.2480817585797683,0.4725988476958515,0.43731456386215356,0.26015676046471986,0.16403684970686952,0.4112185350271039,0.2492472466373258,0.371095441513322,0.2062313247158976,0.35393221315134077,0.3814288363107525,0.2819132278425605,0.4418880882574481,0.5898547697047135,0.3374613992254878,0.34288702620024225,0.12724159659789092,0.7371108909181314,0.14772842443739737,0.28643120656237,0.15085458604348193,0.41770087968853953,0.34613415602246694,0.20847674888535528,0.2014891968253229,0.5159636520191029,0.32839782683022956,0.782211189990263,0.38072376882629944,0.262586605470596,0.588415708431256,0.3696793753888049,0.35647355976633155,0.4536554506780207,0.3550721315122153,0.7056700342357142,0.37648730439298017,0.3766031473414008,0.5658395153800866,0.32718132103371395,0.32208366119459303,0.39161300665674637,0.34687085595010814,0.5291180336369171,0.3595010814951895,0.25210020831641766,0.2984821758076381,0.15213407450641153,0.40304004104120794,0.5080203217105911,0.22698554994153988,0.35333887897602967,0.820660809950393,0.6807916079934136,0.1425586758405906,0.5833451468044657,0.2984821758076381,0.22332048105253147,0.5578623696485288,0.42365762201035145,0.2519354179333436,0.3971841269681166,0.7745920921922421,0.3629174381857869,0.29086063984741584,0.7813356549320158,0.2443096316582212,0.3728979725823108,0.7702453151443232,0.6327513498636558,0.43014532802197775,0.25768879869348,0.19264586114012644,0.4435907098610694,0.6121336112663345,0.37888764433233096,0.5215057904252333,0.38610988924164336,0.5413863084301709,0.49551204822961753,0.438345491443864,0.6619054659236491,0.2797577074176652,0.5425717600150727,0.5426734087427194,0.38876360954814765,0.20710367426608248,0.2605536776161572,0.33707025766376286,0.7559889764059269,0.4474471329972571,0.4365998932368313,0.2692086687320195,0.3885850254621513,0.32773465413956016,0.5347126892315625,0.6194852044886388,0.6100249536241303,0.19998143146144431,0.35877274691378663,0.3622082932741129,0.2920563761372492,0.297783164527857,0.47343314139132037,0.40329095554979344,0.1797555850937834,0.3155057025463741,0.4515061850590967,0.3800625048127262,0.5673559094246416,0.7749633821750079,0.5340832205499629,0.7740913300496977,0.4100420753423378,0.7787980955777164
ARM,0.3011249870714519,0.29193229232416534,0.17654322429046343,0.3414468729862015,0.32870997354981596,0.0,0.4236392263818298,0.4307110685909932,0.30226490446290355,0.5218029522000907,0.35968744117354756,0.31955092051229983,0.40146888955308613,0.4717129515802227,0.41004628156956735,0.2119942395329272,0.26646283654150843,0.3402638230355902,0.30754409557121515,0.3320838831693772,0.5129810165200315,0.17273829256772374,0.45773130716930793,0.3597090234493116,0.5150748194973735,0.5883535677527028,0.6327220158535166,0.3784178506026119,0.3393595289371192,0.4014067393284037,0.16307064259426673,0.31568826083917706,0.31242608142152395,0.3672746967552463,0.5549273667432909,0.32332207774842875,0.3124129281625794,0.3660542571629491,0.3146880211054556,0.4030719695344671,0.3801411591336369,0.5390045950902322,0.3233285697163006,0.2520911945040219,0.35723645724667735,0.27787343504636874,0.8006399541122766,0.6896535579559026,0.26119323222907737,0.46380945907185855,0.5420832613933254,0.5157926921289101,0.5332751652130837,0.24857122683118807,0.3808485199581919,0.2770434479759933,0.43869350372917354,0.3647780148441923,0.2828985541340544,0.573708070729909,0.45133043162688763,0.40818901965829696,0.4533399502744734,0.42989809989856415,0.4867901750199844,0.3587494428692919,0.345630447071179,0.5908491981296263,0.35807607747571435,0.16014776752173868,0.348184572877518,0.40160176076230764,0.3551605929459703,0.27431924489454784,0.4108635073335856,0.458163312425298,0.39977051792020823,0.5124911925056594,0.41636660023281297,0.4456171650059125,0.3459892719424076,0.2779888512383858,0.24157415821259676,0.4079360320530092,0.21475316374074288,0.2687629894357902,0.3125543132883538,0.3108268900878303,0.4447999399652486,0.41231295329311723,0.3330727557561808,0.37826041278526057,0.29063865969259184,0.7472828253278053,0.2944552535690629,0.28032881399313325,0.2894003325650669,0.3976793581968352,0.23411545145902796,0.18655716369027683,0.2543023419781877,0.5465259530831242,0.2279240523676321,0.7614588440416425,0.2944312520272459,0.325845241098629,0.6165189227174893,0.3646824928889674,0.3411295174416447,0.48115698785579963,0.21239453098469696,0.7180642137899088,0.3792044797250185,0.4177630039730453,0.596312515660086,0.46666383157956515,0.5234759946163784,0.39065769364715996,0.4156710794034705,0.5554156076554486,0.2700851348838796,0.31833468844957313,0.43192562109313,0.30353883198877274,0.17306114482357157,0.540595939109779,0.36482462875663,0.38947919525435654,0.8325546111576393,0.6974101005299211,0.30805472518886795,0.6121682698754886,0.43192562109313,0.33840747196295723,0.5869903560932562,0.4640124177732823,0.3653191270655686,0.4068690592625748,0.7811082332297679,0.3946449588929431,0.3681025999897042,0.7877960512243802,0.407110219705683,0.45878303652532143,0.7779377501512297,0.6463983507844336,0.39831115042795645,0.1823635077328872,0.38629096233571997,0.4790527096072302,0.47404911737791705,0.3264700427303095,0.5518889039132682,0.36205314732678745,0.341940204218537,0.49153964122766386,0.47704774572748304,0.48993641116468045,0.2022227501807106,0.34699893207504146,0.5677030491672485,0.435738644715532,0.3349144893668794,0.2365976098092989,0.5431106036950242,0.7653180842224792,0.42362946060659473,0.5777761296955052,0.19635866128300367,0.2865747485326387,0.42105396438718984,0.5812695991895325,0.6415134705363932,0.6181954829136384,0.42943389617231925,0.29790907807341244,0.4212287736997422,0.3511806164906372,0.2507263440280363,0.5131502805458098,0.4322497996527368,0.3471150522191329,0.43587131499621307,0.48311559912313123,0.49099710723001444,0.5385193075902157,0.782152979194991,0.6669007414720574,0.7796500991236688,0.39346883043222236,0.7855180686111947
AUS,0.38204769590025633,0.5294501510674272,0.3485118099491511,0.6629616245549115,0.20153107757282096,0.4236392263818298,0.0,0.14784241569870232,0.19457821909747192,0.49787587350304646,0.16424823469905378,0.4256428780920474,0.2905344230357675,0.27910058594702974,0.2779751705658818,0.48475211167314436,0.2355084367168523,0.20264210749089415,0.3452570042104229,0.18202832236280828,0.42038184194477135,0.43863467418401053,0.43078688871851345,0.39357083323702197,0.21381383264744533,0.5112370702172825,0.6727258947899813,0.2410009841960926,0.40345453820981897,0.5641236665298147,0.4054363356425367,0.5656121249572127,0.2124135828512587,0.39986360506290985,0.5214014132981136,0.3602899908682791,0.2651977373174186,0.41628597716387183,0.23800956962513017,0.09739777356591178,0.5864842586459822,0.40958695051510635,0.19306864599729012,0.4598748015594365,0.44547420334988935,0.4017572433015015,0.788694863895665,0.633695866444503,0.2786569639789402,0.6362451518656002,0.3029394242498929,0.4689185038006249,0.43682859327828466,0.4412943428087764,0.13309983357242758,0.26321569506711806,0.3983910980010598,0.3723145028154899,0.42297574584090053,0.514081377902309,0.4458056382770667,0.05447832331550098,0.5050722577971404,0.3995766106668594,0.3353226346428549,0.31225531738710033,0.20755000070446086,0.5493888161224394,0.14102353342884524,0.39862123081756784,0.17642157929362387,0.15795595347431093,0.3242424897459332,0.4640331601790436,0.2660811490780447,0.3294741448821833,0.1368273284390887,0.3925709402837838,0.4980038628759948,0.17091060719977696,0.18203853154293212,0.4899599775560763,0.32986050174040754,0.39434517638025507,0.2665913494197169,0.3989364364521404,0.4848312418739956,0.36484025911226725,0.5291833064837822,0.6674639058567619,0.3157683822983734,0.37415557946119327,0.24424318618251128,0.7150161454927538,0.2501547161562086,0.40037078933408654,0.25779563653815407,0.4397415763612958,0.40025039417089375,0.32622611357896975,0.24306307597157584,0.45587886755304774,0.37326621371725277,0.8237115746093626,0.4753780482855746,0.2636403895824552,0.5570927311195906,0.4486472985421911,0.3734918848749442,0.49526551667321905,0.421115961940893,0.7131868716915875,0.4484421861036089,0.38983739448377847,0.5101966629007646,0.17979340842073407,0.21760789640088052,0.4762918018690299,0.2550598823763831,0.4940441376417419,0.4265701765381225,0.26624568672320925,0.37579885091996573,0.21717549532908081,0.5050600599198506,0.4552279703775761,0.1997403466941395,0.3292838607860651,0.8265541113508926,0.6420379907363282,0.2307287974515339,0.516199203102424,0.37579885091996573,0.23163115474634222,0.4957012489137491,0.3592146305570518,0.21192504011185936,0.47978789247011816,0.773350925217028,0.3992018914983191,0.2293382710406607,0.7653012415993319,0.2767146070492567,0.33621333095363337,0.7511590659646383,0.6661270596479897,0.4838763388803457,0.32180271530990523,0.12972113896230278,0.4538496990958846,0.7293377456734497,0.41334294629852536,0.46187781516661286,0.39946515040254854,0.6256254739560505,0.5931916120054155,0.4361603541249053,0.734814361653857,0.32126793346813554,0.6369869531536232,0.5153920203267544,0.3673463163922396,0.32107215838642783,0.29020589375070305,0.3077480830253471,0.733174171273238,0.4872161724194807,0.3745773336563746,0.39100732099774793,0.45173362362013203,0.22546399663509487,0.47171802223368203,0.5736675106487528,0.6776542298177438,0.11928080581026192,0.39182745865150237,0.32275161300599287,0.28971042265679703,0.3109344781803471,0.4404472965586534,0.4496681411182662,0.29774799715898337,0.17919061840985054,0.39523189071085596,0.26057852052388747,0.6687662249997948,0.7589752050529613,0.5053445112027505,0.784414307288277,0.42491611426145864,0.7638009596122992
AUT,0.3980272219362277,0.5476152812575017,0.3419760715894722,0.6756005214188452,0.26936024083566307,0.4307110685909932,0.14784241569870232,0.0,0.2525305046505191,0.5107457204048023,0.18802951754175135,0.44692804427368055,0.295412296539324,0.2849778785759745,0.304512543415313,0.4923232675444279,0.26184849880731226,0.22196874335672978,0.36951160224731894,0.2344117113336659,0.42933429477038915,0.45442534868500106,0.45151232998007274,0.4142475755284997,0.27107771587330465,0.5260388689488904,0.6794946331921251,0.23985895071193994,0.4245339672062202,0.5816054662805247,0.41755807775317194,0.5795700603348859,0.26302110833700887,0.4221502633302296,0.5377901920859387,0.377525293244063,0.27257487931944147,0.43796926132620406,0.26261727606412166,0.15647878728892434,0.6030545322478663,0.36164290494558676,0.24803711823227903,0.47890379311159653,0.4659597965184336,0.43024252891476983,0.7868421743658676,0.6416972309424246,0.2954852140947222,0.6498735854897683,0.3434007250995442,0.48807699851727765,0.439740056808432,0.4603793908745546,0.20185004649136143,0.2953552638539955,0.4141075977649949,0.39086705273650496,0.44329385772789476,0.5299368249708944,0.4666959704826392,0.15415871320000674,0.5217331680852105,0.41913598462527063,0.341126422426648,0.33366883325496854,0.26482666740160943,0.555426073664428,0.2192915619872173,0.41375863310672883,0.19782507606411429,0.24498602552657178,0.32863492183236953,0.4923062447939337,0.2642856198786765,0.30430235476937534,0.17180758961325024,0.4062467112938578,0.5175670598740401,0.20176261073806195,0.21019493540711326,0.509240324367429,0.33785878457962243,0.41197014166720264,0.28930776951199405,0.4181360988413293,0.5040342231048637,0.4013257515567889,0.5467882044114023,0.6770340270885769,0.318669158770351,0.3911820221536704,0.273211825632457,0.7131422109134044,0.27871497087678904,0.41536370321431826,0.28853003643729025,0.4616817831744763,0.4180067111391344,0.3578415183530279,0.2566968500816963,0.4689527251552156,0.38903028262982775,0.8278419153779071,0.495004931482381,0.2647986272898119,0.564129834809249,0.46835144516526495,0.3951965350609682,0.5104697469981657,0.4382311148940065,0.7132587310063322,0.46799777943546655,0.40588052179670203,0.5195553453730402,0.1918599659309896,0.26567832204063097,0.49556869690436095,0.2543401698263005,0.5111426694300496,0.44723568712119016,0.26730128394572356,0.43113037868410037,0.26161397711921175,0.5189429603932979,0.47208879742147863,0.21087069212982693,0.3499843565201137,0.8325546111576276,0.6443998258050442,0.2592565887308355,0.5279164084101962,0.43113037868410037,0.2251127100152456,0.5068955902503612,0.37650975522643454,0.2020803278722832,0.4976376174775663,0.77269876215947,0.41746333266462593,0.21972031487392504,0.7689694197359199,0.302616807682256,0.2908640769213969,0.755486493742741,0.6715447706202224,0.5045892939089787,0.33746604081535636,0.1416664812335635,0.47019216078358833,0.740859697609635,0.43455373288175564,0.47531942829725365,0.420493029270545,0.6359262084259197,0.6085141026087085,0.4489068291330893,0.7430201752311929,0.3304295141736201,0.6488977830483129,0.5314999764838577,0.38089967239548006,0.3776684381470431,0.30420607761622437,0.34430124520026634,0.7383432592587957,0.5080163165466921,0.37709877699529415,0.4155183507327271,0.4721535460326435,0.22096272933317815,0.45030343785582533,0.5638237025868523,0.6864956922675918,0.17065040081829427,0.41160094755938753,0.2881671166723498,0.2986002889506048,0.3151309097134991,0.4509761241439749,0.4666688167191402,0.3580612360773651,0.1847807016646951,0.37523039983202616,0.26594657635888813,0.6801957598587347,0.7623665069273143,0.4962957338977948,0.7839987350498021,0.44675458616794606,0.7669942261019482
AZE,0.33915932168019947,0.43650779908566645,0.2221304219678549,0.5445322418389817,0.10929086755083729,0.30226490446290355,0.19457821909747192,0.2525305046505191,0.0,0.5224370986570133,0.18190928895753333,0.37228396342817793,0.3479728159008229,0.3709290752836083,0.20214304577522743,0.37034547181659866,0.09341284072315195,0.2109686639179461,0.30545898617739287,0.16451383770377925,0.45510538975183557,0.3250542995423969,0.4425246541179322,0.3668090368245154,0.27153030493727365,0.5588643991334366,0.6617786505578389,0.2640307315183874,0.3645858662455413,0.4999076670560972,0.28213051688869073,0.4627867225142705,0.17124566126990473,0.38196261359997935,0.5504940504971386,0.3236990707497311,0.1511678853544895,0.38659640161023845,0.15523362563861876,0.18562197477869527,0.50591845518987,0.4216623239451198,0.15812830472345565,0.3716048862745459,0.4069472537991976,0.2712962704183056,0.7913920535061277,0.6749050157807489,0.16603465087584374,0.5655101488380833,0.315377165779638,0.49793040911728803,0.4708624458371228,0.3560682496684968,0.10726238421335366,0.18491066196199946,0.4233339925578497,0.35309956508176416,0.3549430305277037,0.5556433371999899,0.4546628303042143,0.18361450584984224,0.4869304873031895,0.4059612967495119,0.4207304134433248,0.31942306546678884,0.07556566785128102,0.58760428505264,0.13437554743094887,0.2850704214832718,0.18813413865270498,0.1587929067640391,0.30954128401953673,0.330570856882767,0.3449276648288729,0.3549049065371703,0.21439346385269878,0.4555355575034054,0.4666057157925268,0.2180287379282508,0.19565599534483585,0.4033110570077151,0.27379153460709565,0.4009058526002327,0.15406044423158186,0.33040473371756923,0.41158951224329693,0.2378942858979959,0.493844138175396,0.5628985958692007,0.29168070752036684,0.3723628810208113,0.17056957584860993,0.723591501352667,0.19376964681142575,0.33071227608481657,0.19737745230713333,0.4183941931551163,0.3181338956617315,0.19817860434536683,0.12511929081961556,0.49806505525518774,0.29333368753969863,0.7943949603863086,0.399739211918044,0.27886412823127255,0.6056753151329042,0.4080725433848493,0.35012895882993267,0.4969492070988146,0.32753609218188223,0.7263109078789223,0.4179964386400705,0.4069031840922622,0.5706852215713879,0.2925596094058067,0.2982966738335293,0.4375162671627375,0.3419090508742242,0.5339180512957443,0.3559154220360292,0.27100034969751996,0.26890107949537534,0.05765732703462121,0.3919977135011264,0.5070746706317517,0.24657863289381407,0.3544066905381348,0.8235656598860064,0.6619354165949206,0.18763842507055511,0.5739044460636032,0.26890107949537534,0.24536215383504278,0.540237013805656,0.41257916856488175,0.2629209470107588,0.44855547302499205,0.7834644754318203,0.39537605482780114,0.2903787636916827,0.7794989268055572,0.1997832528322476,0.3346348789649354,0.7677597723431544,0.667325179601495,0.4492452278998902,0.21561271652038597,0.20158751385207063,0.47462026793049056,0.6306751959686361,0.3661324196896612,0.5050434156820215,0.37233756654918687,0.5144284946336566,0.5502398581802407,0.4685844558868907,0.6348596701221351,0.2317830896983934,0.5227550414189861,0.5536184706428526,0.4061990382329208,0.17343900670034185,0.22054835296386738,0.3188432896925476,0.7537086505753129,0.4621725612584933,0.40368266824073157,0.28123658870506313,0.3782550511637243,0.32065594212072496,0.49910795907144473,0.5914894891741301,0.6547778300651435,0.20280870868004844,0.3370170973755827,0.3185186333804616,0.3156880492248969,0.24571383347893513,0.4915324758420139,0.44717415641402813,0.15750072080476596,0.29442972947148677,0.41440218336954915,0.33933902286615003,0.612430522308259,0.7762560862978131,0.5228372433681558,0.7861664759413401,0.40602758268408634,0.7799541784249008
BDI,0.3597064823220055,0.4038025752034272,0.5256061143809243,0.5945402633411091,0.48927167998684806,0.5218029522000907,0.49787587350304646,0.5107457204048023,0.5224370986570133,0.0,0.5249302036901187,0.3664067914460704,0.3558876356721455,0.49240726588147143,0.641602941211782,0.5635981338318868,0.5471504943546763,0.39521437182895736,0.3138640546387003,0.4279785220346191,0.5551399069965642,0.46716765159808293,0.36070810667770314,0.39496532796017847,0.628046228915635,0.44890668129328337,0.403830416151739,0.5480210073876735,0.38269626424434683,0.33474049306173836,0.5122291015149617,0.53470478736643,0.4097756792076997,0.3143640701014562,0.34974229407798535,0.4482516481752597,0.594869378723655,0.35946993923185877,0.5136845851905758,0.4816844744453034,0.3781715407888092,0.7312388628651387,0.41677040805664217,0.4093434035998761,0.2573162352809302,0.5918074211061642,0.832554403682454,0.5705002630163324,0.5075594540553721,0.39569420525603,0.6947719039735968,0.35747334060976177,0.6137540974578072,0.4118215995015622,0.5499918859648921,0.4386419366614407,0.22559558997517706,0.43450381676607713,0.3911425316548098,0.3970704007278876,0.26695539418048514,0.47514479096456425,0.206327246977911,0.4119419132694659,0.4706858490846658,0.28218987448769556,0.570173196360126,0.2761165848547639,0.46142237472438796,0.4697190406782606,0.5102605412930553,0.5284512783720127,0.5400123347329085,0.590144475846217,0.39580534255126176,0.65983807568845,0.5129895018263126,0.46668102289048247,0.2450530702023549,0.6102853115589091,0.4105602282357644,0.3898672884502501,0.4392988209386628,0.28586020266751144,0.48191528076786405,0.4164148443237696,0.3203411257210084,0.6033651104665635,0.31535016052315357,0.6533196789429527,0.5405952899760236,0.32418648723867877,0.4551844603060988,0.8038011712199157,0.4213147611594998,0.38051681068551124,0.41759518372328447,0.32347080155128316,0.43525127637180216,0.4453659906874985,0.5399096130503741,0.5035277350930069,0.4555534957457887,0.8296114123324249,0.32621749779721276,0.3999937678243467,0.3532112079335742,0.35799250032975677,0.35701566861629297,0.16381288622615084,0.4437984612059786,0.55081501060292,0.2372766057482804,0.2400958763727652,0.41645154082455493,0.5584672267319234,0.6514676319343171,0.3341815486202957,0.37993264480407707,0.3900964002706169,0.35692859953615375,0.408084313689864,0.6512540856964728,0.5579567296961446,0.510062550426494,0.3893077147243465,0.3673781350428068,0.3447618389389351,0.8325546111576574,0.7087398374632121,0.42286617519419095,0.5186233061437031,0.6512540856964728,0.4019855035178064,0.530827607104345,0.4126566911177092,0.3884794384852852,0.2844600581182695,0.7034743725208944,0.3054565034262261,0.4100467749602799,0.7580710919676872,0.6401719553861719,0.6782400467901675,0.7439542712096231,0.4132040870063636,0.2690250956096854,0.4690595392729194,0.45080788403683775,0.155275740553626,0.6688472953564631,0.3750606524044344,0.49581664580532325,0.3853261876696987,0.6193462547701348,0.3636662972767067,0.1447487151279815,0.7143603432997185,0.48689640983927107,0.6047251809920309,0.3810282462463449,0.26167495833432086,0.593896891771885,0.46071969771539795,0.700693809770157,0.7214852927597536,0.2862303244619735,0.7533767550606512,0.41406142686966074,0.3760378049286818,0.3960122844533644,0.7550659745134537,0.7828521195270368,0.4100920621914783,0.5217360682813604,0.4098079132047874,0.6537210681733083,0.32151878356476504,0.5188203225418416,0.20728601935760452,0.18090437508159718,0.5853998525063486,0.4693175597106981,0.6825861653389443,0.606724166548245,0.41139290850180354,0.7360569025406838,0.8264346504704205,0.6853123859465735,0.3444642016303627,0.7425950087295253
BEL,0.3529168415006945,0.49859721446167826,0.2994335388442251,0.6280582365459737,0.22763047298307845,0.35968744117354756,0.16424823469905378,0.18802951754175135,0.18190928895753333,0.5249302036901187,0.0,0.3769625397145409,0.27278219434922885,0.25231023254235546,0.30352254413044694,0.425286149736781,0.17903235214014185,0.20918184931379277,0.326258217463739,0.20231350661747244,0.34280887037096797,0.3833430179344209,0.40296132311507793,0.33182202043978265,0.2933475157387987,0.5171832025891232,0.697728117284137,0.1018812743442163,0.3460244909034732,0.5619291278264001,0.3433690601270277,0.5178365587444008,0.21604945584022667,0.37058766887830447,0.5476930258829702,0.27015399769663456,0.23903856601339793,0.37053985962126,0.2416231759136031,0.18286671781233257,0.5781359853774871,0.40483918347248044,0.20279942315921398,0.4098649062408734,0.435895188426562,0.38446059672928123,0.7757013197286408,0.6624457578551192,0.2597988417570352,0.636124517159978,0.3590080877692436,0.4674817516465802,0.35247265974884767,0.38559204503833183,0.1465926555311749,0.24873006386787322,0.3972802586569339,0.2932117622894036,0.3665477191298778,0.5341279907859442,0.44877339302584557,0.15255971187850198,0.5173765355023656,0.3442785942404083,0.3230390835293228,0.3113642188061226,0.21380899519130417,0.593165870606983,0.19307560209073746,0.33466477915605825,0.028217992884067865,0.2410304504292912,0.2009228949163986,0.4356517109838283,0.25361820645048383,0.24689394387804922,0.06883245831004701,0.3611080472378421,0.501377439295303,0.15831884242116104,0.19798545061378645,0.45175127919273717,0.27669378068074046,0.3774506664340463,0.1865764958018383,0.3293012203912913,0.46559733470002296,0.3640419933848085,0.527124835826033,0.6305845169754789,0.18965103265232408,0.3471253139965083,0.2352420327101632,0.680313576279109,0.23913071004529413,0.3714915203757907,0.2452042877430773,0.4120896686785716,0.32750207104541,0.28467749992908015,0.16193631760210825,0.4101252571441968,0.2875461999550535,0.8121942043444991,0.4520936007303274,0.23313073238285406,0.6013959551300102,0.4179323083163239,0.3242791524690873,0.5116794416533069,0.35424467910170365,0.743011760123825,0.4460369781386902,0.3860421329425599,0.5449986304682399,0.1717259109130336,0.28100302634212215,0.4585544271703207,0.25923779669558367,0.5039903262435749,0.3841724788847954,0.23315336678073945,0.4070703126564646,0.19352522118516016,0.4506510103050863,0.45855134502896094,0.2119631036040881,0.2997967247141607,0.8305741201931218,0.595539186742727,0.2261172313862313,0.5217031100609361,0.4070703126564646,0.21738838575663624,0.45811355893179356,0.32696007512822756,0.2102027698016542,0.47671994223337993,0.7902514385159023,0.3775159141877555,0.21356437289230076,0.7690591897730222,0.30091708538638307,0.3042557912957765,0.7545734686864998,0.6974211088764214,0.4785788033576875,0.24160071481305206,0.1770579143201182,0.4637440457244225,0.6992373002290311,0.3596914769649247,0.42138170097155353,0.3422141652224959,0.5850999643216734,0.5958556383983892,0.46155893260133,0.7013501862019347,0.22145607875712137,0.6002100674310624,0.5380017093282978,0.36189475762801876,0.3365705085777523,0.1904548727123961,0.3614781860716919,0.7394501242494865,0.48279922304063694,0.3646487217689491,0.35203344604451314,0.40657069124132555,0.23486855917510005,0.4030084548111809,0.5086584973971661,0.6920838819090838,0.21303175341327243,0.32189474893773956,0.26002549089465304,0.27911433800881963,0.19214909903342522,0.46771996344630135,0.4629417322882554,0.31978551928921034,0.1834268943810597,0.3205638312076907,0.20106735672360068,0.6727637486989125,0.7718292506681493,0.5453294647946749,0.7962684045661327,0.3883159195881174,0.775731098448941
BEN,0.2817630435123876,0.21924147880504616,0.34956001306988355,0.4491641955018609,0.3827804373852081,0.31955092051229983,0.4256428780920474,0.44692804427368055,0.37228396342817793,0.3664067914460704,0.3769625397145409,0.0,0.3298893394096515,0.3710649230288459,0.5227431168116548,0.36121464111530743,0.37409063853696156,0.3313840033730751,0.2360509338942188,0.3451274250523958,0.3793508042494839,0.23602825545631714,0.20191985596361556,0.10440192146852034,0.5551735924240805,0.4031452599489294,0.5924092019708057,0.3918629496803445,0.06370383980168262,0.32662904745999943,0.2922144264065102,0.31931900683126546,0.3178413831112833,0.11184282912740148,0.3950981115006612,0.18847938746771448,0.44235372801809236,0.07110870695053345,0.3951734191864545,0.41875334423824573,0.3434119236767635,0.6659513200952898,0.3280698583460595,0.12916668560643862,0.20706166284907293,0.41672260952251583,0.8108317714154286,0.5901439916326873,0.3649169293440929,0.4502564400382048,0.6213803588594758,0.2982998578153663,0.45919412601328646,0.11713560390870123,0.42858906672192704,0.32124509997095907,0.27305097340320694,0.17442037001639824,0.06014059095273783,0.3990201210784068,0.22884934491975853,0.40134505273303506,0.35070391436391496,0.18542638466714442,0.3680572447433469,0.2637371177619325,0.43103616994039085,0.4738105043558574,0.380538397666277,0.23299563159899833,0.3552577707053424,0.4499988185731304,0.356144924193926,0.4092365454031071,0.3524146363220327,0.5501377556726288,0.3858759584783633,0.32117468552872885,0.2632884656924084,0.4988584952105937,0.34402966281296166,0.14967061633504367,0.31241378512599677,0.2599551268449476,0.27804940546464024,0.10999392773923325,0.24014987326996992,0.4412692256438327,0.3517013225850408,0.4976119102460599,0.3567788243626523,0.26985533741404905,0.34155715809146003,0.7327413610820944,0.31970507205223525,0.28003753756308547,0.31347914872901533,0.1295872924653376,0.14855001513129915,0.25967395190320064,0.36022951853270657,0.3503428577268496,0.18928147216565092,0.7819059387043008,0.19973234477012536,0.340264550018717,0.48475060132538256,0.2443863247979035,0.10320849197295962,0.35103098320419435,0.16844451803297952,0.6808726059521705,0.25712299237013053,0.2787479288787008,0.441626220765225,0.44678990859406514,0.5646365610680409,0.278483305326697,0.3385608183031137,0.36132271752579065,0.0950058902586298,0.339625808408144,0.5295961798583547,0.40062732171043935,0.3056029614611696,0.32343067335807824,0.3237487762478896,0.1990057684427696,0.8325546111576395,0.6129550980494397,0.3294955962564536,0.4486569396429502,0.5295961798583547,0.34297811440059195,0.4038638323315478,0.2615293297322795,0.34782890402351385,0.32307711787270726,0.760706172085869,0.2571279476849975,0.36710078908131716,0.746905484525593,0.520340840039077,0.5843166095198948,0.7287552987457778,0.5982005560840505,0.21476117754043492,0.24108836086937513,0.3921726655209353,0.2911903347821936,0.5663478880503688,0.03261651348356803,0.35189846521630025,0.09174865487248657,0.4486287175998148,0.44110696397554755,0.33049236590896763,0.576965522948543,0.25941052388794483,0.4431480863086019,0.3968457703633085,0.2811140767755213,0.45029261762208134,0.23836312043619182,0.6277018275646891,0.7074885730899034,0.23125475523312766,0.6660702748822251,0.2443013848871303,0.07399950326588742,0.33990536117616593,0.6503834125818277,0.6854174442742639,0.5887311202098844,0.4599654668492914,0.10027365114027803,0.5447605140884219,0.30549909291475846,0.3142607224805174,0.33102321646692145,0.3098299909643116,0.4518425406822151,0.3772724748848722,0.5828109840958499,0.4755843710861994,0.5248604856323072,0.7444056770345808,0.791723871562925,0.766414745156001,0.1108281668014413,0.7501438397550833
BFA,0.28032685414498454,0.45330290527689043,0.3961532496343333,0.6258679768418866,0.34495667181458084,0.40146888955308613,0.2905344230357675,0.295412296539324,0.3479728159008229,0.3558876356721455,0.27278219434922885,0.3298893394096515,0.0,0.27579430284678785,0.48353915516378876,0.4537607482780815,0.3568741684452591,0.2338876860855174,0.2588445518260176,0.2721196409456964,0.3760466627817202,0.3912708775027106,0.3451964536462217,0.29892297636661763,0.4469234710800241,0.45746242475718324,0.5735338987569366,0.2704263856729184,0.3071609092485847,0.47162053453834857,0.3965007853588904,0.5188766113304394,0.2668072350737093,0.2853994714316855,0.4371540811929047,0.2671176361453887,0.4197759917074422,0.3199822708832593,0.36731769709578876,0.29265886750793335,0.5021288630480335,0.5477119901708135,0.2645220441782882,0.3763241052887038,0.32463756121780246,0.4920775824290942,0.7875077664434823,0.5994488851669467,0.3727745238011963,0.5466844219455637,0.5227533355404941,0.3899629533705797,0.40481795934890885,0.355112855032674,0.3459175793060889,0.31219179426250426,0.23161078297388032,0.2816773539139991,0.32995236222724333,0.4445282934742869,0.3354731791916984,0.26721974464172854,0.3774930182584473,0.31615569291118906,0.2805373343747597,0.20549094349041153,0.39521983527628496,0.4366082142545867,0.29673599145158736,0.35963055949693246,0.2573162069990733,0.3723513800350487,0.262583956496213,0.51551598589759,0.11614818410760874,0.3910825193576468,0.26280169495952943,0.3317530976671618,0.3858464450611403,0.37544312818827713,0.2434958414455973,0.40745247192001693,0.2785047425224997,0.24266610423132837,0.2982732523498042,0.30554888524901863,0.38414729238131934,0.4916791685896088,0.4241533471500347,0.643294563970897,0.26238131339724285,0.22174092693783035,0.3173922681700326,0.7109490228560421,0.2891284699694704,0.3362943215540225,0.29048217112106905,0.3430890833455717,0.3122627809208646,0.3385078049137242,0.33623444031808514,0.4097628473773301,0.28862408508336573,0.8260421137878577,0.375180084226419,0.19378214298441238,0.4653343564842607,0.3419533892770345,0.26249933181847446,0.3561501378623645,0.340375028493729,0.6451099797985604,0.323412714499832,0.21908466826065776,0.44305200102811343,0.32001173446267145,0.4526671511480429,0.3684206617825086,0.15824634117985373,0.4240154668101002,0.3268651758217575,0.21125672554889557,0.543339601916353,0.3765967659396878,0.44438413392082754,0.38319410945486887,0.18860935313568375,0.21369882341300597,0.8325546111576441,0.6328260582272177,0.2812237366970019,0.4794684420702797,0.543339601916353,0.2220557867913504,0.46039317883709024,0.2731120776501133,0.18648323015037352,0.35675840358097327,0.743162290366436,0.2564647569263174,0.16995998819143332,0.7583924574867102,0.48138660500415664,0.4676327024786164,0.7432108521502805,0.5695858810247495,0.37804993877264176,0.30400728952694933,0.25762829222548006,0.3091185624904967,0.7030753340055959,0.31699888383321784,0.4155695059209249,0.3043560309132789,0.5978264264164099,0.49956579112137767,0.2723852159121761,0.7210666639643063,0.2842077460425154,0.6089584373264367,0.44090122372185997,0.187080011471876,0.47547770238396647,0.253242020371882,0.5270310406866856,0.7229282953713242,0.3883825546226928,0.5359032397614928,0.35580334275802017,0.3614094828869496,0.1801681498044026,0.521931357582605,0.5717460671413636,0.5861707982719246,0.3388370046754255,0.2962018081963987,0.4171375016322363,0.15763749769813348,0.2716383254385027,0.2961325523571226,0.3098393867731909,0.46144336347617765,0.23547951010642837,0.4138206126429718,0.3605421737213039,0.5760288727880234,0.7475210413759954,0.6722745098660949,0.7439682519095728,0.32943574124097064,0.7531789989677911
BGD,0.41686651062963576,0.5276027965822644,0.4464176997867497,0.6962119430112201,0.3960707154295698,0.4717129515802227,0.27910058594702974,0.2849778785759745,0.3709290752836083,0.49240726588147143,0.25231023254235546,0.3710649230288459,0.27579430284678785,0.0,0.48404210522406504,0.5181574969351288,0.3791331743913313,0.32286292339146727,0.3802339409618368,0.3454421369101179,0.3089234084718612,0.4572443836071562,0.31473344552692195,0.31068484203774605,0.3974528052761596,0.36737293148499295,0.7374932510779406,0.24821110011599984,0.3326802350120487,0.5772595142576972,0.4486653130874267,0.5684574659924367,0.3496108024109319,0.3305978980608804,0.45079048025538776,0.2972273340721203,0.43369480824693374,0.3385535176848245,0.4113464758224037,0.32012541379779835,0.6097591121948623,0.5400689414892392,0.3411621711247669,0.440732111107727,0.4410783375693604,0.5188916519701653,0.790179995915858,0.5432298737779911,0.422167466461878,0.6889071693149474,0.49668533216228555,0.3508815449281564,0.3570705728049079,0.4176595087207955,0.3400342868681707,0.38925603255805297,0.3801842039942102,0.2867771242261477,0.38141062403592396,0.40423267213700226,0.37616410235785286,0.26885856635242905,0.53500235315264,0.2832893496533015,0.11799817507154062,0.3387828525029239,0.4050350797472343,0.5504161007581428,0.34999755967179585,0.42116381484542387,0.24120043541345945,0.402281671826096,0.3000125637154225,0.5495675934983311,0.2314838498646159,0.3897986129423581,0.2065616418543952,0.18561915374658325,0.48871026813287816,0.33684071539098326,0.3225182246082143,0.4747177572761103,0.3867981520798509,0.38358998279410006,0.3386512763348858,0.3583808894997111,0.5045697928753802,0.5117608037718955,0.5551046172114864,0.6898381107121577,0.30637156781112285,0.3737798445886586,0.38623102943718235,0.7014706004474299,0.37251269608231263,0.447548819823312,0.3758756866176531,0.36253697435878635,0.37510952377143014,0.407779444290068,0.36134500352926513,0.3083529950273177,0.352760697320797,0.8314682873019513,0.48287636267927453,0.32332943773588046,0.5165452773522733,0.4499404384972168,0.2990365725716304,0.5122753977657187,0.4076826777436677,0.755717986037762,0.46176614513196396,0.38418242395979785,0.4093892352591318,0.1780286176190547,0.3792761760674609,0.487780948728612,0.20539773672745643,0.3715265430799948,0.4011357884300155,0.33266777458621527,0.549270389378588,0.39262303315402,0.526848656742054,0.30181117617337366,0.28262394525584544,0.2315523095823192,0.8325546111576223,0.579866383797034,0.3624152419656446,0.33579775141714835,0.549270389378588,0.32413829512866865,0.3464922212368096,0.18411475290090856,0.28734926969141067,0.5077420745841617,0.7919620623397877,0.3933445788602082,0.27759332492722333,0.715221067158326,0.4822248251114361,0.4667999844090683,0.691843944670536,0.7240615453677189,0.45442976124469076,0.3560942489412455,0.3026169042892385,0.4323884634642896,0.7656331210552111,0.3513894330570683,0.3110467565344916,0.3169577515930043,0.6501490888848102,0.6369440654515117,0.4310435749388991,0.7568324331790993,0.3378961624666068,0.6650932650127392,0.41764334998666325,0.3377846526751599,0.49666104254836685,0.2970784292404279,0.5028211257908238,0.6634920086858551,0.4402725978872588,0.5021327399041713,0.4455130035874213,0.4188039392473213,0.17840017755775758,0.4973381285773448,0.5736216494127205,0.7323429513546493,0.350891463429102,0.33749145886124915,0.4266072680320942,0.3197665856776538,0.32609641483204616,0.3990591384312555,0.46714187911071386,0.48373465415053757,0.1267948668599436,0.43953772290412546,0.22005671435054955,0.7356169812942828,0.7196072647853551,0.6653994649467061,0.8109790476925647,0.3394836824019464,0.7266394479303752
BGR,0.486076950917583,0.5554977842770775,0.31784996147956035,0.6090323544635228,0.24578694790598407,0.41004628156956735,0.2779751705658818,0.304512543415313,0.20214304577522743,0.641602941211782,0.30352254413044694,0.5227431168116548,0.48353915516378876,0.48404210522406504,0.0,0.44663700254083166,0.2078529201512263,0.35158556012009984,0.46594831831056305,0.30787201618751264,0.557853792621508,0.44997541423571785,0.5797059893523809,0.5179171008801599,0.2467642405451695,0.6608055678809858,0.7301014693587377,0.3715655344522133,0.5169389850785714,0.6154966216093534,0.3921711377381558,0.5483830041632937,0.33320716762551894,0.5369131390384312,0.660471611841501,0.47378285265746595,0.13865810915661922,0.5366596059169253,0.2352679470069358,0.2632662385550098,0.6135688617171802,0.3284052811159976,0.32120430569223213,0.5088976844630232,0.5540056951217273,0.29612296745540784,0.793979401811746,0.7386701537675968,0.26763381320037594,0.6584620061778195,0.22319887856443205,0.6216308890872282,0.5534490284701007,0.4980282536302954,0.197122894312391,0.3298356000231769,0.5647941608018687,0.5010831852303823,0.5044719076684862,0.6621982806372047,0.5935884714855466,0.29400652311086156,0.6102065021885958,0.5464537615520495,0.5351549233566386,0.47445611876067423,0.14466512744094628,0.6821743045680061,0.26681326325232896,0.4180887605733302,0.32120465025510797,0.20683478549667278,0.4267329795367997,0.3828524631877797,0.47145365122884053,0.37555553303918204,0.32983185033298223,0.5744448544037495,0.599908273155637,0.23730146721036446,0.33129243522366303,0.5350003256097652,0.4138955847376713,0.5468901066773943,0.3149846056272623,0.4820680200082938,0.5493846355473527,0.23011658037185437,0.6144655389494338,0.6012705962289424,0.4083671263780937,0.5205218149505865,0.30415096420430193,0.7402156257594033,0.3400874872086844,0.4748254689678757,0.34663390442917413,0.5635497676394479,0.4659671812784657,0.3554019766195047,0.2424037111583138,0.6047429459153109,0.4419492856764955,0.8064831837097806,0.5404783717994899,0.41190311983606337,0.6992090464349586,0.5521139555288518,0.5091643327561534,0.6193685877523608,0.46782224573931885,0.7709687810301727,0.5605844129257127,0.5500366271846231,0.6674682723782946,0.3619898702412927,0.25727526831291075,0.5740595542089489,0.4717002631723939,0.6464958586030364,0.5078042942083163,0.40398377708322625,0.22744486958816126,0.16643775602094205,0.5029381929494399,0.6252186500035993,0.38824892255159965,0.5100168621165896,0.8271097700190312,0.7048952805230746,0.33028799340204257,0.6633084100216298,0.22744486958816126,0.37589403522056625,0.6345439855942399,0.5480400971376572,0.39108247812150954,0.5788585783995466,0.8051378044279979,0.5422833283202229,0.4103440751047866,0.8012886808194436,0.004509122678664067,0.2776008448020434,0.7937625407429992,0.7344151356147933,0.5870518215604179,0.36759983608818747,0.30036085096223486,0.6082061421017778,0.6849666576811162,0.5181042289073425,0.6115224830321002,0.5233422810549316,0.5659881013487528,0.6509571457327848,0.5969211238596382,0.6555307435157424,0.37718475466261453,0.5788826103180087,0.6615471370195396,0.548185319186006,0.199027661228497,0.3811765919477658,0.2180995344837239,0.7853589776599976,0.5969729556586165,0.3412365200799753,0.4295545964850435,0.5221228324400853,0.4495556588068887,0.4979841569971948,0.6064629058577187,0.7229739178635578,0.23190171812483423,0.4904146123587987,0.30896215883751027,0.46032525102385174,0.3751198160762336,0.6161232895325508,0.5810990422533125,0.19126038975748932,0.4063261232479334,0.43113896658113326,0.4023808090570761,0.6930865852425553,0.8003703923168581,0.3824217303836436,0.8063943304526574,0.5530833682402987,0.80248787657127
BHR,0.3891978548338522,0.2938073664147951,0.29470085032868226,0.3326836525600527,0.4105534412438167,0.2119942395329272,0.48475211167314436,0.4923232675444279,0.37034547181659866,0.5635981338318868,0.425286149736781,0.36121464111530743,0.4537607482780815,0.5181574969351288,0.44663700254083166,0.0,0.3208143736954295,0.42114414564059155,0.3914486561410855,0.4147062304106178,0.5447584913149222,0.17120317280593708,0.499805973387887,0.4050621998997164,0.5598885080088613,0.6166940463158719,0.6603600994191067,0.43620134250396714,0.3840028862201832,0.4415887162039029,0.1401123680632438,0.21774096478847976,0.399266424018124,0.4218161959557263,0.5894394436897881,0.3676720036448603,0.351527312185663,0.4115043357989272,0.40162383508175054,0.46939011081354415,0.4110096693307547,0.5836775484383135,0.40714969995877004,0.26602046638282434,0.4214582862811917,0.23044570127440953,0.8031623986179179,0.7070940626969787,0.36137520620382596,0.5054753246221937,0.5815840334975778,0.5531502861536282,0.5611903051895021,0.2685610930310757,0.4440082273182138,0.3750880143903021,0.4908632859871653,0.4095916006343426,0.31851565503527907,0.6049483084333914,0.49865494537337757,0.4720757635074546,0.5064150026431701,0.4726619704102145,0.528518536688795,0.43125266222945896,0.40046843362226636,0.6217589993921625,0.433839361824877,0.1795330766415813,0.41522851756997137,0.4675562477453078,0.39765410805238915,0.18611450676018587,0.45992908445538677,0.5043583586823481,0.46141197498342906,0.5478927314670741,0.46864998546237846,0.4992289669653533,0.42545173352940674,0.29249721864388967,0.35786693294754823,0.46571054446611776,0.28479119244609935,0.30522108865658665,0.38316632810329027,0.29261964296011356,0.5008067283919266,0.2732418170103555,0.3782848786406063,0.44061533418840904,0.385205356882118,0.7544173442221094,0.387863079617433,0.3771081353343671,0.3839845663569403,0.44331076544175013,0.2621980365693531,0.2785552619373757,0.31246951568307196,0.5769065359957563,0.26186678770691724,0.7730475812665606,0.35758144966987887,0.41436907635242154,0.6450831994426409,0.434359554296924,0.3961736503727884,0.5290205644364561,0.22486859769507792,0.7337454506760331,0.44428778718321454,0.47319553289195687,0.6243327617636968,0.5179705591647716,0.5673260064797678,0.4558780178601875,0.4769577186630025,0.5883786289025604,0.3203686518911376,0.4090566841233039,0.4391060544793597,0.35781654968153365,0.25732452342020157,0.5747233428634962,0.43854859058885104,0.4466306135355782,0.8325546111576417,0.7100888115587872,0.39779878099664195,0.6366610679504852,0.4391060544793597,0.42171599585520436,0.612928181971985,0.5068376716906394,0.440930270611765,0.4674738094315217,0.7884587638739369,0.455270999223007,0.44485833214497666,0.7933676294395549,0.4438513727067189,0.509759866921484,0.784560833630066,0.6718460832631175,0.4480902605490213,0.24236428616714947,0.45656787696839574,0.5268507399155677,0.5249685662464395,0.36976913706995584,0.5819676679371393,0.407468629884985,0.21618709285769838,0.5403035328236957,0.5229262147342698,0.3667398674733417,0.25663943873483047,0.24617544547749876,0.5999923980323107,0.4868025127602786,0.37647319859474465,0.3047618923271204,0.5825402276764351,0.7734399069555361,0.4689561602830953,0.6133668835726983,0.29735540304652996,0.31746723413039424,0.48032408042458885,0.6140829387109605,0.6557269623991344,0.6484094923911083,0.49055650019841013,0.33960161681313,0.47507084625169615,0.42965278945619634,0.30266227878500573,0.5537685826345562,0.4883196797215405,0.4021958256632598,0.4921786354595972,0.517992273015916,0.5361036157137852,0.5782154325792384,0.7887009645141935,0.6950985253063521,0.7874876266955452,0.4390436195812254,0.7916309525224839
BIH,0.3519240487534039,0.42693347630749895,0.19395928159920606,0.5226197946816854,0.17917370121469184,0.26646283654150843,0.2355084367168523,0.26184849880731226,0.09341284072315195,0.5471504943546763,0.17903235214014185,0.37409063853696156,0.3568741684452591,0.3791331743913313,0.2078529201512263,0.3208143736954295,0.0,0.23699513221058327,0.3257142903970347,0.2051688019545825,0.45332823680243445,0.2953742366499944,0.4594554905868559,0.3709778707035581,0.31865918190184683,0.5778313854775156,0.6776418436528274,0.24484109710010285,0.36755119046416324,0.509595292869597,0.23556555601867285,0.4322059121649672,0.21152222705522816,0.39764549914404956,0.5740320603848206,0.3148715160762467,0.10041137406134494,0.3949995204995995,0.1806171361560356,0.22355832401163775,0.508848573909536,0.3983043231576832,0.20482650016413606,0.3585293162029664,0.4259087763669915,0.23671506281006152,0.7866245006220385,0.690217646196946,0.17567401468841565,0.5746117730937884,0.3511236327683982,0.5191669380863695,0.46123360261288593,0.34251891862022577,0.1588018839392967,0.2092881516509848,0.4438822582246183,0.3525894435850055,0.3490890635783783,0.5776908648328071,0.4780987621038164,0.22804508866152917,0.509914919707225,0.4158404436559718,0.4307492230225272,0.34306670002441236,0.12563804149255312,0.6098612676836802,0.19503985892608783,0.25106917029637893,0.18370092168761265,0.22080057573394127,0.2848214809951644,0.2985574731618555,0.3517736964671782,0.32243794709825485,0.2266133744561015,0.46783118547965774,0.48686200302788296,0.2296758066234,0.22532955013735895,0.3950653597665027,0.2726591486812537,0.4189289733520225,0.11990405246114749,0.3192069019928941,0.4227860625646071,0.2158181776358337,0.5135683521106497,0.527382212557833,0.26200002776510023,0.38700047661331843,0.19641334761480994,0.7155761785026703,0.21911314304601184,0.3429608037468623,0.22261829678010422,0.43267832968382286,0.2988370202448074,0.19480606368903947,0.046564017686559774,0.506929346513868,0.2683497983883329,0.7938194601776697,0.4070808964799567,0.2838596556143609,0.6281598494336598,0.42302764520410224,0.3597045216009063,0.5202900701101816,0.30407342087993405,0.7380315073553286,0.43971651985462185,0.4266705838866064,0.5912418114911518,0.3000096415735748,0.32436098436726857,0.45523401115010514,0.35445113726782757,0.5554326573138522,0.355960966266439,0.27552802711328245,0.3000545089287343,0.06521942071109237,0.3716933692165485,0.5277229149005273,0.26964193987469154,0.37203461690899997,0.8292194623849277,0.6586822962338887,0.21514678335244183,0.5890242249304339,0.3000545089287343,0.2566219847605313,0.5490928502632512,0.4274118344890579,0.2750600902000213,0.4687035687802127,0.789365553041433,0.4125490129858147,0.2943401024932865,0.7841821954303593,0.20422866595490935,0.30299379940859333,0.7731983702204293,0.6836808378212311,0.4667932382762633,0.17988687883280013,0.22808835535692132,0.49849838155344744,0.6247311841626938,0.36815645844051137,0.5152267808677101,0.3778558845354179,0.478217881125553,0.5679755804821833,0.49256742264230047,0.600418996994997,0.19054905187557813,0.49091020394331686,0.5762987758913427,0.42418266855180237,0.20920743869134628,0.1966453145398049,0.35138453633277644,0.7605566101974458,0.4802419908205479,0.3985371977859744,0.2815107044715671,0.3739956484727242,0.3354292164301011,0.47237972029580466,0.5700201801996284,0.6695728074225591,0.2399139003696246,0.3309785123364769,0.28030148690695916,0.3302658042717637,0.20278263909521266,0.5149244496068052,0.4713765882185854,0.20868375214980098,0.3073870940325262,0.3821710128028293,0.3357497056976479,0.6249452739764598,0.7823288382491751,0.521430825068779,0.7914281218512728,0.41857851818011566,0.7856223206310209
BLR,0.2236289286272276,0.4210814102150984,0.2718930370057296,0.57279943429333,0.17831233900166255,0.3402638230355902,0.20264210749089415,0.22196874335672978,0.2109686639179461,0.39521437182895736,0.20918184931379277,0.3313840033730751,0.2338876860855174,0.32286292339146727,0.35158556012009984,0.42114414564059155,0.23699513221058327,0.0,0.1845841431860998,0.08602206137367642,0.43401758707036714,0.3410932637864561,0.37704815414769405,0.3228578861873066,0.36757204352952716,0.49936943988106036,0.572261377967067,0.26863430750627865,0.32194068210595017,0.44062865577465765,0.32822641406325864,0.49156422791444737,0.09302076269161345,0.3022269623165831,0.4633742005492709,0.30076983680363634,0.28856286137798615,0.33438416016032163,0.18323436290897427,0.16242919872611888,0.46328243820300524,0.47581911462151605,0.09282552221974741,0.35838232511688156,0.3060037461135006,0.37871532693122534,0.7955518765661679,0.6281899429070188,0.19579141888505683,0.5048607858557653,0.4315993059745682,0.4235413955929278,0.46427584559222057,0.342369556664176,0.229990482123434,0.13293783433459896,0.28688752655476935,0.31817211835783826,0.32724756139786837,0.4805272866672299,0.3574248911978237,0.17692217937984425,0.3577552480305999,0.35533005284669283,0.36255250260654964,0.1612058808630916,0.26594996142079674,0.48531112647894503,0.13457141060314823,0.3056117162799317,0.20039276284361232,0.22546329755551497,0.3146507169043555,0.42504903795186977,0.25000276478046596,0.3885474431589381,0.21597157560221986,0.40209225356877215,0.3734332608294475,0.3013085330878872,0.042254787696864436,0.38324248896090407,0.20289321056584397,0.268463839050832,0.2031754367608882,0.3105449310009476,0.3387773636134404,0.36749257393106705,0.38259925731393113,0.6101790317425463,0.3033428476519834,0.24321613301747655,0.125862671615589,0.7302998923707776,0.09967439445441695,0.24114962106142568,0.1087950820635386,0.35428506678677185,0.31096730052577615,0.22212046669471638,0.22953195875360594,0.46110417720676317,0.29324083076149215,0.7966324684623775,0.33827960208437535,0.1576628060553918,0.5151401189883789,0.31075613107146793,0.2846436124281322,0.3630734000344863,0.32842496899712337,0.6663095531072953,0.29766721101040416,0.2653117041055674,0.4964121310233535,0.2963338029519466,0.3816754173235887,0.3306704169420252,0.23874984806918725,0.4612229453583982,0.31165388495053303,0.15299058654361128,0.42823264019158985,0.24839116415129814,0.40993841577239765,0.4345716445840412,0.07655273587611258,0.2571575088472652,0.8325546111576231,0.6619498527318256,0.08093355429843284,0.5281604818335057,0.42823264019158985,0.1095449113567423,0.5086924505563424,0.3418246929016743,0.12979606984118267,0.32418469603714695,0.7549542792364674,0.2667117228417687,0.1873066970761225,0.7682948156570412,0.3492235553361035,0.3953910378107954,0.7549752192422927,0.5796494170241129,0.36928370040395386,0.238453048371059,0.10963873501561992,0.34361959310152324,0.6443941225312809,0.32485945454811826,0.4659380323319357,0.32587316694267315,0.5605474417873763,0.45044567593206536,0.33238118833008373,0.6873186754884116,0.25289390412324564,0.5622958232787859,0.4742499025750298,0.27616184391905657,0.34484882464964817,0.2172446328970739,0.43523698578649644,0.7370620392229168,0.38655152183418706,0.48566170952065507,0.2594004492845076,0.34892965976764223,0.22061368416759658,0.5316799986218703,0.6120443423902359,0.5648030792879892,0.2158406619841423,0.30890320828823087,0.37152263228100857,0.16383721974424767,0.27120916041072907,0.37379463989662165,0.30621049258096855,0.3258453030828263,0.2356446042624263,0.44398411303023155,0.3588680107669404,0.5375937387497275,0.7584030970305363,0.5922477001471171,0.7546842284893921,0.34622588761277967,0.7633465253101973
BOL,0.12362550254408042,0.30584315120784816,0.292896252505292,0.48793728657183066,0.268966500473173,0.30754409557121515,0.3452570042104229,0.36951160224731894,0.30545898617739287,0.3138640546387003,0.326258217463739,0.2360509338942188,0.2588445518260176,0.3802339409618368,0.46594831831056305,0.3914486561410855,0.3257142903970347,0.1845841431860998,0.0,0.20631530207755866,0.4592228992275745,0.2698602574592026,0.32349172680315463,0.264516444603744,0.4960655694534188,0.4719697516308377,0.5057943491756517,0.3616958731698348,0.24811348984686066,0.30928575001352276,0.30244904713661314,0.422992965513741,0.16798027621258127,0.2031734971821759,0.3984074981732939,0.2740630149071202,0.39242668222070776,0.25420837162390597,0.28934718146676097,0.3184562231574841,0.33551371385624296,0.5951298076632865,0.18653190195500696,0.2574481483760646,0.1489578713897155,0.4073125115724508,0.8066996268708244,0.6018658319480908,0.26792210156457463,0.38599066102350715,0.5568353858134925,0.3715887840673476,0.5063814193692312,0.2479584914272306,0.35948661581265584,0.17894234333758005,0.2204537241568646,0.2879289026825767,0.23515352716539153,0.4347939517204594,0.26386256313094586,0.3154046879093429,0.23525195847883684,0.3217938891934389,0.3879534159604541,0.09273543828264455,0.37125266905983917,0.4234424013564127,0.26082399702548725,0.2535983048558031,0.30754200522855946,0.34924604434118794,0.3583258760633209,0.417182340619799,0.29585893127386764,0.4978151281170046,0.3376530123526138,0.4072738596972674,0.23729244407724245,0.4415531581731524,0.20536493220797397,0.26967576736034604,0.189879852078831,0.19597342266312112,0.23945480326850432,0.23814223043817123,0.1808153394213075,0.41943916831904066,0.26440041232949724,0.558451584760789,0.35055610819960265,0.17976071069221092,0.20743561055714368,0.7523474389302189,0.1664438775433595,0.12520650878163672,0.1576969119649174,0.26328895398767876,0.24319385937288007,0.191049834232528,0.3143659039038939,0.46394531649092646,0.24997178183476382,0.7741827279314303,0.18608100904948577,0.2160084250743972,0.4613578893808625,0.19688670028089877,0.20748909291352605,0.26393260390339374,0.25434951236851483,0.6303950155755819,0.14152304925043516,0.1935471360605786,0.45886703053007505,0.4177439925698216,0.5160971491128624,0.2076865573834005,0.2814046990545556,0.417694725439846,0.19067133690027693,0.2106970583650316,0.4942956411956768,0.34648947480252634,0.33107619583650966,0.40221385717413555,0.19279414417126867,0.21544464795452953,0.8320212995881776,0.6819854176329142,0.17947147633644098,0.5145352683487795,0.4942956411956768,0.2058283456398791,0.5130051540432315,0.3341022104358822,0.22916626668162704,0.19765584759699312,0.73772184945933,0.18601053809221096,0.27119278166314426,0.7628188875676148,0.46364036116669743,0.517496888742245,0.7490141593281969,0.5195318867436063,0.23986159337911964,0.229539787838613,0.28332682373587165,0.2619316463658641,0.5671538755309578,0.2399215343947869,0.4656913966881096,0.2616737530102978,0.5045121420746728,0.34367726715574276,0.2553060757373421,0.6408917204517077,0.25798366583754234,0.4950014516935498,0.42254692985851755,0.23602716250357797,0.4045381749886249,0.2266841310833737,0.5617701443542009,0.7288166570438394,0.2738062373904009,0.6132730889364234,0.16233248519644852,0.2411903737454525,0.2824951440328333,0.6255402580018468,0.6735142112105763,0.49862095954144975,0.36852110323524345,0.2421160397619302,0.4838327157132887,0.1703087825468615,0.3048717970387093,0.31592616256476164,0.18770444604956815,0.39359837707070305,0.3366695942592855,0.5350615780820714,0.4660804199910269,0.4363183937431554,0.7476917066937675,0.7121370072367744,0.736328892258675,0.2666917404669445,0.7533806006249768
BRA,0.24228346882983642,0.4248004188838269,0.25656630665023605,0.5634174287041187,0.11892175016846808,0.3320838831693772,0.18202832236280828,0.2344117113336659,0.16451383770377925,0.4279785220346191,0.20231350661747244,0.3451274250523958,0.2721196409456964,0.3454421369101179,0.30787201618751264,0.4147062304106178,0.2051688019545825,0.08602206137367642,0.20631530207755866,0.0,0.44747065706697864,0.33980554400462815,0.3977408178583917,0.33942700783942165,0.3351747605529736,0.5189396245307138,0.5895248547006915,0.2753316935981054,0.3374686566120279,0.45049757282587066,0.3213549115073965,0.48874398253361895,0.06236437793781848,0.3247353518540591,0.48610837693873765,0.31401264038952215,0.2556708673348829,0.3514874660774173,0.1500860411012599,0.141045381448967,0.4688959041289326,0.4647071590549343,0.05862701431111654,0.3645418192881409,0.32704116028264874,0.34658229858652906,0.795651084889094,0.6422962210595989,0.17264526133683472,0.5112384796632141,0.39396670344741946,0.44552614647624056,0.4742602284785583,0.3494168822871759,0.19057655004603846,0.10606625514028319,0.32477495664181405,0.3339184060896143,0.3381642382016218,0.5023079969638915,0.38289138014773655,0.16217982660149718,0.3832685874138625,0.37408061241385976,0.3873024965372917,0.2022002336345994,0.21833724233114518,0.5125305724318863,0.08313203043601305,0.30428183517006074,0.1984887622736819,0.1716186038110201,0.3225534343442762,0.40106801642799866,0.2846393130208148,0.3873330630877712,0.2147310340390463,0.4242555145271004,0.3927354708526784,0.27707001576455614,0.07324555459384242,0.38944357008209773,0.20979744250349536,0.30211961314496527,0.19156237110385912,0.3209255804000881,0.349268290299377,0.32524019320673925,0.39934685022416255,0.6023543879532025,0.30975504275905397,0.27483224583331084,0.09918914923112988,0.7318276334048108,0.0896007963207099,0.24930880293022042,0.09458302578517806,0.37285667482118723,0.31839727526852657,0.20484144044789213,0.2081430457786917,0.4775575958373042,0.3002345068123662,0.7903111102027649,0.34893381565406045,0.19105742708942516,0.5405012396886912,0.32552865917644586,0.30543813262935493,0.39366922291140316,0.3332016341298428,0.6803389317706944,0.32150100888326283,0.3034330723401861,0.5197483662119735,0.29680121997711767,0.35119422791864946,0.3468053257045756,0.27598800470670715,0.48295759028237634,0.32391858873305085,0.1831052707880365,0.38273603241611026,0.20571356802839205,0.40431870093699174,0.4582922210538345,0.13591656812534875,0.28765446773424225,0.8325543875329993,0.6671323604785278,0.07434940700538725,0.5458149520393649,0.38273603241611026,0.14682264620086388,0.5235932489482321,0.367652497197044,0.17286230751775297,0.34576720061209915,0.7619365573185582,0.2971363004395274,0.22188467928113004,0.7724371343272948,0.3057041507054033,0.38468322947057865,0.7598031299192272,0.5981249258525233,0.3873336101301169,0.23696376762432228,0.13331876850351684,0.3777717105187566,0.6317154032259241,0.33942612484792106,0.48273582295476564,0.34268247689482173,0.5527548746515323,0.4627911101614861,0.3697320322657298,0.6783078957257578,0.25582643101495584,0.5541276278851339,0.49649392986345936,0.3152799952031637,0.2957385227523575,0.22451789513975223,0.3977928967026447,0.7430767134269866,0.40476397591601543,0.4637235438075929,0.2537506164683648,0.3587366080359297,0.2572982368767401,0.530559319498079,0.6129313213386844,0.5796696437707949,0.18919064523996398,0.321592726940407,0.3644943972462237,0.20925081022558595,0.274361584116943,0.4086941050645892,0.33859156839952864,0.274307975779588,0.2594558134435278,0.4433977232184553,0.35963539680124207,0.5459912478038367,0.7638493687023076,0.5674354807905438,0.7617614018698635,0.36477269340727314,0.7684259208454826
BRB,0.4730722421142924,0.5504166397231168,0.5093504065125658,0.6903213490439092,0.48196872036342703,0.5129810165200315,0.42038184194477135,0.42933429477038915,0.45510538975183557,0.5551399069965642,0.34280887037096797,0.3793508042494839,0.3760466627817202,0.3089234084718612,0.557853792621508,0.5447584913149222,0.45332823680243445,0.43401758707036714,0.4592228992275745,0.44747065706697864,0.0,0.4914302780621247,0.36719005164641577,0.28671698861128453,0.5017356547383358,0.5035063352955299,0.7493811652836986,0.29699889773724225,0.32299803283120904,0.6344169607977889,0.49261649303289956,0.5443271593431306,0.44666418773264194,0.3917687971119901,0.5889107928939835,0.26003085932238784,0.5085269657637367,0.35058467340693017,0.4939874229743763,0.44358449868996924,0.6514624367021881,0.6190496828260159,0.44258077489563563,0.4479739934857948,0.5036711735306075,0.5705512288025598,0.7560024620912981,0.6841823392378329,0.4976108782658745,0.7094040760701238,0.5665383424354067,0.4662699141767265,0.14408816099256724,0.4220145503447949,0.4334233330667852,0.4713321848886993,0.41065664838917737,0.22830707988432952,0.3815071344133716,0.553982985711689,0.4781929493781935,0.4109777637066772,0.5807889920093755,0.24743216911779037,0.34703496794910316,0.4395166116103139,0.4828571925453553,0.6321059706381497,0.4538556201276811,0.4624260620291173,0.3324442494302098,0.4948605876425212,0.2887498213780671,0.5889013486948821,0.3698556678161153,0.4332387424582787,0.3330999648921174,0.2727976681569724,0.5615402697036811,0.4151774058625437,0.43518381033107645,0.4924405882933851,0.4519718266305628,0.3994794552701329,0.41045931480298914,0.35166896316251134,0.5449775797791196,0.5692489828379206,0.572908741838389,0.6847823649663997,0.3138152675392902,0.40581938306999704,0.4716512086140211,0.5720858642749946,0.4609478351371689,0.5024289226959903,0.462332185507245,0.4160509128720329,0.3780245361945736,0.47551321689631415,0.4343268247468467,0.24211311015497014,0.36092239204015436,0.8236610866368499,0.5259544917324914,0.41910858030936027,0.6359567052415142,0.4430238335361292,0.33897571041583907,0.5509454862100238,0.41688857889588427,0.7749913041224472,0.5208967152583597,0.429784667218503,0.5582559163023044,0.3534418732822011,0.47907707989041187,0.49402969231261923,0.37670722966451015,0.5097453259236443,0.43737622377544755,0.4254260916859352,0.6059383478487149,0.4688350588830945,0.536879791231667,0.4358282622430287,0.4128937007616003,0.33890100145510027,0.832554611157644,0.4325988592018546,0.45595194672084144,0.49465637710277965,0.6059383478487149,0.43042823313088446,0.31515898485184735,0.27772381038074895,0.4127725102684922,0.5451327793196405,0.805233069962177,0.4068923061919189,0.4010465289513716,0.769622643451259,0.5561592407397294,0.5434990495416541,0.7538105326370869,0.7466548048261812,0.5303579164899271,0.4134028771941484,0.43109117686094733,0.4703550812497505,0.749137344225381,0.35061693969656677,0.274572470505516,0.3023615348833474,0.6521807407077252,0.6520869468752033,0.5057377636483114,0.7440157157394736,0.3826960276755672,0.6664792281700065,0.5653951078448284,0.3805495327139975,0.5585867173744835,0.3542255835338451,0.5725383395576967,0.7411685430551984,0.5292498088164521,0.5208029081701697,0.5006554167569183,0.43143913486755403,0.3710776453319971,0.4449745435874854,0.46124959880044425,0.7394349051753181,0.4672503171975664,0.32186512453999805,0.49599925622946933,0.4199732950811935,0.36180156997803714,0.4732791109083181,0.5307340888995096,0.5493255062654824,0.3499876011544059,0.4738670917932631,0.3127586107476893,0.7379976896392951,0.7814525872707185,0.7424341343893948,0.8111741352428996,0.372471024330228,0.7846449386478896
BTN,0.29312205464860536,0.1856537353985982,0.23999096424765984,0.3145502190989516,0.3502643056108941,0.17273829256772374,0.43863467418401053,0.45442534868500106,0.3250542995423969,0.46716765159808293,0.3833430179344209,0.23602825545631714,0.3912708775027106,0.4572443836071562,0.44997541423571785,0.17120317280593708,0.2953742366499944,0.3410932637864561,0.2698602574592026,0.33980554400462815,0.4914302780621247,0.0,0.39899684671333674,0.2970472513902559,0.5444358694160771,0.5420313126276333,0.6047402220601532,0.4039853846862163,0.2684938207828833,0.34020940381086373,0.09153108367670676,0.21112521525201874,0.31371269009963715,0.2999902033341645,0.5032642508375408,0.2799986693998445,0.35075345736344593,0.29503600581097444,0.3482515190294326,0.4201753571924647,0.31833065231740976,0.6105327949346,0.3264660077005211,0.1344102103133269,0.29421607045411946,0.2537406783994185,0.8058320618602797,0.6582516065922458,0.29907883991672723,0.42779277453164494,0.5851730976761659,0.4601845105587656,0.5274523815939662,0.13784093064548159,0.41055825482516467,0.2888130634502339,0.3882199550093391,0.31665312457693573,0.19162020412899905,0.5239265614723807,0.38780625966471227,0.41902461568783206,0.40343782945530565,0.37771041411151013,0.46855096412476493,0.322178426094026,0.3762666220244347,0.5456748467147995,0.37211720606455445,0.05507133597050565,0.36712446658120473,0.42660312351924645,0.36868651740464614,0.22314954069467044,0.4118046793662395,0.5187617506038831,0.41436336164408794,0.4737169637913551,0.353166449751604,0.48553297460212735,0.3504579886569114,0.16593351688161936,0.28966841755086087,0.3615994547323558,0.2150794222022542,0.18935813995665224,0.2549801220958274,0.30591334690589783,0.39940106224688954,0.34728020335848653,0.35468891250213447,0.34272323063187904,0.3086394292046655,0.7508710480988103,0.3011832852380604,0.26251973749686447,0.294238979608845,0.32706778313141294,0.15045263861421493,0.16977393835367238,0.28516318730280954,0.5091842514936885,0.1729387421585451,0.7644657415672527,0.22306746636784722,0.35424869164434897,0.5704247555243925,0.3205254858934988,0.27902916374685754,0.42932109203291124,0.10705164376461339,0.6976327352224786,0.3237541313142359,0.3718879005027973,0.5505940184579741,0.4813570066124206,0.556795150044083,0.344202939752042,0.40809230413748293,0.5038803542205236,0.18018864495012268,0.34727061800953474,0.44321798747384683,0.3328706630957041,0.18478914831821155,0.48850245442891627,0.3567707161979263,0.3418616854791855,0.8324816319041559,0.6868577021462828,0.31585931207592927,0.5727474193506219,0.44321798747384683,0.3510424245406298,0.5519256611521673,0.42074546881503083,0.372520591138204,0.36329556706878025,0.7706597065827886,0.34988920887759845,0.3931729082033322,0.7769237916137691,0.44711393265388527,0.5298401858611206,0.7650848435781356,0.6174589824766835,0.32864425212194287,0.15510962763954667,0.3995810023658443,0.4215383184831066,0.4924431954147717,0.2489798517720771,0.5129940431496223,0.29687722607291606,0.2812959471856558,0.45550218005687027,0.42525882709807555,0.44059461629433616,0.19633660584621493,0.2794575891499957,0.5171152907838995,0.39137644582862624,0.35807268434348494,0.22476801759107054,0.5886209931709783,0.7496371063007963,0.3557089572298197,0.6307233550477972,0.16587778720220855,0.1856038738113439,0.40756335121136383,0.632636084877681,0.6734755954145762,0.5923925646433231,0.4527591389266345,0.2271092478239205,0.49459377115114267,0.3487599607642254,0.27409226196056813,0.4588772363449612,0.3800125949078478,0.37611664505502196,0.4332195132381588,0.5482554384430934,0.5097160327130901,0.5117544029931204,0.76986583839542,0.7264532687098658,0.7706201079225032,0.3249849248079192,0.7740289256783626
BWA,0.37083444384076003,0.3681361047135301,0.4636024284235371,0.5868158753032484,0.44558835720012746,0.45773130716930793,0.43078688871851345,0.45151232998007274,0.4425246541179322,0.36070810667770314,0.40296132311507793,0.20191985596361556,0.3451964536462217,0.31473344552692195,0.5797059893523809,0.499805973387887,0.4594554905868559,0.37704815414769405,0.32349172680315463,0.3977408178583917,0.36719005164641577,0.39899684671333674,0.0,0.18084958766600792,0.5575788541198966,0.2708961961258618,0.6362497426517063,0.41504110926708454,0.18624000126029408,0.4228365114717442,0.4374693059226354,0.46522259711350566,0.38095339301570136,0.1589706631792899,0.34969127812064643,0.27857000795845444,0.5208970775918776,0.139639543228634,0.4642595902088567,0.43866368333401845,0.4591254916155689,0.6890925295347744,0.3841391783365699,0.3133829589087617,0.29617338902101287,0.5330239058295484,0.8283116175564189,0.5483085453588203,0.45441536197381716,0.5515480820895671,0.6389645694259481,0.1627068469404039,0.4683529364403226,0.3030870180952683,0.4619021088787648,0.40518401756513733,0.30873017653143986,0.23529479738640408,0.25091467452045485,0.3107933935747551,0.19099436261796465,0.40911672030714846,0.410156587127156,0.14539188320982233,0.3091353618888735,0.3117459704139491,0.49291342505219804,0.47072442366666206,0.4228937311180401,0.3883857760047467,0.38364718100326933,0.4871807280478226,0.4084424065523258,0.5367346325620493,0.3508751315633097,0.5756161365433395,0.3858039358103565,0.21000099782353895,0.3191617793548281,0.5131188058449927,0.3866477446708803,0.3166538330369256,0.39823391499985683,0.31701538610518093,0.38240468887077117,0.27359538082105034,0.3676507551761041,0.543568928039583,0.4235489323722162,0.6178926941440419,0.41524218484637965,0.33368787116268356,0.4176420053871017,0.7612300438239625,0.39436028801437556,0.3876248337134516,0.39154318887788475,0.11075532836198335,0.3120459637632358,0.3901324572310283,0.44644590579063315,0.2395059421769917,0.3301934563100597,0.8066748320322914,0.33961002960421055,0.383455372644207,0.45469263648855107,0.34434459096414555,0.17660151326356913,0.39274929913043877,0.33901170079663323,0.6988481676390633,0.3352505435235158,0.3236828683367301,0.3872625757044472,0.4221790902334338,0.5620564890848556,0.3687533119013612,0.3259840437471892,0.2445728952812248,0.26613561279747777,0.3879865312735278,0.5988988122270515,0.47549765357783913,0.4578856438403188,0.17288545611814143,0.3511196922631722,0.18324937426130802,0.8325546111576476,0.5755221592328953,0.39594409209317616,0.35463231044484617,0.5988988122270515,0.3863480995623629,0.2723756574334728,0.16984551513235596,0.3733758535927915,0.3998170878759582,0.7675970228737128,0.32417702136666593,0.3856995720485528,0.7209286513712866,0.5778697832099459,0.6169743220040861,0.6963826876331551,0.6329315337776104,0.26443568648021515,0.36901955482316795,0.41458222750859675,0.28864201466914435,0.6649827812314539,0.19471846121228395,0.22282590858658063,0.16678148791556602,0.5805780041203426,0.5123111260617038,0.34858351325074655,0.6832864045306003,0.3746266883586532,0.578326125962942,0.322029543034147,0.30660984856199913,0.536105875051933,0.3364545612768035,0.6465736469509179,0.6718154307228048,0.24342369980688042,0.6861498081856853,0.38676263930934723,0.2600102070337227,0.3226018356121464,0.6693032632673528,0.7204201103478081,0.6368615346279464,0.47742936644412043,0.24610865773011595,0.5811374035791909,0.3437334884938695,0.4030882147121567,0.31433629932778034,0.35953149197213663,0.5289325257582067,0.35155760546539194,0.6100942344006657,0.4495567697344331,0.6065590626442627,0.7302234997653413,0.8152752524423827,0.7788829807020227,0.09784663180600574,0.7367588587150199
CAF,0.3057944580274497,0.3153455684081386,0.37553641027416623,0.5227606935080602,0.38265304210366724,0.3597090234493116,0.39357083323702197,0.4142475755284997,0.3668090368245154,0.39496532796017847,0.33182202043978265,0.10440192146852034,0.29892297636661763,0.31068484203774605,0.5179171008801599,0.4050621998997164,0.3709778707035581,0.3228578861873066,0.264516444603744,0.33942700783942165,0.28671698861128453,0.2970472513902559,0.18084958766600792,0.0,0.5244721144032588,0.39365736315712313,0.627977926197128,0.3344776295114568,0.04126535513018056,0.40745551871040375,0.3344088871698694,0.38021201804262383,0.3184541208263954,0.13550260630632252,0.4206314417377866,0.12935710202848585,0.4425306608143857,0.07957285176523347,0.3975335107936926,0.39550894373623446,0.42910104381326103,0.6457026890356549,0.32422239411039,0.21104185567365627,0.26818963284662967,0.4513046732668652,0.7990762954184735,0.5983382348375468,0.3782205107311799,0.5190519699106981,0.5962562736766799,0.29977224436656036,0.3771119602565799,0.18768919100055695,0.4020752310679009,0.3335590749902419,0.26833427205998533,0.08418209759866509,0.12637012028067438,0.40891295433663855,0.25981333644384924,0.37025149901463245,0.39713866178747553,0.10013458905376356,0.317722434231541,0.271686391583348,0.42238685460110076,0.4996887781391272,0.36912167466748286,0.27966443896961257,0.3095348993798234,0.4378985222627328,0.30284485250864074,0.45491458066468093,0.3150491639844708,0.5062292906189967,0.3349583475775863,0.2510606632884616,0.32977027426817557,0.4565778396803655,0.3332058647285467,0.24686855103389993,0.32004151781945916,0.2551097225968096,0.2806078795349593,0.12842400863985917,0.3153923445624104,0.4664707882616013,0.3983474234119421,0.5539144771892972,0.31054650981757065,0.2651956181406192,0.3484078589058179,0.6958985834912339,0.3270730239833861,0.31970350092925426,0.3232027905889086,0.16597012237253345,0.17615522162907735,0.29722448303360177,0.3535637801148891,0.2773447433727445,0.19413564726088006,0.7946818574968294,0.28350738032897593,0.3249972577151225,0.5057341618330324,0.2695820125052752,0.08462634417355658,0.38522366999463,0.21471427218993006,0.7003666840090562,0.3079158163035476,0.28022338312982864,0.44623758850565476,0.39336109987415635,0.5268630520922243,0.3155362399645775,0.304016671168222,0.3639345998367193,0.17914842507233836,0.32721843117274707,0.5401231458762471,0.3955795514229437,0.3623169463776401,0.30690486673678147,0.30712278676433924,0.16262950906616067,0.8325546111576402,0.5606767598661716,0.3318049211023777,0.42889002150596117,0.5401231458762471,0.33101967164633417,0.34390112595406386,0.19286337113870455,0.32719062400249954,0.3651938646909078,0.7697274650852163,0.2570140263124898,0.33916678190215255,0.7459689353789205,0.5155945340853388,0.5608082547584747,0.7269896468599221,0.6303919728356796,0.2852785048926048,0.2572325458506358,0.36975896954915277,0.30734199344643054,0.6200400916024561,0.07269018726653967,0.28547533608633346,0.02173122582830557,0.5084732845421871,0.49099305335679694,0.3481406732657824,0.6301247282157058,0.2569879030116407,0.5102974483652792,0.41190290768517407,0.26061155513249434,0.46560299950376416,0.2230129976555323,0.6029768726510397,0.7065743564752813,0.29146858671896214,0.6237212586108977,0.29938813820478627,0.17206690244873735,0.30291099523712167,0.5952205757132699,0.6306241589819799,0.62471136484166,0.4365150341217255,0.08909366423171114,0.5165713125656877,0.2962448168069748,0.2914212185629822,0.3351994224307721,0.3462043989516978,0.4618633748619142,0.32942064573339114,0.5432100059150388,0.411376469285884,0.5790921655794098,0.7481316402003233,0.7767859112524073,0.776647817309563,0.12161743756271831,0.753584742575937
CAN,0.5179150049099898,0.6355376881723227,0.43761062315165583,0.7241255048345225,0.2896193368024605,0.5150748194973735,0.21381383264744533,0.27107771587330465,0.27153030493727365,0.628046228915635,0.2933475157387987,0.5551735924240805,0.4469234710800241,0.3974528052761596,0.2467642405451695,0.5598885080088613,0.31865918190184683,0.36757204352952716,0.4960655694534188,0.3351747605529736,0.5017356547383358,0.5444358694160771,0.5575788541198966,0.5244721144032588,0.0,0.6077525256247418,0.7640422361212054,0.350919798577536,0.5347376399213203,0.6789439324201672,0.5013483131419392,0.6431094262237557,0.36201559941948597,0.5434920778288369,0.6414108360324471,0.4873180114895964,0.3106915030519112,0.5483875663235308,0.3285100276443567,0.2492843072741588,0.6925399493796836,0.3784829836660365,0.34109590852769983,0.575827363192711,0.5856546880037653,0.4470321054121361,0.7891837056928002,0.7003822025099979,0.37322242517223236,0.7357222651529529,0.12722220142854637,0.5899388211082194,0.496936661068289,0.560128541299153,0.19154242221322143,0.39310764124412856,0.5453190421765424,0.4995696104695114,0.5490586683718662,0.6247359327018945,0.5856301695002936,0.23549097838283342,0.6331317130038212,0.5240590566353263,0.4520370647789161,0.4767794601206875,0.22512647949403372,0.6640134569185461,0.2762781277782803,0.5093518414699936,0.31407329591716215,0.22053168810773513,0.42829639126522445,0.5108957089738798,0.4205422752793698,0.362729355603393,0.2770535080756652,0.5000014341967853,0.630532090122196,0.18201321682283875,0.34671371731088957,0.6040536608325323,0.4584940007108452,0.5381506976899525,0.39108491056337674,0.5251452459686019,0.6092914680627584,0.3918209853231042,0.6437407536260119,0.7139750920960178,0.42049889781619515,0.5182669493535751,0.3700015121557405,0.7209303187724138,0.3903865519779268,0.5277401911849948,0.39770875162277575,0.5721283292251812,0.5220580159217579,0.4432762286701536,0.34131979299995463,0.543013468291927,0.49538936861333654,0.8301019159436307,0.6014627600715448,0.41542308112956206,0.6665112456008025,0.5745637887452906,0.5164668503166687,0.6241246029470157,0.5369918570546031,0.7797974474903455,0.588229243223755,0.5379419709760699,0.6143073985773263,0.26897662383854515,0.126901099678558,0.5993551812290601,0.41748789515880486,0.6066554749032831,0.5578397808300524,0.41503119052768583,0.2968850758607102,0.2716619118095348,0.5944612185240248,0.5708741280348779,0.378393565690994,0.4851195010387361,0.8100113257309717,0.6618479459738597,0.3747052244495618,0.5926360646370096,0.2968850758607102,0.3885200763446995,0.5676848968663913,0.4906451036291373,0.38004438745878116,0.6057962313029603,0.8061343953572078,0.5403569045769621,0.38677215683968047,0.7823737513661599,0.24827247711821632,0.33830108894994515,0.7709587779605158,0.7586317758308508,0.6163354160644289,0.4451658631114168,0.2947832184759832,0.591489332828341,0.7750555938490098,0.5439636629491552,0.549560736484357,0.5308234994970272,0.6811244725613619,0.6927164145769044,0.579650039506533,0.7672275824916924,0.44226718072602306,0.6957814159953158,0.6296346178762074,0.5182422630250183,0.3011073407854304,0.42611522789263384,0.1389187306389778,0.758390390989043,0.6174452283659801,0.29669651654343265,0.5108096738613819,0.5747135047296651,0.3926596143725823,0.4671170427920833,0.5776624879254427,0.7561654412540842,0.21695360858951687,0.5208249056413102,0.35156700340009206,0.45215286190013726,0.4236381553145251,0.5792265171781168,0.590769485326218,0.2760294726564613,0.3320117941064293,0.4202259082576148,0.30980105086262455,0.7606141660581034,0.7838172899473094,0.41554591508201427,0.8145686989596795,0.5571392122904268,0.7869091230068218
CHE,0.5118882582791277,0.5024914150477293,0.5889310790408129,0.6843057546134657,0.5605337105004514,0.5883535677527028,0.5112370702172825,0.5260388689488904,0.5588643991334366,0.44890668129328337,0.5171832025891232,0.4031452599489294,0.45746242475718324,0.36737293148499295,0.6608055678809858,0.6166940463158719,0.5778313854775156,0.49936943988106036,0.4719697516308377,0.5189396245307138,0.5035063352955299,0.5420313126276333,0.2708961961258618,0.39365736315712313,0.6077525256247418,0.0,0.7070700855650202,0.5310953262979695,0.3972004532117995,0.506474426366309,0.5707074731792284,0.595414710745238,0.5104985075305749,0.3450255464796979,0.3017332675319274,0.4572613467513426,0.6222861130895282,0.3632267167721554,0.5780352305235877,0.5298454645766898,0.5502289541668577,0.7349047587727137,0.5097787081181011,0.4795138227801653,0.43794858085942884,0.6372394015223539,0.8325544938438075,0.4825692302609325,0.5768456352708826,0.6505286305043305,0.6923881305195487,0.14801246111527078,0.5811795177924227,0.4745875947091178,0.5603346593964357,0.5375123693257525,0.4436549074768635,0.4267629494930246,0.4391097213527048,0.17630069006168297,0.28958373009416416,0.4974890357338779,0.5190260328097807,0.36208105983630695,0.3507112903644277,0.44758493933605803,0.5953862984179064,0.5119814868955705,0.5328645393516739,0.5347520924982447,0.5040222735815711,0.5801331067401473,0.5397118277824356,0.6415729590798268,0.446659533594806,0.6538213205387031,0.48422769940737753,0.2856434703770609,0.4212011958462637,0.5945843402807154,0.5051250329488487,0.47297216664472347,0.5343857010389341,0.46236568026715,0.5236922978374038,0.45692967499833986,0.5078501793037149,0.6427184734128645,0.542613798108772,0.7008244989511795,0.545274171736492,0.47713852376887034,0.544612872656505,0.8245548395731487,0.5259543463718667,0.5293498587099853,0.5249228728157056,0.3153366906976399,0.4835000199925937,0.533067452308331,0.5690412174504467,0.3859614273990217,0.4956124744555231,0.8264525352398459,0.48445664845148434,0.504467408653567,0.43355500904514266,0.49938843250942705,0.37305628738581975,0.5006810417082308,0.5019247798935379,0.7376362096231911,0.469449553666462,0.4567750471348494,0.3728958702506876,0.4790959951599151,0.6103349453971412,0.5111251686748777,0.41690982123342235,0.09385445464655005,0.437676230747597,0.5107808588704601,0.6770947451092872,0.5865217911563666,0.5905386665386213,0.1396057583352773,0.4682138472002683,0.33850636050733435,0.8325546111576548,0.704579200400077,0.5240220106112204,0.28297480209305387,0.6770947451092872,0.505960415919621,0.3803160856209855,0.29463301531703584,0.4844608444339292,0.5237088901347405,0.7846641768229786,0.47178708054756635,0.4894688018175569,0.6707934218868891,0.6595838911912657,0.6838804326845509,0.6330099652775046,0.6957754079627108,0.3743927837025106,0.5181936030888431,0.5133741697855396,0.42732809827307977,0.7433000220729274,0.4013615624064871,0.3616342921997405,0.3844183282278486,0.6750059549280952,0.6085584882306496,0.4479798557259666,0.749143981724184,0.5230466588140967,0.6736328444057071,0.21849235926104638,0.4367079024051245,0.6348044831981037,0.490991068557317,0.699559730661757,0.6034137213852102,0.3206437678508583,0.7545302583260567,0.5334331296832511,0.43901268459413173,0.4101256265455057,0.7647046294952861,0.81373540568604,0.7012945744099923,0.5578209567755483,0.438198809339632,0.658829262793393,0.4694231851085051,0.5410463619866519,0.4081053019026253,0.4762225508859128,0.6277216013233934,0.4233068812088358,0.6803681558983798,0.5147883662811336,0.7015464963803062,0.7105215764495996,0.8304676610764743,0.8005752297215142,0.3298170769013188,0.71808492732428
CHL,0.522963545747215,0.5555132708303182,0.6377965403842976,0.6222463718186045,0.6227446227427101,0.6327220158535166,0.6727258947899813,0.6794946331921251,0.6617786505578389,0.403830416151739,0.697728117284137,0.5924092019708057,0.5735338987569366,0.7374932510779406,0.7301014693587377,0.6603600994191067,0.6776418436528274,0.572261377967067,0.5057943491756517,0.5895248547006915,0.7493811652836986,0.6047402220601532,0.6362497426517063,0.627977926197128,0.7640422361212054,0.7070700855650202,0.0,0.7182717197159425,0.6133085871142475,0.45179611383969825,0.6365970581415282,0.6427847711126629,0.5750138306454706,0.5719189297429871,0.5772119887024909,0.6496932817302025,0.701229085508525,0.6060432445829607,0.636082845037499,0.6433793064856672,0.46177669322810716,0.7952299619519779,0.5832094792120661,0.58710528930796,0.46996814322334113,0.6784359393664973,0.8325546111576694,0.7457352966216446,0.6277065803091615,0.3450178027960425,0.784418003407507,0.6366596087152221,0.7749660680498415,0.5944968808003392,0.6964120416107888,0.5828025784021283,0.48777795615079794,0.6525203910729819,0.5968988658761996,0.6462451498254698,0.5467092396911306,0.6559213815347729,0.37260733329878726,0.6590300932724662,0.7233708578875542,0.5007489851782094,0.6924843158460307,0.3598830163911115,0.6156579057339017,0.6150388571562655,0.6889307847984164,0.6565779377457847,0.7031189828178137,0.6703260639698403,0.6077420889051347,0.7738861503769731,0.7040516464676624,0.7302820633035864,0.4557872115085726,0.7511213986534081,0.5836176111340574,0.5673491680474101,0.5863518793199562,0.5114909497537377,0.640125533272309,0.6135257762955155,0.47118796398670454,0.6898517634015329,0.4527186267438909,0.6918700476353865,0.6992344070760624,0.5282511325096864,0.5961086598245883,0.8325537291387112,0.5748291543791066,0.5246467485458063,0.5712302311113823,0.5882194927219162,0.6159628078811435,0.5894434154981459,0.6761552014629001,0.7422241733225191,0.631061429190534,0.8101075818468564,0.4947205834510203,0.579293041656941,0.4735093710178516,0.5300704090200982,0.5994243556910834,0.39663109294300186,0.6113064882719467,0.3135651917720927,0.4348046938799562,0.48404415484580937,0.636747019241415,0.7602626019624639,0.7942061775691648,0.4979229161959141,0.603813305255707,0.6552810882516984,0.5609885605792476,0.5809742012377095,0.7240911958502189,0.6840681022650886,0.6140946077077252,0.6760595846174621,0.5671441289525291,0.6043679967491609,0.8325546111576644,0.8312014044769784,0.5791272696112176,0.7915196915354091,0.7240911958502189,0.5777959071652936,0.7682678143548505,0.6792083857446255,0.5811806482415446,0.4438868777256764,0.5752736935515265,0.5161636060683905,0.6019331700332445,0.83251512965156,0.7292517884819003,0.7662948958963043,0.8323812664002928,0.1105834913330527,0.5041894660442814,0.6288541980691671,0.6220006852090032,0.4652877319855889,0.6568705883435514,0.6028787207143352,0.7409731568029644,0.6225657571068136,0.6723236542100414,0.42910770739720283,0.4136668590262943,0.7242086710221937,0.6474048238829064,0.6510850379011516,0.6251592746004555,0.5164368277195936,0.6852579175835523,0.6399592843918608,0.786371336447717,0.8312120005884294,0.5334241050333175,0.8303526097921519,0.5534988662739542,0.579084463145053,0.6226841158104227,0.8325070061956243,0.8325545143231441,0.40863998596388634,0.6694366985432745,0.6186315554682082,0.7554017720517168,0.5317583949638364,0.6736888830966968,0.4638691871348989,0.40045743670153666,0.6811450318610088,0.6906491852916745,0.7824680198911849,0.7956031992028139,0.24007441115479905,0.825938048391961,0.8325514652349086,0.598048020155233,0.6046118561274471,0.8275870790064863
CHN,0.3745367866116718,0.5229541552758946,0.3425800398460265,0.6470094433891069,0.3077963890725149,0.3784178506026119,0.2410009841960926,0.23985895071193994,0.2640307315183874,0.5480210073876735,0.1018812743442163,0.3918629496803445,0.2704263856729184,0.24821110011599984,0.3715655344522133,0.43620134250396714,0.24484109710010285,0.26863430750627865,0.3616958731698348,0.2753316935981054,0.29699889773724225,0.4039853846862163,0.41504110926708454,0.3344776295114568,0.350919798577536,0.5310953262979695,0.7182717197159425,0.0,0.35391082887050457,0.5927730459122456,0.3670937392633414,0.5298781598392458,0.284672432521582,0.38992434124527087,0.5739699725088252,0.2551995170252147,0.30261695410703304,0.38322367814237895,0.3127560945730203,0.25986838583800936,0.6076901149538235,0.42590415059256487,0.2760160153064308,0.4267008176540361,0.4640893636534925,0.43291739300889015,0.7633372106306071,0.6782001839976386,0.323582845472198,0.6636289899674911,0.40914962152225876,0.48638985635557214,0.2899456688007444,0.39973104805368914,0.2318593748765737,0.3102238301763739,0.4090660087766978,0.2812711227713529,0.37911767743266994,0.5557353490803703,0.47442733248847285,0.2322112972873776,0.5441575454011814,0.34110850628234596,0.31710904928056544,0.3443959401713154,0.2913276426829273,0.6156395707820885,0.2756529528143211,0.3551634731489181,0.09678729687486945,0.3200660279591968,0.13670663477128334,0.4755855142183966,0.2507888431621173,0.20560553687057442,0.13094099569483564,0.3516035163296196,0.5319137907672209,0.20811073892479254,0.2636348883549482,0.47360057318856086,0.2975934013399342,0.38679768326310043,0.23192373930365456,0.3348216154556927,0.49378554782434325,0.4203557681068898,0.5504707149043047,0.6430612654004523,0.13061646324755238,0.35432194767733355,0.30102107919179905,0.6518736348034214,0.29960082318000714,0.4020131556649738,0.30454803714476364,0.4320797805048988,0.333037542627979,0.3352865569493745,0.21639494041669816,0.3938072340931161,0.2861567475251922,0.8156291168057849,0.4796666778287233,0.2525857193278498,0.623902010765906,0.43236131305948133,0.3358580438146135,0.5347770732901106,0.3637192757685171,0.7565891443957533,0.4742402375864538,0.39909151937748616,0.5625496781282953,0.19822487970732713,0.3271191102087581,0.4777933442113715,0.26988049578745826,0.5233195612053713,0.4049994306407857,0.25579678503474973,0.4675682896815504,0.2687032358848624,0.46451874020742295,0.47229010402685445,0.26089972152754143,0.3123504218131317,0.8323697227962318,0.566851383666963,0.2894055416790248,0.5287864877708643,0.4675682896815504,0.2578559645787972,0.444568088204891,0.3241562433925429,0.245983603987104,0.5004604938946394,0.7968506990873154,0.3873724053156656,0.2291083906852879,0.7730996881874512,0.36901053837820436,0.3233467156562556,0.7590465276218863,0.7176405826651916,0.5080359748110969,0.2664256665701478,0.2465281440362171,0.48243664216867127,0.7151751224899536,0.37112398737134006,0.40895518426584115,0.34777003441371684,0.5989508906839991,0.619791515067461,0.48268694780127347,0.7123921378779797,0.22516908342534897,0.6174540526458561,0.5613202536533585,0.36750818511752165,0.40398223268627653,0.2011366273553241,0.4109806745333007,0.745450038096871,0.5115670967140573,0.37197942202705025,0.3903798689746958,0.42504886453125956,0.25541041351478877,0.35477452611431004,0.45394169423113717,0.7110744271532554,0.28659066353302626,0.32518320372715104,0.2593052000588836,0.2989993659092348,0.1707717632078713,0.4849184439770804,0.48922842238619174,0.39035603970047966,0.21137273183171845,0.27383806672054073,0.18866321230490773,0.6968534443515609,0.7782094322142961,0.574997723533956,0.8023423848996974,0.4036067690726414,0.781677256817076
CIV,0.2916858505181336,0.2773235245971475,0.3608672105366744,0.4927072358888817,0.3788103411397214,0.3393595289371192,0.40345453820981897,0.4245339672062202,0.3645858662455413,0.38269626424434683,0.3460244909034732,0.06370383980168262,0.3071609092485847,0.3326802350120487,0.5169389850785714,0.3840028862201832,0.36755119046416324,0.32194068210595017,0.24811348984686066,0.3374686566120279,0.32299803283120904,0.2684938207828833,0.18624000126029408,0.04126535513018056,0.5347376399213203,0.3972004532117995,0.6133085871142475,0.35391082887050457,0.0,0.37516744182133094,0.31295467676302874,0.35386975542535937,0.3135931602262855,0.11736083313327125,0.4099014685636115,0.1442945596319631,0.4386773284348469,0.060607588965846566,0.3927560557044071,0.4016154452755221,0.39498970041937664,0.6519449885300247,0.32128372849482556,0.17482868578836455,0.24117126714967166,0.43433770983094455,0.803192101178783,0.5949776143473284,0.3687335757550382,0.4910985233265642,0.6043695695171771,0.29807449171681794,0.4081715026910653,0.15368059116906282,0.40921386325112713,0.3240760665002355,0.2659130542311071,0.11549416177823651,0.09017230688238402,0.40452434398729,0.24537085442599854,0.37949087915095514,0.3771512567593409,0.13310991065316383,0.33554333612126563,0.2637634989224358,0.422090946663763,0.48890467564977946,0.36990284384167765,0.25559636366272104,0.3236949501292145,0.43965938995155823,0.3195362276716532,0.43393377737560535,0.3264177954675777,0.5211196876427197,0.3521559310708631,0.27805584868439603,0.3025695473212474,0.47083247074751816,0.33336491485617714,0.2078933736472136,0.31206443520698857,0.251896797749334,0.2733153903765101,0.10712475071177774,0.28360154167781787,0.45321183811675864,0.3783686288905525,0.5302361778835442,0.3241833363929276,0.26156656926856775,0.3412999491407523,0.7098328512107064,0.31955117150237355,0.2999174280834559,0.31467988946348324,0.1472093953564381,0.15508857546147517,0.27703248118461715,0.3512668584205126,0.3068485589171228,0.18270139622693515,0.7894297242929657,0.2485800294331738,0.32675770421291334,0.49709517425346733,0.25491960936542085,0.07658668684789388,0.3700275440285887,0.18890067279339334,0.692323173871897,0.2850359695949352,0.2750699580907102,0.44373708842037984,0.4124812171480198,0.5400195163707923,0.2976445648821704,0.31434717843209087,0.3623103840568276,0.14183457835267002,0.3277829287964767,0.5333480733587456,0.3933767420022274,0.336187033754431,0.3126102091549459,0.30954054282250276,0.17111058601608947,0.8325546111576396,0.5815819695344029,0.3264175713905631,0.4361568117796695,0.5333480733587456,0.3315759709980248,0.36822383772126305,0.2182193602376412,0.3314689155315546,0.3459710913426057,0.7660153524740353,0.25174111818436284,0.3465994713629783,0.7463817184370148,0.5145596796345541,0.567725701430099,0.7277488522716309,0.6171127540098525,0.2565512257571236,0.24386570863994997,0.3752526293571805,0.2989183677779986,0.5980518086922563,0.0315389831169055,0.31227323229769716,0.033765200663879315,0.48305368498465384,0.4703451883056621,0.33856693746776173,0.6082277318847185,0.2508381632309164,0.48240036263425706,0.40541034704222134,0.2641477645069722,0.4562032354700809,0.22152626434078956,0.6109287310953777,0.7069864308179048,0.2666496491756552,0.6386908512565596,0.2731621854348014,0.132023475287894,0.31432326134979305,0.615350281136336,0.6506149170589804,0.6099536739763562,0.4430784954086505,0.07495098930593554,0.5249974677351824,0.29542811715313166,0.2945159240389363,0.3315946577721791,0.3293342328041274,0.4545592359433808,0.34574158468181876,0.556478164172243,0.43516999020073144,0.5568379121410639,0.7466168696694048,0.7813246100687982,0.7724355987442898,0.10961896988920862,0.7521865097692418
CMR,0.3415628264250922,0.22537924663340278,0.4328897624320208,0.37881049287353125,0.4766996632156112,0.4014067393284037,0.5641236665298147,0.5816054662805247,0.4999076670560972,0.33474049306173836,0.5619291278264001,0.32662904745999943,0.47162053453834857,0.5772595142576972,0.6154966216093534,0.4415887162039029,0.509595292869597,0.44062865577465765,0.30928575001352276,0.45049757282587066,0.6344169607977889,0.34020940381086373,0.4228365114717442,0.40745551871040375,0.6789439324201672,0.506474426366309,0.45179611383969825,0.5927730459122456,0.37516744182133094,0.0,0.40274473194865085,0.39571052042865973,0.4204603821729345,0.32397351936290464,0.3403041292507015,0.45119697579941764,0.552845988206308,0.3620850738597656,0.48513773733226534,0.5395746184951692,0.07656759514822327,0.7492114781646134,0.43567964266075054,0.29934848010481696,0.2092773194526207,0.4866602003153307,0.8325537399894954,0.5539038478628109,0.44965925663862566,0.2173334331777461,0.7249199814461186,0.4156302333218026,0.6854844954574673,0.3183008024124994,0.5705746212925077,0.4076362793357082,0.376316522244495,0.45799366395608415,0.3311858868316711,0.4206574523282807,0.3001587984771066,0.5415175751516133,0.2592447129932635,0.4689768008813117,0.5516516038335427,0.3521774539531611,0.5507155919690574,0.3891102255403533,0.48926536214384453,0.36517026443888445,0.5458199015242245,0.5477939320682838,0.5611792254629719,0.4630825110537184,0.5027803193457575,0.6995318957561749,0.5741342889435342,0.5642505522701099,0.15403042273546494,0.6565181730616264,0.4553602401915221,0.25397939789901725,0.41038517683814457,0.37482370742859433,0.4389886470877031,0.3681186216284494,0.18376104865236834,0.5162866892204381,0.2917609903654669,0.496144323632194,0.5535580678155766,0.3843664617296292,0.43208610487115023,0.830055220738685,0.41097958158325154,0.31245494073210167,0.40269475661827175,0.3282382131460859,0.36927745000393336,0.35785921288953143,0.5060594475991345,0.6037498272049249,0.40405059233902535,0.7582166221194919,0.18293569922787187,0.4583926570341773,0.4051119042062186,0.32823394106765963,0.36731521160625813,0.311613170457066,0.3538379735223165,0.5952463083414462,0.22938956590607557,0.3672256265871129,0.4637294176307461,0.632035198805232,0.7067608107812016,0.3043638318672422,0.4864568739345945,0.4365700217323004,0.2730351998783886,0.4542043769351385,0.5967972327300096,0.5274611913829677,0.35629277329654985,0.473092074376277,0.4455130278632605,0.40842003244222336,0.8325546111576522,0.7954013340050252,0.4256824953743816,0.5699656184310453,0.5967972327300096,0.4547533969302415,0.6366604704384355,0.5033029039381707,0.4713647181013839,0.28712068100833354,0.7187808871178797,0.3673207417191483,0.5003315026465434,0.7540589675067881,0.6136791489925888,0.6911201690545956,0.7413526014811185,0.46418527347820276,0.18518550188650096,0.4069781429883727,0.5145423284378935,0.34887656678689766,0.4781216725952841,0.35110447876184875,0.5979910817743722,0.39634004402651957,0.45596425416168695,0.31583603864828064,0.3445882944065526,0.5552055931408075,0.4425772020237846,0.42291203870070215,0.3947225641905497,0.4110181080415004,0.5259429830761339,0.4386573883163381,0.7290787970687173,0.7154117076910951,0.2227541129192968,0.8023562315262136,0.29988319765316834,0.28829998178947486,0.49473467277858324,0.8152618431418889,0.8283070235612525,0.4616832932985738,0.5753355836768529,0.3828946748830594,0.6685037724160585,0.41385279487826504,0.4987446684040563,0.3889198842515602,0.2801468729994779,0.5298858150331787,0.5529774690979732,0.7178187312585222,0.6844773463204614,0.3412625369658489,0.7235244472317364,0.8315831674548914,0.7245665332808999,0.3613260393603217,0.7307977352882264
COD,0.3233741161216386,0.2612314869625626,0.20673519524855852,0.3522694749399343,0.323026771516949,0.16307064259426673,0.4054363356425367,0.41755807775317194,0.28213051688869073,0.5122291015149617,0.3433690601270277,0.2922144264065102,0.3965007853588904,0.4486653130874267,0.3921711377381558,0.1401123680632438,0.23556555601867285,0.32822641406325864,0.30244904713661314,0.3213549115073965,0.49261649303289956,0.09153108367670676,0.4374693059226354,0.3344088871698694,0.5013483131419392,0.5707074731792284,0.6365970581415282,0.3670937392633414,0.31295467676302874,0.40274473194865085,0.0,0.24210509828160098,0.30281755485339507,0.3506736306831777,0.543556410086252,0.2975832537751886,0.2846323924391982,0.34262335546980377,0.3155166786727617,0.3877421457159105,0.3814143955008764,0.5528219201082452,0.31202952832837355,0.20894822078343375,0.3555213646348029,0.1936894495965372,0.7998905650769966,0.6797961611891448,0.2699298232783714,0.4789348672585729,0.5351592412354406,0.4983976478500034,0.5168344179631905,0.2054679672617617,0.36611149163415396,0.2775268406605227,0.42634400148504403,0.3400184847434191,0.24919773267728285,0.5588504651726118,0.4377855133518235,0.38943839100963695,0.45477334598256297,0.40694059070302097,0.47270917394051587,0.34599587267411036,0.3261526700226901,0.5820990261679261,0.3459216258239112,0.07134078086452839,0.3309579682272196,0.39170137778109376,0.3469622169126991,0.17758102657972877,0.40872988764171353,0.4657951553486751,0.3807018995408008,0.48978715501461706,0.41396551106363394,0.43433955394268353,0.3332468505070223,0.24357461249890658,0.2894449554416297,0.3991906912974634,0.1773427243418386,0.23322867527557678,0.3226724650286335,0.247820335019729,0.451579673590206,0.3502348174292523,0.32814880798560764,0.37405469058647334,0.2899371548967573,0.7417189469766261,0.2910592473961509,0.29633659478050234,0.28659663951281417,0.37864666732856,0.1917854955904061,0.16659048677398053,0.22533499486407743,0.5246067740635632,0.19093059293752507,0.7720968131785585,0.29585340974487184,0.3452046673974616,0.6053266351220891,0.3700994257534792,0.3213222430554804,0.47684114988924076,0.1599181620501963,0.7172134153428326,0.37960893146634994,0.40873498218131665,0.5806782370663733,0.4466080827711821,0.5099979556916963,0.39670731066871673,0.4077140728639766,0.5388265815387011,0.24887999819186232,0.33723086491228255,0.398797539790784,0.2780119259037689,0.22753990472538543,0.5206657896686481,0.34864821156595127,0.3706796270513038,0.8324116253541785,0.6846766929583435,0.302221637588041,0.5937259419685075,0.398797539790784,0.3367927829350812,0.5661577608987607,0.4420274897155279,0.35871543195597294,0.4132707256467553,0.780142798416083,0.3885652215963997,0.37742566472027905,0.7833485747045503,0.3890423759453508,0.46948624668727534,0.7725488528170686,0.6477651253217795,0.3905615630433649,0.13116434777878636,0.3713842309999246,0.4672633176910623,0.524132429348834,0.2992535422968727,0.5301149602218476,0.33713529223220984,0.28877197357878576,0.503090217461389,0.46646321013771314,0.4408681123037044,0.17021698203869776,0.29791013231955193,0.5538340181708419,0.42157287956488443,0.3152093445094461,0.2098699741978468,0.5373044013189042,0.7590157907974028,0.41289099072086716,0.5741063820554326,0.20087738757508236,0.2543950265137559,0.4022868014030053,0.5860893576329697,0.6419347452619287,0.6249798432758584,0.4154072358500161,0.2670143785201244,0.43604930386312873,0.3579099866119947,0.24161919538101062,0.49731483033465335,0.4281064640857772,0.3363236868302154,0.4136337407895237,0.5009619400884819,0.4727091284000495,0.5537789700498135,0.7783000856047266,0.6726125298028647,0.7801657752163363,0.37234001243207215,0.7818990557299726
COG,0.43714514768996293,0.2112368810513466,0.38742963457317314,0.27545592014748604,0.48969344158799916,0.31568826083917706,0.5656121249572127,0.5795700603348859,0.4627867225142705,0.53470478736643,0.5178365587444008,0.31931900683126546,0.5188766113304394,0.5684574659924367,0.5483830041632937,0.21774096478847976,0.4322059121649672,0.49156422791444737,0.422992965513741,0.48874398253361895,0.5443271593431306,0.21112521525201874,0.46522259711350566,0.38021201804262383,0.6431094262237557,0.595414710745238,0.6427847711126629,0.5298781598392458,0.35386975542535937,0.39571052042865973,0.24210509828160098,0.0,0.4680496979714632,0.40121525979071393,0.5649498796114599,0.38791682073531175,0.4668296012044693,0.3716926472741352,0.4865788375985088,0.5513699582108009,0.3585787656728536,0.6995813051297147,0.4780958412452125,0.22155677603567384,0.40314259486201903,0.3188314672791395,0.8013296377786611,0.6945383806991369,0.44498445102498213,0.46952858993971175,0.6731166434223259,0.5248467980775957,0.5841104044054422,0.239577119843049,0.5367437058919655,0.44582403160424827,0.48268739897640733,0.40669926880345325,0.2873044375450672,0.5822788660736419,0.46712600159312145,0.5506576404758017,0.48810072705275565,0.44450021808521195,0.5709347176075324,0.4661409716981929,0.49760899176727813,0.6004430322718427,0.512137847553118,0.24801073118562134,0.5048230477965082,0.5496505153046003,0.4850938567537455,0.2535735532675985,0.5385953880630616,0.6252195710224941,0.5437914333058281,0.5493734423977782,0.43076604325449286,0.598349282301287,0.49871685031583246,0.22311814348325243,0.44450436980500807,0.4642313621357319,0.3789776574789935,0.3022675570859897,0.3629891232923481,0.38209031097305923,0.4670490831094721,0.2252694780044605,0.4773564979073863,0.46232366730656427,0.4612625336993056,0.7469099229019132,0.45758682200022305,0.41080218992040074,0.4518182445332622,0.4002288398601201,0.2802522694171324,0.3457109449415178,0.42755833103094953,0.5524105519273133,0.31304877010268306,0.7664208410141351,0.3317509800620822,0.500202864061852,0.6251178027404152,0.4133686543602853,0.3909494829005335,0.5020325397822927,0.24258814852060456,0.7235274051859788,0.4339886177286275,0.4800893777777382,0.6075043551961264,0.5965681372929941,0.6542440683490288,0.4298648708192432,0.5366673029241192,0.5640167567606653,0.3011609114526594,0.49503598507655405,0.5141936867601562,0.46161497167627585,0.2776472192688564,0.5504555352177015,0.5034425853668172,0.4621529877623964,0.8325546111576534,0.6983664248085701,0.4698171165339062,0.6240296642928453,0.5141936867601562,0.4998361505500847,0.5916457111920772,0.5113040948537364,0.51651498477015,0.46288561768710645,0.7836200135933747,0.45553426100152744,0.5312859162044665,0.7891529855325355,0.5460584105250565,0.6325729839921157,0.7795229557745358,0.6554786496802295,0.4056479264899811,0.3299431480419932,0.5370213677026193,0.4930990967845326,0.49158060883292365,0.3345773504495346,0.5575614369877082,0.3777369948913058,0.18986940982636288,0.5128094272901066,0.516353953749234,0.31170793027892024,0.35572062977785734,0.1865723509988235,0.5767490898441597,0.494081057387264,0.45858933403929675,0.38534350590925504,0.6765100951806965,0.7673201157978957,0.4287010942042299,0.713092470779076,0.33661403172864957,0.26592460447303706,0.5381122408430663,0.7066977059546536,0.723848386678236,0.6294773175180768,0.5749863959095995,0.3306980386469723,0.6042667632118311,0.49169082816788123,0.41484396728592854,0.5264793795363796,0.4816791734530443,0.48384115754532747,0.559383676789218,0.6454367174553101,0.6140669878082989,0.5516405339956453,0.7839968489201651,0.8000536308480117,0.7824919514365926,0.3976826033531979,0.7872361917767912
COL,0.21096920685343867,0.3953059292247779,0.24636070998681311,0.540257387944575,0.12175839478343552,0.31242608142152395,0.2124135828512587,0.26302110833700887,0.17124566126990473,0.4097756792076997,0.21604945584022667,0.3178413831112833,0.2668072350737093,0.3496108024109319,0.33320716762551894,0.399266424018124,0.21152222705522816,0.09302076269161345,0.16798027621258127,0.06236437793781848,0.44666418773264194,0.31371269009963715,0.38095339301570136,0.3184541208263954,0.36201559941948597,0.5104985075305749,0.5750138306454706,0.284672432521582,0.3135931602262855,0.4204603821729345,0.30281755485339507,0.4680496979714632,0.0,0.29816328475826115,0.4707160173846676,0.29693257531886924,0.27378044924204603,0.32756681353522965,0.16915993263758666,0.18439439204713287,0.43889340020699585,0.48998896937274605,0.033170285893981674,0.3356835935208887,0.2933724778920444,0.34838340341115526,0.7973807884343388,0.6359758762578825,0.17476567212906083,0.4837275515124819,0.42116321989358635,0.43098822136749904,0.4775760319505194,0.3211193667491736,0.2130737463813185,0.09245991066137568,0.30602071976656964,0.3176219476454937,0.3104750508800102,0.49052337859668005,0.3602678356398073,0.18462788031338045,0.3568673538327064,0.35955715617798795,0.38613493945785293,0.177098276829697,0.23356004477113682,0.499134083120205,0.10184465290758439,0.2798886115087541,0.20811513041815582,0.20128907923053102,0.3209741252780311,0.3883215737727253,0.2844923460057579,0.40556523739922307,0.23081419670479425,0.4197290362706643,0.36293853223957756,0.3041251014717415,0.09373576077995391,0.35956270407221874,0.188338219506311,0.2807158155398954,0.17771021255196146,0.29545641664415767,0.3133013814673312,0.3363931861636213,0.3721049807896852,0.5869482118370868,0.3083639707625033,0.2529756784573081,0.10000110239004761,0.7347876343537963,0.07629588550226982,0.21379762540493408,0.07622446985012533,0.34846535447717486,0.29306068225815646,0.17397795043242706,0.21266404228315647,0.4733050289958165,0.27822524105008467,0.7841885135396577,0.313577029088929,0.1868638886338253,0.5286100757024624,0.29561628760844394,0.2806319607536464,0.3716190073098217,0.3071038695006557,0.6727655598813592,0.2887721936847112,0.2830543787738186,0.510324226112417,0.3202212647034971,0.3818892600132548,0.31694641561051484,0.27482488462257626,0.4710119385079711,0.2918235083849662,0.177860539587038,0.3913565775400241,0.21656958620301597,0.37852775901629565,0.44802557527001147,0.1386641848076401,0.2696622653804332,0.8276372410725821,0.6688340041312398,0.07254568303827513,0.5404015331084984,0.3913565775400241,0.14790152009797827,0.5205678833252408,0.35908792369334547,0.17793896906006168,0.31684541788540255,0.758366993791777,0.2737706177637477,0.22738458098706385,0.7708415499556907,0.3309846492822689,0.4086702881025419,0.7579904012748098,0.5851830078393315,0.35786468540384425,0.21666674314094983,0.16603511096078902,0.3581025538329916,0.6107012809773085,0.3136635666470767,0.47805788302735575,0.32091508977695954,0.535424192656096,0.43813760319964057,0.3514106361456306,0.6650456356342908,0.24051817215483473,0.5345464701801905,0.4835877118525754,0.3003218292176425,0.2988797236601874,0.20797009635705804,0.4254646941354686,0.7407218858764695,0.37817332537223525,0.4895135616907684,0.2172140998726064,0.329323055567888,0.25940598027544276,0.5467739089280397,0.6224040070327496,0.5645996961700432,0.23286814037686268,0.29753107873181583,0.3841165919656489,0.1958439441404996,0.2673715422470185,0.3941192482288311,0.31279762046467774,0.27947521796381836,0.2723349965522387,0.4581589428094127,0.37611761185217124,0.5226495918869527,0.7613659131538172,0.5987879913502964,0.7578589841815211,0.3418444407931824,0.7661126405245855
COM,0.26260026916721035,0.28012995460376244,0.3805070434639175,0.512174220291436,0.3774333805551697,0.3672746967552463,0.39986360506290985,0.4221502633302296,0.38196261359997935,0.3143640701014562,0.37058766887830447,0.11184282912740148,0.2853994714316855,0.3305978980608804,0.5369131390384312,0.4218161959557263,0.39764549914404956,0.3022269623165831,0.2031734971821759,0.3247353518540591,0.3917687971119901,0.2999902033341645,0.1589706631792899,0.13550260630632252,0.5434920778288369,0.3450255464796979,0.5719189297429871,0.38992434124527087,0.11736083313327125,0.32397351936290464,0.3506736306831777,0.40121525979071393,0.29816328475826115,0.0,0.32299367816645813,0.21729890110079333,0.46593991210593316,0.09342525911759288,0.3961574201695364,0.39519735049787913,0.36113080938867653,0.6641290902418744,0.30696479943282545,0.21189213643099714,0.16516138080436932,0.4655441542785631,0.8143151367028787,0.5426561064765262,0.3762447651424327,0.4561187266405285,0.6188361558480022,0.23030580044774104,0.47229211248837916,0.2001263229706177,0.42375442538480124,0.31639396575874773,0.22695745305668275,0.19665412467130775,0.15087345688050252,0.3283152941494367,0.14211627901440768,0.37310189052613146,0.3128805558890272,0.18419596884823705,0.31615291994058614,0.20887862219394912,0.4424793687854559,0.42226293429116407,0.3620432349262777,0.29170715462975016,0.34839705250934244,0.43860752762902677,0.36663443169090354,0.4660794930589096,0.30703619300330726,0.5509086313544288,0.36726086085024146,0.28292850172028516,0.2200435443837077,0.49427266641028716,0.3167087962352549,0.22191596610593842,0.30691932375916786,0.2259884463776334,0.30421125831963686,0.17774925912956466,0.24282287485984197,0.4817144714308277,0.33776998208712916,0.5607377300504365,0.3689014841459461,0.23806387634551562,0.3359957143291432,0.7514650089869214,0.30700256396459136,0.27534052357766375,0.30160113453961723,0.09526293043525504,0.21402805971955624,0.28857951795570813,0.3837919667468788,0.34666463545954257,0.24038385856394529,0.7918808088390387,0.2121313099639542,0.3114865400220179,0.42351226813953524,0.2440244656038796,0.07461947705645468,0.31260220036992026,0.23891095272625815,0.6602723188402848,0.21398921351062603,0.23103807604213317,0.3772714829345122,0.42463403975602904,0.5559006102263901,0.2705669773371603,0.28415011854472333,0.29238884304958374,0.13898213597831952,0.31381528996099106,0.5531834091222084,0.4187802889875703,0.3620226610058377,0.25610552185723684,0.2824188234257659,0.12383012934258285,0.8325546018268591,0.6350321731853565,0.31356132877769355,0.3974962282137163,0.5531834091222084,0.3145715390477132,0.39674062792919346,0.21035398352040577,0.3111738693654216,0.29613193568715396,0.7491859794062525,0.22841388602665266,0.3323579942940464,0.7307607674647456,0.5347465388523446,0.5860350082258324,0.7102266111838687,0.5726272184789478,0.1741796236110471,0.28065863663278734,0.3648512971345633,0.24463083966305987,0.6062837686922888,0.11200300937503631,0.3430036579128221,0.12237421466888378,0.5141222326387641,0.4314546869401897,0.2681215927587725,0.6383860460325796,0.2953677665570972,0.5091169317549153,0.32458255201900915,0.23231934848158958,0.4763935393376961,0.2596656922183581,0.6255974016273018,0.6844848872993635,0.181650488503917,0.672172506436113,0.27141293989005366,0.16065930228220066,0.2868081523584228,0.6631436593318406,0.7016298650216698,0.5776013351457113,0.4407321413862173,0.15979668353990376,0.5477571553733173,0.2607110334632217,0.3388086515196739,0.27037288144604077,0.25716421813032686,0.4704233491866065,0.33759373541039306,0.5833709381883111,0.4661693173190518,0.5230091892949192,0.725314116227584,0.7878645266742007,0.7593800681122351,0.0933683912504223,0.73227946662333
CPV,0.44881396572285737,0.4368705263467333,0.5587910664578993,0.6215450503002312,0.5332590807501795,0.5549273667432909,0.5214014132981136,0.5377901920859387,0.5504940504971386,0.34974229407798535,0.5476930258829702,0.3950981115006612,0.4371540811929047,0.45079048025538776,0.660471611841501,0.5894394436897881,0.5740320603848206,0.4633742005492709,0.3984074981732939,0.48610837693873765,0.5889107928939835,0.5032642508375408,0.34969127812064643,0.4206314417377866,0.6414108360324471,0.3017332675319274,0.5772119887024909,0.5739699725088252,0.4099014685636115,0.3403041292507015,0.543556410086252,0.5649498796114599,0.4707160173846676,0.32299367816645813,0.0,0.47915660131549076,0.6178897942728868,0.37956290416141175,0.5528796681643661,0.5229020782453652,0.40346994552340826,0.7496160029299521,0.47431068270359655,0.4456866941142554,0.32786354516525085,0.6136126848097517,0.8325546105946454,0.3585112506143805,0.5463026639532457,0.4980014998612627,0.7161105950317459,0.25955622859978206,0.6520150435648513,0.4480088958647426,0.5729988269264618,0.49543786654127175,0.38455337733850287,0.46260925635618516,0.42481666764250947,0.1425475673032507,0.21133159540380633,0.5017965613239611,0.3920155371204665,0.42952349199152845,0.40475320375215557,0.377798025802473,0.5943174147057982,0.3694097471236281,0.509953763934415,0.5048005601943915,0.5330176485076861,0.5667546020111197,0.5696403086067797,0.6118577188179026,0.44071993973042506,0.6882270451062947,0.5269149504480486,0.43237167418102185,0.2692060047352581,0.6338587154188519,0.47353516808407115,0.42454139022849496,0.49647025973574455,0.41092962216608037,0.5132528790690329,0.4506432076322579,0.40425486205749483,0.6239589357971924,0.44736410569783386,0.6644099944547218,0.5699582619738457,0.4296271499365759,0.508063825286607,0.8310144853423226,0.4834858471219992,0.46027029545370246,0.4805423371766127,0.32377536327238104,0.47054937362399535,0.4900126506899427,0.5675525890144011,0.5235074891716396,0.48971511448181343,0.8148485786972274,0.3892342896346692,0.4756064135976817,0.2748190307255811,0.44268570781397404,0.3754357011649541,0.39351369184289997,0.4797286724155731,0.6435288643706256,0.3535018141896933,0.39227374513249363,0.2748435958457591,0.5489266452749054,0.6630491868685945,0.43741277484638386,0.40601371955548304,0.2209090427475071,0.39262338791153345,0.4806095936219268,0.6667675930821093,0.5834934234715093,0.5461730703027604,0.2796312814380813,0.4347296855393636,0.3429253782457559,0.8325546111576562,0.7834978214935924,0.48478227796556944,0.350011130261135,0.6667675930821093,0.4742311796558797,0.549075311135679,0.38799657750751343,0.45893143434135514,0.4265280559198565,0.736621202054057,0.41947385577239515,0.4753553581960664,0.6636044554733252,0.6591672566909215,0.699235036048157,0.6348824309762787,0.5604434973200009,0.2614285826983476,0.5023397733177231,0.5000996985326484,0.361554470603698,0.6853952210841362,0.40339601438126393,0.5104424293279212,0.409692977005471,0.636101053623248,0.5011768262944619,0.342959390679148,0.7151921878090426,0.5188156623114629,0.6248052499515123,0.0969082307706506,0.3933712432282287,0.616543551676415,0.4914814916396904,0.7220467838752089,0.5903550429023829,0.23161463268652818,0.7948578243571212,0.47217642307259466,0.4094023378707629,0.4076998727055708,0.8127489172905196,0.8298764132668702,0.6011117251192103,0.5575771618142913,0.4420846831672605,0.676967787881345,0.42316456381106204,0.5489226227427532,0.3270684830792336,0.3584647684761826,0.6098320393685415,0.4587687220242729,0.7098567112535086,0.615109479770258,0.5686312914991944,0.6571871460328217,0.8319585364272367,0.7622189599410203,0.35416390350590693,0.6683526773829238
CRI,0.30019491950967103,0.3552972196233542,0.3398084262515745,0.5282884380219484,0.3530066895714702,0.32332207774842875,0.3602899908682791,0.377525293244063,0.3236990707497311,0.4482516481752597,0.27015399769663456,0.18847938746771448,0.2671176361453887,0.2972273340721203,0.47378285265746595,0.3676720036448603,0.3148715160762467,0.30076983680363634,0.2740630149071202,0.31401264038952215,0.26003085932238784,0.2799986693998445,0.27857000795845444,0.12935710202848585,0.4873180114895964,0.4572613467513426,0.6496932817302025,0.2551995170252147,0.1442945596319631,0.45119697579941764,0.2975832537751886,0.38791682073531175,0.29693257531886924,0.21729890110079333,0.47915660131549076,0.0,0.3909975681233337,0.19348578174757772,0.3645246861865364,0.3633664780548063,0.4651757481002612,0.5961073877914441,0.3009143924050801,0.23609478431009218,0.31704370608462157,0.41903787161743733,0.7775831285512437,0.6323211399564499,0.3461361620908691,0.5459276809349839,0.5518212631473008,0.37888457599312797,0.3099561688906365,0.20333858576613667,0.35545799296979297,0.31023524863382257,0.29544471546586626,0.07200510277252468,0.16862028690712255,0.47085829117063893,0.3397405992461416,0.3387525195659705,0.43451437833531587,0.18850670306758283,0.3171884013352664,0.2818607364557107,0.37649542621589105,0.5400755285912265,0.34009326061002937,0.24913333176828387,0.24774263459547696,0.40602754835695004,0.19750588785807047,0.4295702358706044,0.28530246459190334,0.4265135850546311,0.2868204865383533,0.2878316649462163,0.3901750343324111,0.3981919959567667,0.30867217514794326,0.2918592322295303,0.2869462040792828,0.2673016217136985,0.22753655446424992,0.11751576651881492,0.3481798411270446,0.4317043941794094,0.4355750585663701,0.5462713748127921,0.2089883184138364,0.25108496156869275,0.3214636063512389,0.6682911705242784,0.3048998407968133,0.3205044339362585,0.3023357512698108,0.2657007583245883,0.14143700417018015,0.2741704639635206,0.29181790404805047,0.32710850062740315,0.1250519321424334,0.7957879291656974,0.3205916390109656,0.2918669493543004,0.5514488105571028,0.29317362825300247,0.14817501807807723,0.42796061026755783,0.18939901039474863,0.7161021130906847,0.34718293857160487,0.29207657748637295,0.49442957040649366,0.3540698361564437,0.4842315452992672,0.3475293341242504,0.2912879552758011,0.4328980019025119,0.21795654484984112,0.29409389724229595,0.5089536207330998,0.3450647986497469,0.3414577392627682,0.3815603137664389,0.2898241491075401,0.19904128669993637,0.8325546111576346,0.5643607255408263,0.3080856847943832,0.4754716371851614,0.5089536207330998,0.3034773883329825,0.39290332313265386,0.2339571755593105,0.30130120323904963,0.3896784474472625,0.7778291012968844,0.265312482799284,0.30463038010418986,0.7593644818786518,0.47120275021942026,0.5030055048888323,0.7430119205014764,0.6531117763527318,0.3551871985690296,0.20670823909293395,0.3391584692514552,0.3675543213159493,0.6272064536273405,0.16276795650055947,0.34091983672664533,0.14737765273875617,0.498152631844935,0.5200174491774544,0.38398241363907326,0.6260428277495536,0.18415081016464174,0.5082344603024856,0.47305522780038534,0.2672052162800731,0.4324298301201482,0.15613446014105778,0.5572735345682374,0.7255007520951597,0.3650303777563286,0.5578308123341492,0.29307454949616574,0.22836989120817908,0.2908963212792911,0.5215871431684099,0.5531329738343053,0.6440895412965332,0.4025671910180459,0.09675823119950548,0.4501036800646967,0.28273117427118405,0.2013154028285926,0.3879240447142904,0.3827502226725683,0.4290405872444003,0.3045708399232875,0.46303459083777593,0.3616102437778975,0.6012142508732776,0.7609084064637383,0.7262656126009919,0.7830746736181324,0.23094654265112816,0.7655450923173053
CUB,0.41334445818238474,0.4748809198297553,0.22286288527559098,0.5436010463461194,0.21998671489714447,0.3124129281625794,0.2651977373174186,0.27257487931944147,0.1511678853544895,0.594869378723655,0.23903856601339793,0.44235372801809236,0.4197759917074422,0.43369480824693374,0.13865810915661922,0.351527312185663,0.10041137406134494,0.28856286137798615,0.39242668222070776,0.2556708673348829,0.5085269657637367,0.35075345736344593,0.5208970775918776,0.4425306608143857,0.3106915030519112,0.6222861130895282,0.701229085508525,0.30261695410703304,0.4386773284348469,0.552845988206308,0.2846323924391982,0.4668296012044693,0.27378044924204603,0.46593991210593316,0.6178897942728868,0.3909975681233337,0.0,0.4632116207933059,0.19218606672647934,0.24425711626163493,0.5482991168622052,0.3439683385709661,0.26691102517321275,0.41982556346813416,0.4859348635392971,0.23041244428251162,0.7899651589882413,0.7159819140806261,0.20019473011820368,0.6068902206823769,0.31879378834126965,0.5722633532402166,0.5091119969132416,0.4075255438237838,0.1878152441703511,0.26093675165215097,0.5054439130845947,0.42578660350935005,0.4182092173716836,0.6218668845175029,0.5359676021458254,0.27003234130329773,0.5574299043320599,0.4825480275543844,0.4856080074750238,0.40732773793587007,0.13833509821903298,0.6465255805726804,0.23835384431268655,0.3133074661130725,0.25023831467553626,0.2289191570057441,0.35036402022052987,0.3130424610528338,0.4107421765727755,0.3349702345852643,0.2808994749342008,0.525505802810712,0.5393062981345073,0.23828541857242064,0.2733816437854562,0.45103727848233993,0.33250162107267767,0.4831321429717683,0.2074593351311106,0.39227763775322194,0.47773855149555405,0.1924125582283978,0.5604914111090198,0.5373928723377003,0.32760339574011316,0.4529572711110085,0.23988527297823162,0.728425288099275,0.27184984178127375,0.40036162672127484,0.27746799488669033,0.4959596360173731,0.3709277862583254,0.2640618945268807,0.1261496219592896,0.5597577271670338,0.34407145664599725,0.7974656062370483,0.46445641012835004,0.3406871899132322,0.6651001058367904,0.48456366708862764,0.4329265511180088,0.5688428530420859,0.37098266695876236,0.7537653648433136,0.4968687805717663,0.48863781186375543,0.6318571367396911,0.3313031616729446,0.31037638352588004,0.5113955569909525,0.41262894489264035,0.6032046135080302,0.42315794636599185,0.3314682155920976,0.27895550830291427,0.10396934440344538,0.4188495924940679,0.5798090266879161,0.325413301807026,0.4427082594304011,0.8314958516197228,0.6842388083850294,0.265348929215717,0.6297050011591728,0.27895550830291427,0.3067734166541683,0.5958420634119488,0.4914950168817697,0.3261495188839328,0.5203557140218126,0.797104571684298,0.47699580665628527,0.34605214232886805,0.7936535583566882,0.13437146305664152,0.26244181870228533,0.7845869914554495,0.7071372992466445,0.5224633320342763,0.2581559563426244,0.25801447775019376,0.5543654498451752,0.6419781556572662,0.43823160400055194,0.5673106942485397,0.44857008712728275,0.4943086317005899,0.6048603947795388,0.5453741170217202,0.6026831728857421,0.2693328683347637,0.5082148307324701,0.6204717003112518,0.4878296432389783,0.20843589325596504,0.2806569083188226,0.31546483410659654,0.7742057287924071,0.5350315274089453,0.37615660580065596,0.3435620931180632,0.4378480228192809,0.39181450618691943,0.4782633404502238,0.5860055106140253,0.6931628750448935,0.24012909672345037,0.40488739243863303,0.268030790996537,0.3923056868413405,0.27565166671467045,0.5676419266695536,0.5247283344121144,0.21088779266900123,0.3566246792586639,0.394817976551908,0.3702497386416005,0.6523250750636299,0.7920156457500712,0.4586937123266833,0.7983906821664601,0.4842792184928181,0.7946835540729135
CYP,0.3024983626263282,0.2766675375853226,0.38432274748855844,0.5036236511038082,0.39485610621697975,0.3660542571629491,0.41628597716387183,0.43796926132620406,0.38659640161023845,0.35946993923185877,0.37053985962126,0.07110870695053345,0.3199822708832593,0.3385535176848245,0.5366596059169253,0.4115043357989272,0.3949995204995995,0.33438416016032163,0.25420837162390597,0.3514874660774173,0.35058467340693017,0.29503600581097444,0.139639543228634,0.07957285176523347,0.5483875663235308,0.3632267167721554,0.6060432445829607,0.38322367814237895,0.060607588965846566,0.3620850738597656,0.34262335546980377,0.3716926472741352,0.32756681353522965,0.09342525911759288,0.37956290416141175,0.19348578174757772,0.4632116207933059,0.0,0.4102781740864047,0.4147994286235961,0.3877785271859851,0.6688748366748246,0.33517676987841427,0.19697658303165205,0.22905311402324618,0.457525126710704,0.813917940773946,0.5768368801641399,0.38818415902133274,0.48633405970365473,0.6209393532927588,0.2559574573411044,0.44285242517162215,0.18353330074561458,0.4287837639101465,0.3403754653418169,0.26804875970782055,0.1598751822852913,0.12409986575485936,0.37126759487942645,0.2060186449939518,0.3921044794273195,0.366054103104607,0.12850724437796507,0.3359729355628032,0.26598211450256615,0.4437448978399749,0.4704010481451237,0.38403409744808137,0.2862144834493431,0.3487318053707075,0.4538596801237097,0.3568424540808899,0.45626600102088555,0.33754438865165953,0.5483258320407274,0.3709749165037539,0.2703541525094532,0.27823611384095015,0.49257798331180686,0.34625812156934255,0.2119804945862635,0.3313950840655076,0.26231225832722976,0.3036689844558061,0.1553842075356729,0.2820798277004032,0.47545828050361444,0.3703277055261001,0.5455864455007828,0.3607709109536552,0.27658299924568047,0.35785010822891317,0.7294651963081613,0.33459607475891284,0.3101498589508966,0.3296780707141802,0.09436990212909774,0.1985593896244217,0.2996797406694798,0.3805250816018648,0.2958806073582631,0.22731746710671075,0.7909880876083807,0.2473870897620891,0.34197696077743456,0.47402895479044627,0.2651179037850452,0.08836937871809952,0.3572838125956609,0.22610026449960496,0.6860222702538428,0.27588769136915725,0.27967313147901396,0.4203968946559194,0.4265391274971367,0.555506273985409,0.29905318028897615,0.32005317753773826,0.3252647604692417,0.15350526605449538,0.34344520538980877,0.5505969991015527,0.4179246960333997,0.35999738893450944,0.27467587581403596,0.319241295734384,0.1675422255448022,0.8325546111576425,0.5873438820888033,0.3411346380422425,0.4145288297533918,0.5505969991015527,0.34526248182704977,0.3515635549072252,0.21147568364441463,0.34332046839300084,0.3431045398457945,0.7625848109006539,0.2639215816984154,0.3602823022149151,0.7389640514055109,0.5344238543001268,0.5884116653401295,0.7188863279003523,0.608666130586334,0.22646124887826397,0.27735341288718285,0.38820721280713233,0.2769109096766752,0.603514354879017,0.061298190729574126,0.29580441394277956,0.05857335275884135,0.5006116747549257,0.4636111707969325,0.3273466092943735,0.620470181122087,0.2883828300271708,0.49699361541560877,0.37282275956009997,0.27232849250376495,0.47582979380163976,0.25678717411997887,0.627829029771368,0.6965591167267521,0.23151064994410897,0.6635816171319,0.2906670784222679,0.1414538060190522,0.31982239943220114,0.6444911768976328,0.6837504872762796,0.6045380384747,0.4564468351678484,0.1296023384245642,0.5486671458461417,0.30455146906791514,0.3316835990050295,0.31275949661163016,0.31878603963309304,0.47302731142771437,0.35513110690047317,0.5829632157924636,0.4538104222415734,0.5525155463528059,0.7398089556731218,0.7975084722625696,0.7702203766645379,0.05204881425573771,0.7458082078303087
CZE,0.30773749731755357,0.4434424220780922,0.2115778441823148,0.5378332508659055,0.13067346630105578,0.3146880211054556,0.23800956962513017,0.26261727606412166,0.15523362563861876,0.5136845851905758,0.2416231759136031,0.3951734191864545,0.36731769709578876,0.4113464758224037,0.2352679470069358,0.40162383508175054,0.1806171361560356,0.18323436290897427,0.28934718146676097,0.1500860411012599,0.4939874229743763,0.3482515190294326,0.4642595902088567,0.3975335107936926,0.3285100276443567,0.5780352305235877,0.636082845037499,0.3127560945730203,0.3927560557044071,0.48513773733226534,0.3155166786727617,0.4865788375985088,0.16915993263758666,0.3961574201695364,0.5528796681643661,0.3645246861865364,0.19218606672647934,0.4102781740864047,0.0,0.18634993033835076,0.4910203733190394,0.4240869473228998,0.16861765884575486,0.39268958405101495,0.393924790560249,0.3003119080143409,0.7963666523534445,0.6836930097349151,0.08468788917196023,0.5342202858415929,0.35866371276081177,0.5131393350248109,0.5100563045249202,0.38076290393867557,0.19425517035852705,0.1321474846885462,0.4225820182535373,0.3903619995376086,0.3808611343219492,0.5666909820530031,0.4591399864025405,0.2332064189501427,0.45702344111207643,0.436876740580531,0.4579467157125773,0.3095599200700926,0.18460341814092288,0.5838491460058792,0.15611999325049963,0.3152954491609522,0.2450179248494565,0.17474396153892716,0.35791642305633,0.37280850551663003,0.372592676243192,0.38909364076079755,0.27032840274373804,0.4909581424340566,0.45373300241768055,0.27687983209366346,0.16524690567178765,0.4166466955574759,0.24868876499380713,0.3942755304962057,0.21124213836374534,0.3629822773658731,0.38982624756138806,0.2697277201936011,0.455850512306593,0.5813756599878714,0.3412220110849843,0.3639125050253551,0.09594854251034565,0.7379248653288595,0.14057513651173922,0.28962338422504363,0.1505623621261667,0.4344397964475654,0.35224678995053166,0.21983360241947225,0.1944314265044234,0.5309543617917365,0.3337048645950599,0.7759167920569071,0.3893456764570829,0.27669464343019334,0.6087739879575236,0.381145914593692,0.3736935465345203,0.4764438052070687,0.35864846767805364,0.7165047466582752,0.3949194371881411,0.40179721841202803,0.5852387970872325,0.3346941357848604,0.3414614416336662,0.4045431321796184,0.3683000303547248,0.5483197306992738,0.36983204363955974,0.26394943603134274,0.33414312213190756,0.17386976571867144,0.394160969923006,0.5283001295060706,0.24270756684989206,0.3758494427484302,0.832554611157622,0.6854699903650578,0.13388264337847441,0.5989497381143118,0.33414312213190756,0.23322723122663777,0.5715347647086666,0.44432484432191277,0.26680814586540874,0.4138139465218485,0.7800506904262233,0.3842670367382163,0.3061761004133449,0.785232313344993,0.2330013362609269,0.3495316152211614,0.7748179831955324,0.6470282304604236,0.4458926984723118,0.25806519225294994,0.18575923961337307,0.46866234350211716,0.5952040422670949,0.3919886662362079,0.5368130432803208,0.40122857845838905,0.5324119731661632,0.506173092289096,0.4643788452081045,0.6522334740458098,0.27939414436688886,0.5335710933668468,0.5620291840718142,0.4145997107512651,0.24395165158075435,0.26609544272654884,0.3597756065378859,0.7616738426774983,0.4637305113544885,0.4390269208819553,0.2737731008725736,0.3974042876376515,0.3474502152499545,0.5279773422969916,0.617604045256406,0.6220844645535036,0.19832946188484138,0.3699901194469246,0.34595888394424806,0.3143523248977458,0.2976099548607,0.4989204832431065,0.4263844308695251,0.2235512623617083,0.32703946884415747,0.44589333116774127,0.39042166190827904,0.5739011476856198,0.7798867470023183,0.5081480010130727,0.7792776903387987,0.4267712826970416,0.7833922918937388
DEU,0.35196199930905736,0.5099476607384056,0.31985397095442303,0.6387511939181514,0.17762841446545022,0.4030719695344671,0.09739777356591178,0.15647878728892434,0.18562197477869527,0.4816844744453034,0.18286671781233257,0.41875334423824573,0.29265886750793335,0.32012541379779835,0.2632662385550098,0.46939011081354415,0.22355832401163775,0.16242919872611888,0.3184562231574841,0.141045381448967,0.44358449868996924,0.4201753571924647,0.43866368333401845,0.39550894373623446,0.2492843072741588,0.5298454645766898,0.6433793064856672,0.25986838583800936,0.4016154452755221,0.5395746184951692,0.3877421457159105,0.5513699582108009,0.18439439204713287,0.39519735049787913,0.5229020782453652,0.3633664780548063,0.24425711626163493,0.4147994286235961,0.18634993033835076,0.0,0.5597433567283483,0.4066853961937658,0.16727752508713042,0.4458250761080407,0.42346241997142964,0.37562922221784684,0.7910132887898691,0.6478214645913464,0.2354578643798747,0.602528113989971,0.3185606776887771,0.4782216392394737,0.46008913079189373,0.4288970002491213,0.14715056155361644,0.2171954966837915,0.3846587801061705,0.3785631736101827,0.4142009485048992,0.5249624728390375,0.44213608362519496,0.1016848587358553,0.4737654574675189,0.4101742128670673,0.3729865614166959,0.2890567005580469,0.20410511195270542,0.5426622347043955,0.1205882332658533,0.3816798243568043,0.19207303924208174,0.14760723459091601,0.33479470962900876,0.44934087383142324,0.2820210709992723,0.3439303148966738,0.1747061448391282,0.42268319967426915,0.4782276375441417,0.201379250098717,0.13647351777440941,0.4736291083695639,0.30302105416439673,0.3765469919065648,0.2539559601110356,0.3921938093262894,0.4562310281364363,0.3389780882668138,0.49745241103381627,0.6520143525961715,0.32392207172558024,0.3547363110839508,0.1952153946168478,0.7225397709901897,0.20457380090663577,0.36708520946250517,0.2129515622879955,0.43693580298748724,0.39120241229343916,0.302603377441523,0.23121706593348954,0.4794181752965656,0.36632265364926325,0.8164847441732502,0.45067301625012873,0.24328074301710215,0.5610713567588109,0.42504537387221125,0.371765982670406,0.4689319044625357,0.40904037236969876,0.700976492756105,0.4214669434847793,0.372028441317864,0.5285584729605853,0.22341192842251076,0.25959635290338823,0.44870886357127454,0.27370730567988394,0.5063195242875207,0.412055219865098,0.24293547058614562,0.37243882905433345,0.20901773069058924,0.48477689289618564,0.4739973783981635,0.17767282921533034,0.33523729438285893,0.8325546111572383,0.6573092883215859,0.18315367476908959,0.5439691894371587,0.37243882905433345,0.202964724106577,0.520508179955196,0.38169340846811906,0.19633631925380773,0.4475052457185118,0.7697236553806542,0.37926516756056877,0.2266101729629163,0.7724433166450538,0.26170341133214514,0.3335758707951378,0.7596620059858339,0.6421695978864632,0.46886570509236136,0.3080674124805593,0.09128224703698029,0.4388275132596226,0.7048073978948706,0.4088211658117835,0.4852990027265837,0.40061518978875776,0.6087237808164706,0.557576206870921,0.42208860838906004,0.7208191572999126,0.31295405924011155,0.617331810399549,0.5234380299434492,0.3607434626661815,0.31045869346812355,0.2842895684873438,0.3218379520297591,0.7432515136325072,0.4769526394304108,0.39308463916855474,0.36326929569255717,0.4396397334768437,0.24749067133674926,0.48796119485724443,0.5872185484801402,0.6443239504182211,0.06355187906658001,0.3881268502219036,0.32491515124284354,0.27108699863926217,0.3093418872449874,0.4403184700941208,0.4230846665716433,0.2866813367031562,0.21701792201777173,0.40799603131275375,0.3044487428513254,0.6316366051885896,0.7655030689507716,0.49310043639234746,0.7746212585653678,0.42469823660849587,0.769943443086471
DJI,0.3575007981699115,0.1998916763395826,0.4219853070550845,0.3148962534767141,0.4867035104064653,0.3801411591336369,0.5864842586459822,0.6030545322478663,0.50591845518987,0.3781715407888092,0.5781359853774871,0.3434119236767635,0.5021288630480335,0.6097591121948623,0.6135688617171802,0.4110096693307547,0.508848573909536,0.46328243820300524,0.33551371385624296,0.4688959041289326,0.6514624367021881,0.31833065231740976,0.4591254916155689,0.42910104381326103,0.6925399493796836,0.5502289541668577,0.46177669322810716,0.6076901149538235,0.39498970041937664,0.07656759514822327,0.3814143955008764,0.3585787656728536,0.43889340020699585,0.36113080938867653,0.40346994552340826,0.4651757481002612,0.5482991168622052,0.3877785271859851,0.4910203733190394,0.5597433567283483,0.0,0.7523872575694149,0.4549216251170718,0.2911249483810225,0.2503885521596325,0.4619802320839006,0.8325526541337407,0.5951943716691502,0.45001739940336005,0.19736682081654625,0.731006677948975,0.46258273508156683,0.697898285634806,0.314031816998746,0.5832054480385874,0.4175245276895148,0.4118736044008672,0.47701286399889264,0.33892573704316864,0.47570645659063626,0.35590915294903314,0.5651960726013389,0.2916620813190336,0.49585687423298686,0.5893661108042354,0.3868861869592158,0.5540885264938439,0.43326060936081406,0.5066764289760941,0.3503868396363791,0.5628403906109168,0.5602123006007526,0.5721039994643685,0.430197159312774,0.5344316237883207,0.7073033352403786,0.5955460933217224,0.5973944452933255,0.21571165306532566,0.6685964497474667,0.4771977035037542,0.24398295771562836,0.42019775794491865,0.4040772034079204,0.4418892470514688,0.37451243997474215,0.19347616847582907,0.49771353156952675,0.30576977822241447,0.44901870011373685,0.5630728720435397,0.4098299256798812,0.4421690044233333,0.8301145231814734,0.4250841201373337,0.3199014106638264,0.4164364702123123,0.3633186648532099,0.36879306513490384,0.35454002912952526,0.5064276467460377,0.6276858002716738,0.40509176367212846,0.747074664853351,0.19294650571793992,0.48034904965303626,0.45829869616132385,0.34296090755298553,0.39586797333325063,0.3452941378077154,0.3455616118452775,0.6077582025141155,0.26753278419175275,0.40087896776700255,0.5158110239926281,0.6552582301817228,0.7198441585560567,0.31976758669016603,0.5222807411152003,0.4866704072543324,0.2849221479934229,0.4746010657438548,0.587384867411865,0.5283894547169491,0.32464755807413614,0.5191233032324779,0.4742694331618512,0.44708830817794526,0.8325546111576514,0.799860378829229,0.441468826344302,0.6129485410420922,0.587384867411865,0.4766299612734005,0.659648092267993,0.5391267279756319,0.4977505568812729,0.30773658330225656,0.7261156534720563,0.39383295026230125,0.5260255469576488,0.7690814477742133,0.611697204906305,0.6952491737129616,0.7586350759933688,0.47979171971462403,0.23824330222958331,0.40540510888216263,0.5366602963655637,0.38802768194911963,0.43307567561315735,0.36915775984782967,0.6232594933227963,0.4190889086811622,0.4075818037773435,0.3175106051028685,0.38911248724284236,0.5067578687699961,0.44326962689441324,0.36896734446897056,0.4526506241739117,0.44621088835868594,0.516709558785486,0.4478150660016491,0.734634553296654,0.7366469040771625,0.2762538067362409,0.8054070525574396,0.2937912454940558,0.2932162555206715,0.5302520519003406,0.8172064531538857,0.8285283433480098,0.46072376599124587,0.5927546434830218,0.39495462904077183,0.6736408513529146,0.443295064745757,0.5028006240357417,0.4358126498144144,0.32035349151212295,0.5253223107831291,0.583726601068317,0.7240909501840487,0.7024642082398302,0.33089564493310014,0.7402958390868031,0.831576019706803,0.727242837036875,0.39256401506886823,0.7465229081429754
DNK,0.5914631472544577,0.7112080273477059,0.4578359946037872,0.7461448343131716,0.4484215498381307,0.5390045950902322,0.40958695051510635,0.36164290494558676,0.4216623239451198,0.7312388628651387,0.40483918347248044,0.6659513200952898,0.5477119901708135,0.5400689414892392,0.3284052811159976,0.5836775484383135,0.3983043231576832,0.47581911462151605,0.5951298076632865,0.4647071590549343,0.6190496828260159,0.6105327949346,0.6890925295347744,0.6457026890356549,0.3784829836660365,0.7349047587727137,0.7952299619519779,0.42590415059256487,0.6519449885300247,0.7492114781646134,0.5528219201082452,0.6995813051297147,0.48998896937274605,0.6641290902418744,0.7496160029299521,0.5961073877914441,0.3439683385709661,0.6688748366748246,0.4240869473228998,0.4066853961937658,0.7523872575694149,0.0,0.4797398032935021,0.6649270761971762,0.6822517905998579,0.5165609648273188,0.7869964063787488,0.7850321948380043,0.45084282200800185,0.774065456367486,0.3398640632743236,0.7183786516805435,0.5907537763597595,0.6522443183501694,0.37722983336432336,0.49117745740755686,0.6593438309236439,0.6189800406616436,0.6525920432025797,0.7438591392387197,0.7058451019062311,0.42601188554873376,0.713359558336488,0.6551725356653079,0.5878608624875266,0.5860216989925857,0.3887954965984686,0.753720474437354,0.440653434277994,0.5769308100248738,0.4232447295811202,0.41066504837056234,0.4993089233653136,0.5781920342400252,0.5220395467521682,0.3125842592928039,0.42254168247561885,0.6456101949820287,0.7240669818062028,0.32405880299718365,0.46318499846628175,0.6908984946460333,0.5031769612755035,0.6457552911134016,0.47708563038436735,0.6267500083700314,0.6864376493018104,0.4805406001553799,0.7191337116330265,0.7311126844313921,0.4815978330433764,0.617512137184879,0.46789507585174134,0.7384528377446888,0.4897875274940754,0.5966850219937084,0.4977303798374999,0.6922792890846883,0.6137426646211649,0.5367259506417638,0.3995948567730696,0.6757817661339153,0.5822511020913764,0.8263838350410948,0.6842222173933935,0.472781512968215,0.7671294575055363,0.6665506544657449,0.6371700447355254,0.7148748065778574,0.6206246290650713,0.8087543116212476,0.6795922078876523,0.645181779297854,0.7329183164869347,0.42031878991741217,0.3535683858012277,0.6859801920558992,0.5308026785975379,0.7322963127803266,0.6564417350454641,0.46721632940869473,0.4789681875176477,0.39293873653228095,0.6432095453574942,0.708635228427958,0.49267585461761765,0.6159705946972532,0.8325546111575172,0.7249622381325741,0.4778804899374559,0.7185619080578576,0.4789681875176477,0.4508080602813987,0.6959078261165079,0.6339991878795052,0.4564330239472971,0.6851381264995645,0.8220669437431326,0.6437888514448632,0.4512939896714204,0.8154338699522531,0.32773012383780187,0.1218177208021821,0.8107773249390805,0.7955043997529053,0.717529014458736,0.5202201814847061,0.41834243366956714,0.7052660935362522,0.7819884493645105,0.6578058875232604,0.6831752553693552,0.6523475179773636,0.7039370301493079,0.7469032145237648,0.6870185297599252,0.7709601293378858,0.5073798166776528,0.7214212633953935,0.7456873993226191,0.6363050724611038,0.4652500637249243,0.5116293259013381,0.32578992073199775,0.8064874932211155,0.7235694572098741,0.31218304695068044,0.5901357937241839,0.6738345955135308,0.5155510935211226,0.4180194596770343,0.5697804574557725,0.7887788589532007,0.38390785765070257,0.629544822741552,0.2136349755101786,0.5398247269416121,0.47592053613788615,0.7006337638603246,0.6843880840125323,0.4534880777695191,0.47630804483957834,0.35780675880829393,0.4327399992181908,0.7862055627338848,0.8169299991202076,0.3303252011909489,0.8234641815428736,0.6803771877227714,0.8179329385180324
DOM,0.2298278073916463,0.40981630313502904,0.254691254870573,0.5541553465193302,0.11106938443940192,0.3233285697163006,0.19306864599729012,0.24803711823227903,0.15812830472345565,0.41677040805664217,0.20279942315921398,0.3280698583460595,0.2645220441782882,0.3411621711247669,0.32120430569223213,0.40714969995877004,0.20482650016413606,0.09282552221974741,0.18653190195500696,0.05862701431111654,0.44258077489563563,0.3264660077005211,0.3841391783365699,0.32422239411039,0.34109590852769983,0.5097787081181011,0.5832094792120661,0.2760160153064308,0.32128372849482556,0.43567964266075054,0.31202952832837355,0.4780958412452125,0.033170285893981674,0.30696479943282545,0.47431068270359655,0.3009143924050801,0.26691102517321275,0.33517676987841427,0.16861765884575486,0.16727752508713042,0.4549216251170718,0.4797398032935021,0.0,0.3485520483399909,0.30906867273339594,0.3509219940273245,0.7963705809887766,0.6356135184539863,0.18094558035539698,0.49992020362019624,0.40275350432089607,0.4332053148403651,0.4723006412185655,0.33330602309040447,0.19255329253767686,0.10935602435746451,0.31271461520857263,0.3207882886599518,0.32139831187895435,0.49169212127981626,0.3671789107852097,0.16292697821025096,0.3714517987531744,0.3614633554326913,0.3799652365341664,0.1876263150196883,0.21835327371904256,0.5025526230987004,0.08602829554786304,0.29134321291653137,0.19685151584083957,0.1874632025304637,0.3179634255838959,0.3923971136695904,0.2786294064847755,0.3955930626863708,0.2147392619800645,0.41586665532101885,0.37637453659267145,0.28529240133285955,0.08856669761740002,0.3733987114054456,0.2019920504792934,0.2902760083758952,0.1807218340748257,0.30496419804203057,0.3326284085654142,0.33547232564510526,0.3891561887215535,0.5952992958816784,0.3055442465276242,0.263406926387392,0.11012455641154041,0.7325379735403078,0.09303473748212587,0.23593724157021484,0.09541037181775473,0.35647182018748247,0.3031092900377967,0.18693690364148605,0.2083750680637929,0.47049980708203826,0.28631147408044266,0.7894043953172265,0.33150109387018784,0.1883461015049841,0.5303237198092553,0.3124530115373249,0.2881664888063545,0.3828951714520283,0.31830589995944414,0.6756303898357401,0.3052116347400871,0.29135549968703894,0.5096783239690353,0.3055703637141459,0.36487221722692925,0.3345921588374596,0.26878618442768576,0.47202442849744647,0.3057389153249124,0.18080466830529957,0.38084555409375737,0.20497003885393264,0.39238162559522854,0.44748558863329385,0.13453449454302002,0.27231443307434416,0.8270824573706276,0.6659427812036715,0.08387257386367475,0.5378997054039069,0.38084555409375737,0.14813207224741196,0.5175144674311364,0.35688787325071814,0.1728694353917687,0.33421084764145764,0.7593959846944454,0.2851728293586597,0.2211653610789333,0.7703502490230059,0.3190941610603732,0.39840023246480705,0.757379200008766,0.5916009653376797,0.3703178132642999,0.22474330288099467,0.15179353963489495,0.3658487489048947,0.6247302053837867,0.32271528789617426,0.4754336671677225,0.32714920871231623,0.5448285440258189,0.45488797545278065,0.35742610036191547,0.6723933978821919,0.24573451831150342,0.5455129297159175,0.4854647891176279,0.3037671385038424,0.290859731288291,0.21248402250373108,0.407293206335096,0.7400519297516197,0.3884801325304557,0.4746457388807074,0.23627686298263476,0.34179980192567383,0.25169256086023506,0.5381574937582675,0.6167506665576115,0.5754269965311735,0.2160187973593732,0.30572503423479136,0.37478528064759614,0.20017249289306643,0.26804471409081615,0.3965202275271291,0.32537282665563955,0.2699847062987561,0.2602997912068961,0.44990263604005404,0.36286598472500586,0.5374570137215181,0.7611559732606729,0.5877325853278059,0.7598206775720532,0.3487778245044433,0.7659106908570258
DZA,0.2886189398821675,0.1337222991593701,0.310173891588712,0.34756448741137724,0.38737551430773837,0.2520911945040219,0.4598748015594365,0.47890379311159653,0.3716048862745459,0.4093434035998761,0.4098649062408734,0.12916668560643862,0.3763241052887038,0.440732111107727,0.5088976844630232,0.26602046638282434,0.3585293162029664,0.35838232511688156,0.2574481483760646,0.3645418192881409,0.4479739934857948,0.1344102103133269,0.3133829589087617,0.21104185567365627,0.575827363192711,0.4795138227801653,0.58710528930796,0.4267008176540361,0.17482868578836455,0.29934848010481696,0.20894822078343375,0.22155677603567384,0.3356835935208887,0.21189213643099714,0.4456866941142554,0.23609478431009218,0.41982556346813416,0.19697658303165205,0.39268958405101495,0.4458250761080407,0.2911249483810225,0.6649270761971762,0.3485520483399909,0.0,0.2320747529887971,0.34558250744583946,0.8095097822516857,0.6239086454108487,0.350184241681763,0.41163161209793164,0.6283252082272613,0.385445064692638,0.5048794309207719,0.034726762794863524,0.4468078398198761,0.32198940022829137,0.3284568697117464,0.25234982868412836,0.0877951581691651,0.46326654585369514,0.30719263293613497,0.43767942570306934,0.3616904459799705,0.2974153660946317,0.4387140718348776,0.3045777617396073,0.42698032932533453,0.5028883667977858,0.3999620289849467,0.15459000083160587,0.39052219869616717,0.4617577494892681,0.38024161447720717,0.32014729400796266,0.4027222606542087,0.5631315773053853,0.43041219930307395,0.4150935349504418,0.2870836709039434,0.5218925108145276,0.3703523474168869,0.07067718914986862,0.3144596836437937,0.30672622284148876,0.26702808650667104,0.12150065371380234,0.2154532997529768,0.38625526429681956,0.35629974653622754,0.3971640438862857,0.3751216120168972,0.304310733916109,0.34424790531184524,0.7459625829286017,0.3285811756049982,0.26933904069942444,0.321085299317185,0.23231946666312364,0.11659495180348485,0.22428853674214902,0.3474251688763167,0.4451735025264593,0.17131097407544346,0.7680924330973252,0.17053272685474197,0.36792460988353204,0.523572485186296,0.2654531965108473,0.20175462951280249,0.37787973670464936,0.09414245545697657,0.6834957589896191,0.27629156537727634,0.3223503649517857,0.4970533092480977,0.4941437147554382,0.5882589906336546,0.29244913757667823,0.3956433008965126,0.4371900684611925,0.09253408232548263,0.3640156853588515,0.5001161844760308,0.3900817955020961,0.218561149258905,0.41581998486727395,0.3632621518247781,0.2882966684858272,0.8325546111576327,0.6588069743660908,0.3424756584596659,0.5178697848288908,0.5001161844760308,0.3695104158206441,0.4920261615178944,0.3597457941555437,0.384099762584406,0.3279541551085624,0.763100896534058,0.29751664347975454,0.4042107527709314,0.7630145064002716,0.506313079163226,0.5851605076270078,0.7483859457974312,0.5978717229295478,0.2513797824232757,0.21270052767329153,0.42208169564206055,0.3526841669449902,0.5067220151370808,0.1487430114343619,0.4476903068396748,0.20663840374288395,0.3412633939217715,0.42886907644116284,0.3728232963030968,0.4845644170130389,0.24330688210536894,0.33361789279468645,0.45716691653622343,0.33842648801573255,0.4189990583883872,0.24961869010142504,0.6334101264243507,0.7299553424312933,0.2790596578714548,0.6756150407328012,0.2003986056289188,0.06586949758075142,0.39851190923997404,0.6664136775375232,0.6953604532118087,0.5779523482490185,0.48263019516181244,0.15181930150922587,0.5481201051690856,0.3432384376500263,0.3129978267505821,0.39459935481458763,0.33633684873556,0.4305820559613371,0.4336818977522285,0.5906628911391382,0.5226369542137446,0.4984157497167993,0.7568080939766334,0.7823897979098194,0.7652711205709791,0.2293469899490047,0.7617932938978544
ECU,0.2060275938544378,0.24305693106446646,0.37210589731999866,0.4580037981006757,0.37708898072980274,0.35723645724667735,0.44547420334988935,0.4659597965184336,0.4069472537991976,0.2573162352809302,0.435895188426562,0.20706166284907293,0.32463756121780246,0.4410783375693604,0.5540056951217273,0.4214582862811917,0.4259087763669915,0.3060037461135006,0.1489578713897155,0.32704116028264874,0.5036711735306075,0.29421607045411946,0.29617338902101287,0.26818963284662967,0.5856546880037653,0.43794858085942884,0.46996814322334113,0.4640893636534925,0.24117126714967166,0.2092773194526207,0.3555213646348029,0.40314259486201903,0.2933724778920444,0.16516138080436932,0.32786354516525085,0.31704370608462157,0.4859348635392971,0.22905311402324618,0.393924790560249,0.42346241997142964,0.2503885521596325,0.6822517905998579,0.30906867273339594,0.2320747529887971,0.0,0.46435054670610754,0.8197502339073748,0.560608710306671,0.3671221372115318,0.3230833178584954,0.6468175875026521,0.3255791008444396,0.5637520064568796,0.23511019453821277,0.46465443578569093,0.29747043605796275,0.2237879246555999,0.3174103340490654,0.22143486233402196,0.38089675289712976,0.18515941532415053,0.4179561751548144,0.18194884888085763,0.3278710585165671,0.42123596648326506,0.18532153486825148,0.4679823345292721,0.3633323111627441,0.3736804401043487,0.30008378243947526,0.41642055557369,0.45062248302689945,0.43861683404341606,0.4576688051130238,0.36164492999834874,0.5976310718132563,0.44206874965017523,0.42486086780032933,0.11033076475634576,0.5477657616277045,0.3246994719495724,0.2163902658299313,0.2917451304911376,0.22011514481398617,0.338082062051258,0.25225469487045027,0.11345261611063899,0.48484012633592044,0.23236315188331902,0.5427395606185067,0.4347806069892041,0.23065347142122786,0.3241689098432474,0.7810009522759953,0.29091994864036885,0.20100577295604347,0.2826244990492588,0.20900440741956483,0.2669618720566678,0.2754694210510162,0.4165783504026786,0.47823003669577985,0.2965385636883309,0.7737881311409319,0.10939979000578745,0.3210359320904627,0.39786699061403014,0.20431760935885737,0.2100420061520432,0.22109907403211196,0.2711382273807882,0.6021481744044622,0.0693742643547272,0.21127120990946704,0.4077479155180149,0.508331949596237,0.6086551525534292,0.19655392699075755,0.3430557924499971,0.3706698978467623,0.15855902646525105,0.31923613519992994,0.5596901667096598,0.44514435268434416,0.3371915189059686,0.36902880053264664,0.3014819374104892,0.24144716115215287,0.8325518423700672,0.7089906181827008,0.30363979274730646,0.4911512354463815,0.5596901667096598,0.3204148010916019,0.5224077430719214,0.3525479070457705,0.3326873812196609,0.18378973352109707,0.72213139772036,0.21464518501765564,0.3645399495348939,0.7518897651792334,0.5519627497507821,0.6123091322328497,0.7369602437913294,0.48003450425283056,0.12207430541782985,0.3113303379105418,0.39109838410947284,0.2245848789223921,0.5469157992805974,0.2233487771960651,0.4751383790383025,0.2579659802393541,0.4939294682337192,0.3130972970236997,0.21936869599747155,0.6206117606578947,0.33965326839854526,0.4765716332680268,0.3631406399957095,0.25671109737123154,0.4789977322775016,0.3167973734792869,0.652339361074787,0.7128131070147584,0.17446159369498224,0.7126397138526109,0.22237972717545093,0.20086047720907182,0.3523958739100005,0.7154677389277273,0.7442811447796844,0.47975089832009543,0.46881851587560697,0.2557569987773908,0.5807824560404501,0.2608834215007187,0.3909985339287867,0.2739166152031756,0.14793896228761466,0.47333949608929704,0.4186495283331789,0.6237512414212053,0.5585671128732501,0.3951974586867302,0.7298164643446511,0.7913891249601583,0.7265326650701016,0.23106717766728413,0.7366867964598892
EGY,0.43155703382337657,0.36882797094417513,0.2591232738980256,0.39955927702890787,0.3146272336021031,0.27787343504636874,0.4017572433015015,0.43024252891476983,0.2712962704183056,0.5918074211061642,0.38446059672928123,0.41672260952251583,0.4920775824290942,0.5188916519701653,0.29612296745540784,0.23044570127440953,0.23671506281006152,0.37871532693122534,0.4073125115724508,0.34658229858652906,0.5705512288025598,0.2537406783994185,0.5330239058295484,0.4513046732668652,0.4470321054121361,0.6372394015223539,0.6784359393664973,0.43291739300889015,0.43433770983094455,0.4866602003153307,0.1936894495965372,0.3188314672791395,0.34838340341115526,0.4655441542785631,0.6136126848097517,0.41903787161743733,0.23041244428251162,0.457525126710704,0.3003119080143409,0.37562922221784684,0.4619802320839006,0.5165609648273188,0.3509219940273245,0.34558250744583946,0.46435054670610754,0.0,0.8056424102277018,0.7194378423671549,0.2767000185316442,0.5421067547476048,0.4572273088949103,0.580523421874497,0.5846113245502378,0.34649261541498805,0.3469173305624567,0.3184647270688633,0.52668498824442,0.45412552555082647,0.3829803256250114,0.6271078532342331,0.53282180054738,0.39929886974369244,0.5393427645790574,0.5085520253012888,0.5526501959039264,0.44124015977655845,0.2800918148893971,0.6428640923888054,0.3490468463733584,0.24582551044802814,0.3842728761231898,0.3504312251774735,0.4395718418838354,0.12509358753139255,0.49626488900871607,0.4934148368382424,0.41788724476226985,0.5732540545041326,0.5079772209328068,0.4158033385734561,0.37110608030987463,0.36619811935347973,0.3898570581543675,0.5048888557835953,0.26397100105621163,0.37164776391409826,0.4314514128311631,0.0902805170464155,0.5368321223872767,0.35863713435364836,0.42056072741115447,0.4828034302490603,0.3172139817729398,0.7609246418099369,0.33847181285657474,0.3992861125408851,0.3369398690701969,0.48497662869978764,0.3394304582653141,0.2559633710410057,0.25559180001614695,0.6002980115117575,0.33633702984464137,0.7801563818895074,0.41195551023114163,0.4315052538065607,0.6647225597364345,0.4791885522180461,0.44265617645302685,0.560814210880045,0.3140866868694443,0.74415800869417,0.48164527862717676,0.5110202114640466,0.6443218082265075,0.4647760972782803,0.4591400262277415,0.49776500104798466,0.49207634545345746,0.6120440811802206,0.3827804482797893,0.4224170575983924,0.2913674816865341,0.2488951625679778,0.34035025683480996,0.5993872093794165,0.412412440594397,0.4786152784735672,0.8325546111542671,0.7206774896312651,0.3435851084690481,0.6548805688224066,0.2913674816865341,0.4064768113224174,0.6328514281085271,0.5362187261711059,0.42871176767328933,0.5067046929077129,0.7933405857655693,0.49597850959278905,0.45356010915967204,0.7974097123928777,0.2938170853919062,0.4516107693616944,0.7893931456348341,0.6886060821984213,0.4902228965706305,0.2660336728062913,0.3885098062507498,0.5592288248635569,0.5603981888983408,0.4231403682988317,0.6049706697524081,0.4535398565670239,0.3182468901269046,0.5714778783844361,0.5543345406673301,0.4313064910440597,0.30152245676957495,0.3299536327130309,0.6227856640378105,0.5225929308160842,0.23286852179926248,0.33103442884078316,0.45806058887025597,0.7793410482867046,0.508021383544464,0.5305469810388154,0.3119049022932048,0.3833967240564426,0.47773404173138095,0.603624590533869,0.6697021166013251,0.667904129411604,0.380339730165931,0.3980687816485574,0.44594778456005385,0.4541360896391738,0.3484680996412583,0.5820902095584874,0.520316390757255,0.26491094943437116,0.46511520683605506,0.5334957959487837,0.501929352839766,0.6056932081461188,0.7933022941637445,0.5809740518317804,0.7925851513810609,0.4809060542451373,0.7959282223486553
ERI,0.803619048475363,0.8260957517026151,0.7991949891330686,0.8284143504849858,0.7967303942614276,0.8006399541122766,0.788694863895665,0.7868421743658676,0.7913920535061277,0.832554403682454,0.7757013197286408,0.8108317714154286,0.7875077664434823,0.790179995915858,0.793979401811746,0.8031623986179179,0.7866245006220385,0.7955518765661679,0.8066996268708244,0.795651084889094,0.7560024620912981,0.8058320618602797,0.8283116175564189,0.7990762954184735,0.7891837056928002,0.8325544938438075,0.8325546111576694,0.7633372106306071,0.803192101178783,0.8325537399894954,0.7998905650769966,0.8013296377786611,0.7973807884343388,0.8143151367028787,0.8325546105946454,0.7775831285512437,0.7899651589882413,0.813917940773946,0.7963666523534445,0.7910132887898691,0.8325526541337407,0.7869964063787488,0.7963705809887766,0.8095097822516857,0.8197502339073748,0.8056424102277018,0.0,0.8325546111576665,0.7981639404512725,0.8325546111575846,0.7866002611492833,0.8325229679959528,0.7228266955856544,0.8049036074021081,0.7852162670768844,0.7989925313956459,0.7973735002788733,0.7828009598010924,0.8041250032230409,0.8325546066627956,0.8273978399448195,0.7894552934284651,0.8243115151040882,0.8050617496571365,0.7953576848943751,0.8047197171819965,0.7900769220529809,0.8320358253764275,0.7942860352933021,0.8001922552390757,0.7767476053861138,0.7949292311559744,0.7558659854739371,0.8101823284453893,0.7872420255398408,0.7509837322866106,0.7798502691849402,0.805418359188531,0.8297736128331236,0.7723115202243375,0.7947296305722859,0.8196461269612788,0.7945309332276272,0.7931699430417958,0.7892980496012424,0.7941678422116153,0.8204664378476992,0.8036723557444119,0.8190776847438954,0.824210128670238,0.7593846014857177,0.7927871850136395,0.797521129981842,0.7949562417684719,0.7982766547055395,0.8082302283739181,0.7988968771622208,0.827347380716501,0.7930496992698232,0.8020166310078719,0.7837536252469559,0.821736313529176,0.7859232342670198,0.8325546111576851,0.8200030584843814,0.7905242485108053,0.8325546111576747,0.7970603135079626,0.8044495674282428,0.8189593663332883,0.7974657957140582,0.832554611157672,0.8190006641693404,0.8005707486231773,0.8270473776858136,0.7810818668680407,0.7834008191491602,0.807005422939187,0.7933026886784298,0.8325541966379487,0.8115948173903762,0.791118167205731,0.8055536103513545,0.7886008385268785,0.8068937474075176,0.828850371934052,0.795255638317712,0.8034581673448432,0.8325546111576819,0.8322220343900298,0.7971638766291308,0.823090102773007,0.8055536103513545,0.7931724042802376,0.831158611318882,0.8035308648258545,0.7920521172210222,0.8174287662073555,0.8325546111576867,0.7937561113627749,0.7877551785986315,0.8325546111576866,0.7938009283569896,0.7789967657170238,0.832554611157684,0.8325546111576692,0.8301669097735915,0.7916477929642447,0.7911906969030793,0.8316556085305804,0.831942460061324,0.8065341786304558,0.8268827716875686,0.8033121224964771,0.8207855714400067,0.8284490565309162,0.8160751381654394,0.8299575749588661,0.783238600101115,0.8246608212226975,0.8325546088423368,0.7921434665320523,0.8021986332371437,0.7847176041818382,0.7857666388526832,0.8325546111576813,0.8324623230721534,0.7538333275080418,0.8078355713931626,0.8136144074889059,0.7934718841832172,0.7425176433572079,0.7217690508674403,0.8325546111576702,0.7910094772387442,0.7932410650939193,0.7713015769798707,0.7966050379149766,0.7725109154480561,0.8095785704921741,0.8191649170992289,0.8010070325859346,0.7881067407676527,0.7509984374429693,0.7728852587222489,0.832554611157667,0.832554611157686,0.7748533431249814,0.8325546111576866,0.8217886687695702,0.8325546111576866
ESP,0.6348545246506112,0.6212993874469108,0.690547479886828,0.737902079634002,0.6710242503880522,0.6896535579559026,0.633695866444503,0.6416972309424246,0.6749050157807489,0.5705002630163324,0.6624457578551192,0.5901439916326873,0.5994488851669467,0.5432298737779911,0.7386701537675968,0.7070940626969787,0.690217646196946,0.6281899429070188,0.6018658319480908,0.6422962210595989,0.6841823392378329,0.6582516065922458,0.5483085453588203,0.5983382348375468,0.7003822025099979,0.4825692302609325,0.7457352966216446,0.6782001839976386,0.5949776143473284,0.5539038478628109,0.6797961611891448,0.6945383806991369,0.6359758762578825,0.5426561064765262,0.3585112506143805,0.6323211399564499,0.7159819140806261,0.5768368801641399,0.6836930097349151,0.6478214645913464,0.5951943716691502,0.7850321948380043,0.6356135184539863,0.6239086454108487,0.560608710306671,0.7194378423671549,0.8325546111576665,0.0,0.6826099903268866,0.6657469769590768,0.7626173246832232,0.4873144941163321,0.7234359822487,0.6241947850620264,0.6796774539544774,0.6550999256417478,0.5875170138581388,0.6202104707087548,0.6085621223265422,0.3929762384976058,0.4744479175926904,0.6252548960677176,0.6096034196597004,0.5956543874049035,0.49182414635859284,0.5835142690128104,0.6993816863551408,0.5546177891819408,0.6517020735184715,0.6573520343816213,0.6543073295739711,0.6833784759274405,0.6812557383940514,0.7203174970802277,0.5859464073257331,0.7472954363936889,0.6393584000422611,0.5595201769830476,0.520779709971822,0.7107921886670933,0.6323604039733363,0.6129606830817752,0.6561914850248106,0.6064111962860579,0.6561215550388378,0.6220261614440895,0.6120358838782457,0.7237646125609405,0.6414263851190616,0.7530357655968588,0.6824851761340164,0.6172406248240696,0.660597683815783,0.8324949437429672,0.6471524394815533,0.643876287563406,0.6461688659082041,0.5453810736755925,0.6348108116966705,0.6509851630093428,0.6861681009928714,0.6398857572181827,0.6442787710223131,0.8323783006507618,0.5984169719409926,0.6351703607815882,0.4701365247436641,0.6317194306248004,0.571680410535071,0.6049456504359734,0.64195473618381,0.7652646324932219,0.5816602903328004,0.5947834610733519,0.3843474953829435,0.6231930458581013,0.7127350186404422,0.6319892813264015,0.5576538003596218,0.4498758664723298,0.5921687779168436,0.6397350372781248,0.745139760370099,0.6946793145200882,0.6880070728517779,0.4654789765829635,0.604037047829365,0.5378648528451098,0.8325546111576615,0.8170254418629269,0.646062282835269,0.35250510992781925,0.745139760370099,0.6343946224784244,0.6546825599572323,0.5456188519779424,0.617242641915946,0.6288165420333331,0.7971985783785456,0.6132561660058239,0.6216985187768155,0.5797239186341597,0.7379647424478489,0.756723795318833,0.5847630541569973,0.7260033151275999,0.5159778543173702,0.6520888001600788,0.636936586827428,0.5779415119549007,0.7790338907940332,0.5932124050652153,0.6308676118707423,0.5924557189939514,0.7374032583057303,0.6770845527953037,0.5619541223524502,0.7828533596266123,0.6597762887737766,0.7333976494634703,0.3764349768986066,0.5849159012718489,0.7190014155997512,0.6413558916798193,0.7667910596219234,0.4814232428117977,0.4988374986686717,0.8174942382996374,0.6467195512602202,0.6018699483247029,0.5530913811673237,0.8302058824324436,0.832520638926332,0.736474772546514,0.6662246046555831,0.6150985494918861,0.743738187862481,0.6059114012701209,0.6744197076038133,0.5349393327856546,0.5845609636466287,0.7146668504801106,0.5690288244508974,0.7607059083052812,0.6843387904626533,0.7401563095196572,0.558559933234361,0.8324973215533175,0.8193465660018749,0.5606582359913485,0.5748967567091717
EST,0.2870660878141143,0.3978845378595697,0.15784458911911944,0.4855435673034568,0.15360496320811587,0.26119323222907737,0.2786569639789402,0.2954852140947222,0.16603465087584374,0.5075594540553721,0.2597988417570352,0.3649169293440929,0.3727745238011963,0.422167466461878,0.26763381320037594,0.36137520620382596,0.17567401468841565,0.19579141888505683,0.26792210156457463,0.17264526133683472,0.4976108782658745,0.29907883991672723,0.45441536197381716,0.3782205107311799,0.37322242517223236,0.5768456352708826,0.6277065803091615,0.323582845472198,0.3687335757550382,0.44965925663862566,0.2699298232783714,0.44498445102498213,0.17476567212906083,0.3762447651424327,0.5463026639532457,0.3461361620908691,0.20019473011820368,0.38818415902133274,0.08468788917196023,0.2354578643798747,0.45001739940336005,0.45084282200800185,0.18094558035539698,0.350184241681763,0.3671221372115318,0.2767000185316442,0.7981639404512725,0.6826099903268866,0.0,0.5009492574315407,0.40270721620751815,0.5069375778868362,0.5166567977823543,0.34004664552779496,0.23099493085016756,0.11949488158264007,0.4181140189514723,0.3758415565292824,0.34626533087765743,0.5631604432347334,0.4464811813647172,0.2690540184719769,0.4423872614809666,0.4277436170058655,0.4645615078117753,0.3039257950744057,0.20790891144174437,0.5798910894354126,0.19126610567461402,0.2683955295306822,0.25832384080488147,0.22358064709089734,0.3549967885513234,0.33773404517333316,0.38139457128922816,0.4080501441780689,0.2946042838711648,0.49400350803480847,0.429221117515647,0.31539904138314523,0.19216511353780802,0.3734119029715115,0.2280522332090455,0.3872186256786469,0.18364156229168607,0.3302948843143387,0.3498462944385718,0.26047326893753986,0.4371029184130252,0.543535648607826,0.33696478910664895,0.3562326784898893,0.10199690991612007,0.7414387692095478,0.1399657953468234,0.25442107438069583,0.14431606156632173,0.41373076927668484,0.3156006513356306,0.1715794259634987,0.18455143399055132,0.5325179230588656,0.300766047310958,0.766467332989301,0.3478709786258692,0.28239831780406177,0.6058101615939153,0.3580914503428614,0.35366236396965395,0.467040682674126,0.3172540807526321,0.713424636937942,0.37320750843535544,0.3964217209530858,0.5842793376273984,0.3632643097631745,0.3858388958427434,0.38292947033237945,0.3767492033976161,0.5446380941370491,0.33181507268914034,0.26834893476177546,0.346001968130608,0.18362648046177177,0.3377116614038889,0.5268126227466778,0.25438462368939935,0.3694717173557233,0.8325546111576231,0.6890222803647609,0.1450100052339515,0.6001197051607857,0.346001968130608,0.242706474870937,0.5737983108640723,0.444834265673365,0.27976566289238763,0.3960661660776622,0.7787725837571798,0.3749241001221156,0.3190633697693678,0.7852492028081346,0.2649723127148381,0.3732812008440954,0.7748820572760587,0.6404798477801759,0.4195941272843638,0.22028636898867685,0.2200299465048281,0.46225878189109243,0.5479910582593687,0.36454378315765956,0.5381152501886322,0.38125882430463487,0.49009804865220263,0.4873926442833466,0.4596409679013109,0.6170578528348447,0.24965450302012235,0.4883140270445558,0.5576203497546675,0.4131456541040202,0.24320188464379364,0.2423176620661225,0.40387842992399936,0.7616530245150478,0.440846539436081,0.4729747835151729,0.2210200460241342,0.3594067888773464,0.35818036046271934,0.5448331412804779,0.6276136468055329,0.6126123743964447,0.25477695728876304,0.3421174883638979,0.36408530404229367,0.31564658810528434,0.28095214093704524,0.49640593038044356,0.41496994702386514,0.23012002248059316,0.34660460215813704,0.4612868382423383,0.41277849429911967,0.5507439321824872,0.7794861161585337,0.5472593011330601,0.777506161451315,0.4075841917477878,0.7830238403039901
ETH,0.3935750723536864,0.3450494209728081,0.4888704467361193,0.3965802491702416,0.5295288143605326,0.46380945907185855,0.6362451518656002,0.6498735854897683,0.5655101488380833,0.39569420525603,0.636124517159978,0.4502564400382048,0.5466844219455637,0.6889071693149474,0.6584620061778195,0.5054753246221937,0.5746117730937884,0.5048607858557653,0.38599066102350715,0.5112384796632141,0.7094040760701238,0.42779277453164494,0.5515480820895671,0.5190519699106981,0.7357222651529529,0.6505286305043305,0.3450178027960425,0.6636289899674911,0.4910985233265642,0.2173334331777461,0.4789348672585729,0.46952858993971175,0.4837275515124819,0.4561187266405285,0.4980014998612627,0.5459276809349839,0.6068902206823769,0.48633405970365473,0.5342202858415929,0.602528113989971,0.19736682081654625,0.774065456367486,0.49992020362019624,0.41163161209793164,0.3230833178584954,0.5421067547476048,0.8325546111575846,0.6657469769590768,0.5009492574315407,0.0,0.7602245542895634,0.5621651780115596,0.7451045534884916,0.42838294333398075,0.6340585665434572,0.46316279443154507,0.4466235967767269,0.5574703431657863,0.4466909178589474,0.5786770042143394,0.4502029628380198,0.6158863564340897,0.28324295520574444,0.5780645038223142,0.6700403099956139,0.4306604695987283,0.6081975872921965,0.43226905293156004,0.5486986861299942,0.4523729140927413,0.6232114382723645,0.5973836632199002,0.6316320195918023,0.5186961174751809,0.5853329610494905,0.743387202459163,0.6555023722730019,0.6821100791835915,0.3027689202902882,0.7137125686888626,0.5190601009535151,0.37702608166950496,0.46510531069251565,0.440636114036025,0.5194057549643554,0.4737859257240403,0.2664146419796821,0.5685551719664294,0.3069375791305721,0.5348951094979032,0.6233159482339868,0.44737131255010826,0.48617919905547885,0.8324839072145512,0.46820293339169416,0.3615966868036434,0.46024109433642363,0.4677265947527907,0.46931204841780083,0.4331125845736245,0.5733736426428312,0.6992779548825924,0.4969189457166355,0.7441517645316925,0.29424396367045597,0.5194230977016256,0.4967600762011562,0.3862580361744122,0.4870963665909065,0.34571842590556373,0.4520864640329793,0.5405302118811968,0.3073511750367589,0.4329095909392721,0.5880625717071701,0.720396146452304,0.7666161405705761,0.34989088989107586,0.5785496421150793,0.5888653686159371,0.39605205805192223,0.5135024683109805,0.637223574658562,0.5888650530468839,0.4168529789407906,0.616619681385489,0.5193778501230901,0.5274568673918075,0.8325546111576582,0.825645093974626,0.48346982902238667,0.7149601651573757,0.637223574658562,0.5159491826310032,0.7314416560553223,0.6225322536923915,0.5400938930564294,0.315553976456819,0.6936003385148577,0.43062077626130585,0.5691903128754284,0.8126167003088561,0.6569754581484095,0.7275320250360705,0.8103656055836161,0.3760852514563386,0.3497835459323821,0.49272499663033176,0.579685877003425,0.42194850094570385,0.4513192724111316,0.4704204925491383,0.6973679506871747,0.5111850968166191,0.5016589379039101,0.27668347391101256,0.411537797174405,0.5799904831644408,0.5250131697637631,0.46337636343991406,0.5541545032917862,0.486418691806076,0.5737570804124622,0.5267288323237385,0.762633328665027,0.7961801829475396,0.3930157550245125,0.8248563056309961,0.37043702089390235,0.4123677633804771,0.5906312040887599,0.8313007294314622,0.8324998458145143,0.3758299997965628,0.633161630186617,0.48998394779818216,0.7107803749624885,0.4816891521418289,0.5730073854927334,0.4740491999307783,0.3359699672391023,0.576341321542535,0.6500494557977802,0.7556978511055886,0.7637574298831267,0.17350780214352796,0.7644609890278874,0.8324943433059606,0.6896552040765792,0.4914507302143478,0.769566048773229
FIN,0.5693904781669586,0.6808736366889458,0.4620792191066901,0.734708376052099,0.3326145175144693,0.5420832613933254,0.3029394242498929,0.3434007250995442,0.315377165779638,0.6947719039735968,0.3590080877692436,0.6213803588594758,0.5227533355404941,0.49668533216228555,0.22319887856443205,0.5815840334975778,0.3511236327683982,0.4315993059745682,0.5568353858134925,0.39396670344741946,0.5665383424354067,0.5851730976761659,0.6389645694259481,0.5962562736766799,0.12722220142854637,0.6923881305195487,0.784418003407507,0.40914962152225876,0.6043695695171771,0.7249199814461186,0.5351592412354406,0.6731166434223259,0.42116321989358635,0.6188361558480022,0.7161105950317459,0.5518212631473008,0.31879378834126965,0.6209393532927588,0.35866371276081177,0.3185606776887771,0.731006677948975,0.3398640632743236,0.40275350432089607,0.6283252082272613,0.6468175875026521,0.4572273088949103,0.7866002611492833,0.7626173246832232,0.40270721620751815,0.7602245542895634,0.0,0.6734224945771135,0.5468720745225721,0.6144619569498369,0.24844722390358107,0.43915972745125853,0.616719047792653,0.5695491909856556,0.610344132752068,0.7061295353570469,0.6635974961748476,0.3245319889679325,0.6838884902875688,0.6018916540652104,0.5495716423899741,0.5471027157313356,0.25169359356510823,0.7256876790134147,0.3363241962442314,0.5523885909256849,0.3815042712737861,0.2609951196129268,0.4780451328052265,0.524811286949381,0.5029812572270728,0.3753400445723568,0.3601808223492408,0.5924422587973989,0.6910534178620896,0.2291700075633031,0.4107335073962568,0.6557731800359267,0.5032904738758335,0.604341521731086,0.4411574491402212,0.5853248212648796,0.6568333895730712,0.39528367870830144,0.6888794551777251,0.722022769000412,0.4676327480565013,0.5810772368360546,0.4142449069516689,0.7237750145276688,0.44125807976295367,0.5734861129749812,0.44851709476639107,0.646541841727136,0.5770110253250637,0.488038464475903,0.3771469251535292,0.6209518630646764,0.5492219187098687,0.8262844668291485,0.652667774247693,0.47515220416564696,0.7378286075186852,0.6282147555111061,0.5909359083480306,0.6811940906795001,0.5872185841520453,0.8004140966983808,0.6460334457228666,0.6061699687540641,0.6967824616532469,0.36251024071164495,0.18103457850650828,0.6504357907802185,0.506955023186921,0.6904630962632754,0.6182175048366384,0.47198753072230104,0.27330785604752056,0.3013677814029779,0.6235749185801223,0.6610835036218773,0.4534352278892579,0.569821490576846,0.8075315947696449,0.6902133363351952,0.42752826403420024,0.6775459511208912,0.27330785604752056,0.4489517589914795,0.6437609676715645,0.5818374600500426,0.45064169070084953,0.6551045917056569,0.8179121306310384,0.6035842508539048,0.45687637515862656,0.8060870207679155,0.2259303201655846,0.3198881548326437,0.7992060407413377,0.783806036888645,0.6812939677669606,0.4943594462110659,0.36417955605738367,0.66240088397212,0.7755479276389193,0.6117541281671885,0.6289681699406792,0.6030696093864216,0.693466837349529,0.7251033646796331,0.650072952381754,0.7667939134130013,0.4908536109117837,0.7086712979114658,0.7092571837012008,0.593626308840072,0.30288115196403187,0.48443144072802724,0.01982546905648118,0.7928765408774596,0.6862234926703832,0.2611314118778678,0.5542165988817332,0.6337601650100801,0.48587603959089287,0.4613968635920606,0.5739256802806268,0.7762459319942538,0.27764786891662196,0.5850559463811623,0.3499372822230782,0.5209841358103765,0.46867455574094213,0.6584508461569437,0.6511401946394922,0.2803645811640884,0.43075048378428976,0.4241566361944934,0.38487053448846487,0.7758380416988591,0.8089049868389839,0.3430405812441881,0.8204557038965097,0.6323764473323371,0.8104033884872441
FJI,0.42020739344581154,0.40954784052872095,0.5191619113812892,0.6195177341921223,0.49355678553498444,0.5157926921289101,0.4689185038006249,0.48807699851727765,0.49793040911728803,0.35747334060976177,0.4674817516465802,0.2982998578153663,0.3899629533705797,0.3508815449281564,0.6216308890872282,0.5531502861536282,0.5191669380863695,0.4235413955929278,0.3715887840673476,0.44552614647624056,0.4662699141767265,0.4601845105587656,0.1627068469404039,0.29977224436656036,0.5899388211082194,0.14801246111527078,0.6366596087152221,0.48638985635557214,0.29807449171681794,0.4156302333218026,0.4983976478500034,0.5248467980775957,0.43098822136749904,0.23030580044774104,0.25955622859978206,0.37888457599312797,0.5722633532402166,0.2559574573411044,0.5131393350248109,0.4782216392394737,0.46258273508156683,0.7183786516805435,0.4332053148403651,0.385445064692638,0.3255791008444396,0.580523421874497,0.8325229679959528,0.4873144941163321,0.5069375778868362,0.5621651780115596,0.6734224945771135,0.0,0.5524718320784343,0.3811661821975586,0.5130790357599697,0.457653252545926,0.3527690099562441,0.34680317988948167,0.3410875030719933,0.1892335074626538,0.1693871779500924,0.4490467137049941,0.4224251029942887,0.2795370538421801,0.3299468410215857,0.35197957389464263,0.5442278401860858,0.4462192744224644,0.4679714456265156,0.45431155432404635,0.4506572634086818,0.5275318290430725,0.4864416619297096,0.5828171507515477,0.39046668926813227,0.6280696856311127,0.44241501332772154,0.2670403189761272,0.3121626714464859,0.5648843173872427,0.4326187380930429,0.37541038499877605,0.4543563279098046,0.3707849367013354,0.45096191230518834,0.365990959959875,0.4040619730632265,0.5897550993241314,0.4513543239529847,0.6509707653420665,0.49088215922268663,0.38829661095276813,0.4690278125865439,0.8134831066525369,0.4455812526021883,0.4364087269920962,0.4431685098496155,0.19255538048157542,0.3965030417228961,0.4493385466955698,0.5091748843137103,0.3494120640529468,0.41441360737010163,0.813805768467091,0.3794395242524551,0.4321713578754502,0.3966306965402116,0.404040207813554,0.27080668193397933,0.4092265201474558,0.41589819399021405,0.6931713710845834,0.3616064704525921,0.3653687396856006,0.3391781543868741,0.46384743347827945,0.5989075809530386,0.4154865326420508,0.3589222888855692,0.10119385402364117,0.3337913276780319,0.4375502905014397,0.6363835756123888,0.5311753398314437,0.5135517577079917,0.10180625635559969,0.3938535008693714,0.24633797251614425,0.832554611157652,0.6735675305762803,0.44599717537868655,0.3094710579503962,0.6363835756123888,0.43317720936727083,0.3588583993119301,0.23957351249658296,0.4164251478287059,0.4289091077947326,0.7635058141992628,0.37943003085216176,0.4289085283082921,0.6929435720608571,0.6200912705794576,0.6568870901555837,0.6628220073610791,0.6283374535969991,0.2604769000812114,0.4405036965220281,0.45575415458283125,0.32859142049245926,0.6892364829182848,0.29930265168195425,0.32649362713245017,0.28703985514386493,0.6187498212100269,0.5269417209750258,0.3585381397609463,0.7088455402157331,0.4502365014395533,0.6137231977251851,0.20944296833555948,0.3529146913606282,0.58148049929157,0.4150807206776316,0.6807982972234984,0.6328276990616285,0.20884594631156916,0.7387337752633429,0.44220022475101567,0.33718827690141495,0.3554765576090548,0.7413571022508127,0.792432922561444,0.6410287177118942,0.514269600100728,0.3465205038962939,0.6275259376251432,0.38760128069023764,0.47755738828977284,0.32617176419642796,0.3762686288813872,0.573968200147034,0.3882194769099649,0.657487430076124,0.5058078727757175,0.61894841188205,0.70846444982167,0.8278738109858989,0.7791877281163568,0.21574622114015202,0.71633173428038
FRA,0.5100544843868987,0.6061231422036659,0.5275847513361839,0.7173019605912282,0.5017012486536712,0.5332751652130837,0.43682859327828466,0.439740056808432,0.4708624458371228,0.6137540974578072,0.35247265974884767,0.45919412601328646,0.40481795934890885,0.3570705728049079,0.5534490284701007,0.5611903051895021,0.46123360261288593,0.46427584559222057,0.5063814193692312,0.4742602284785583,0.14408816099256724,0.5274523815939662,0.4683529364403226,0.3771119602565799,0.496936661068289,0.5811795177924227,0.7749660680498415,0.2899456688007444,0.4081715026910653,0.6854844954574673,0.5168344179631905,0.5841104044054422,0.4775760319505194,0.47229211248837916,0.6520150435648513,0.3099561688906365,0.5091119969132416,0.44285242517162215,0.5100563045249202,0.46008913079189373,0.697898285634806,0.5907537763597595,0.4723006412185655,0.5048794309207719,0.5637520064568796,0.5846113245502378,0.7228266955856544,0.7234359822487,0.5166567977823543,0.7451045534884916,0.5468720745225721,0.5524718320784343,0.0,0.47801638320652695,0.44070682945408574,0.499157595087939,0.4620200369385697,0.30575704157684686,0.448985930428038,0.6234845973780637,0.5564152149163115,0.4320064749111977,0.6284444879510539,0.3598183561768785,0.3974474747596575,0.48777477051170115,0.488988438847036,0.6768041906153204,0.4755537417972967,0.49548801788509217,0.3474319760107665,0.5066344918055538,0.27134552270398316,0.6067620060482428,0.39865235853500225,0.38166414376938745,0.3517765273168184,0.36645236671183434,0.6236890467939727,0.39989478291446356,0.4632172288117864,0.5538037485593902,0.4763193609143133,0.4432718410015192,0.4349807096809768,0.4083023718000698,0.595329091972016,0.5798462415376185,0.6203733746483963,0.7042704339649183,0.29928391524448295,0.43968342452141945,0.496243337642461,0.5423607522972319,0.4900446003447244,0.5405756160364937,0.4923818938759663,0.5054285271237043,0.4231486857475024,0.5083722392585912,0.441581458281983,0.3586887458973784,0.3954716498969892,0.8268612509244687,0.5801951265676802,0.44312263809735314,0.685769241956845,0.4914685264355682,0.41710681706480773,0.6022912666645086,0.4590451766646724,0.7925931251265619,0.5750179570313163,0.4731167159267219,0.6139684537338047,0.36638474578824953,0.46750878038756793,0.5434859253635722,0.41661108743137193,0.587758113514505,0.49989863261025064,0.449099595139194,0.6103035237251299,0.4761900931912093,0.5629594810624153,0.5232503206699323,0.44798852788674837,0.4134406657410445,0.8325546111576427,0.46813708089379086,0.48396552419065664,0.5570789401410928,0.6103035237251299,0.4567337005147211,0.4159865075327201,0.36961878162745254,0.44096268273559247,0.5891677292601316,0.8137897675755642,0.44823850050818903,0.422963042625767,0.7858739381970012,0.5518511977011171,0.5174371841884247,0.7736315315255415,0.7727928771149786,0.5993928328503946,0.44258910345907204,0.45173035864231625,0.539221436278816,0.7692099291734413,0.43246431982154737,0.38680223526993157,0.3946588809867997,0.673625147908403,0.6895919107113396,0.5572149232161753,0.7600043500167105,0.4035192307545855,0.6916765126835286,0.6328998511143319,0.4229998054964854,0.5690215606063711,0.38507478228787956,0.5509090769528245,0.7643075664767335,0.6017767084280986,0.465005872084242,0.5385411084201238,0.5003790452959355,0.4125044923199015,0.37546225010591133,0.3739278323036475,0.7640895952135196,0.4771802792032847,0.38708688318634055,0.4667947287586478,0.45659770847416875,0.36539587041363203,0.5369276216336863,0.582001037832785,0.5597923275040032,0.3832684496489922,0.41719427661386566,0.31221813656003977,0.767005128999466,0.7957037520111224,0.6991564924528539,0.8181173533295919,0.467096876462871,0.7979840348226245
GAB,0.27955467050263577,0.16609271435612186,0.3029562177440699,0.3709887175089796,0.3746671002928081,0.24857122683118807,0.4412943428087764,0.4603793908745546,0.3560682496684968,0.4118215995015622,0.38559204503833183,0.11713560390870123,0.355112855032674,0.4176595087207955,0.4980282536302954,0.2685610930310757,0.34251891862022577,0.342369556664176,0.2479584914272306,0.3494168822871759,0.4220145503447949,0.13784093064548159,0.3030870180952683,0.18768919100055695,0.560128541299153,0.4745875947091178,0.5944968808003392,0.39973104805368914,0.15368059116906282,0.3183008024124994,0.2054679672617617,0.239577119843049,0.3211193667491736,0.2001263229706177,0.4480088958647426,0.20333858576613667,0.4075255438237838,0.18353330074561458,0.38076290393867557,0.4288970002491213,0.314031816998746,0.6522443183501694,0.33330602309040447,0.034726762794863524,0.23511019453821277,0.34649261541498805,0.8049036074021081,0.6241947850620264,0.34004664552779496,0.42838294333398075,0.6144619569498369,0.3811661821975586,0.47801638320652695,0.0,0.4283814728348117,0.3102498484127392,0.31695650484918375,0.22291339357902681,0.06530649488491665,0.462201166482452,0.3063247912175437,0.41879081423283826,0.3674677485183882,0.2770104872638112,0.41803965111728963,0.29198741180058174,0.41253435769177804,0.5062896262835265,0.3846193339097063,0.14692039378241842,0.36557798129270863,0.44821590763113056,0.35121405842961256,0.32683876166031695,0.38124924097581864,0.541189371494402,0.40652603925204484,0.3945878919605487,0.29724774383209024,0.5011179940375526,0.35415250906291823,0.10199808503838505,0.30010401016223537,0.2931598345032874,0.24752197129285042,0.08785802775294342,0.22656668218642464,0.38383702159044986,0.36340948792283556,0.41449078134166756,0.34714319400586896,0.2878547148661257,0.3317701524146591,0.734859956059391,0.31562475763614867,0.2657379904537523,0.30851631211467884,0.2282721045168989,0.08447954077564183,0.2158330154169651,0.3294931003025416,0.42747691439694085,0.14116291959203273,0.7715408913293397,0.18332384917370795,0.3498201529990867,0.5259401433616842,0.2600418927496001,0.17946514370817557,0.38083833496863206,0.07186547087850186,0.6872786237621532,0.27851623852623314,0.3102325790593355,0.49454261468057936,0.4716829124821703,0.5707479980765541,0.29302369050073485,0.37570852899785045,0.4341438941662231,0.08713777645075917,0.3464678274594782,0.4952097315110302,0.3751019166103946,0.22432054424620107,0.4082057818860748,0.34574022595590015,0.26759517598148364,0.832554611157632,0.6454707775527764,0.32863467117584816,0.5099271623942953,0.4952097315110302,0.352719769618298,0.47722806560433595,0.3381464322046295,0.3658976457764069,0.33002869512739635,0.7648067750587155,0.284346584594649,0.3844878500200422,0.7622518480247301,0.49538666424553635,0.5697091954937887,0.7473405743091214,0.6043222625404714,0.2607108438313371,0.19326388013480097,0.4046435907896332,0.3502044238044777,0.5219581747478791,0.13070471710051176,0.4314154517750594,0.18573042461423217,0.35860742890862757,0.4392202116473506,0.3688632070571132,0.502277508552063,0.2193962416347991,0.3549661408537407,0.4571731065653848,0.3218962486910498,0.4129088757841105,0.2232207564094019,0.6196140939906492,0.7289661015471642,0.2861701927099522,0.6568929002162777,0.1991122000262663,0.07147506615008072,0.3783179610382025,0.6445133079299703,0.6741702189032894,0.5859714128718697,0.46662240913205333,0.12088031515266338,0.5301774998620239,0.3266950690897229,0.28753768836244015,0.3895898176665766,0.3366547889876474,0.4228295936975656,0.41171280992182197,0.5699600493897142,0.4982397167475504,0.510931484476087,0.7570639492392174,0.7724038612323428,0.7673985744852638,0.2198061953629598,0.7620220021680577
GBR,0.38807620343010485,0.5172903897369038,0.29786138066354995,0.626219638052962,0.15206449873322472,0.3808485199581919,0.13309983357242758,0.20185004649136143,0.10726238421335366,0.5499918859648921,0.1465926555311749,0.42858906672192704,0.3459175793060889,0.3400342868681707,0.197122894312391,0.4440082273182138,0.1588018839392967,0.229990482123434,0.35948661581265584,0.19057655004603846,0.4334233330667852,0.41055825482516467,0.4619021088787648,0.4020752310679009,0.19154242221322143,0.5603346593964357,0.6964120416107888,0.2318593748765737,0.40921386325112713,0.5705746212925077,0.36611149163415396,0.5367437058919655,0.2130737463813185,0.42375442538480124,0.5729988269264618,0.35545799296979297,0.1878152441703511,0.4287837639101465,0.19425517035852705,0.14715056155361644,0.5832054480385874,0.37722983336432336,0.19255329253767686,0.4468078398198761,0.46465443578569093,0.3469173305624567,0.7852162670768844,0.6796774539544774,0.23099493085016756,0.6340585665434572,0.24844722390358107,0.5130790357599697,0.44070682945408574,0.4283814728348117,0.0,0.24399070204104875,0.4458486331804431,0.37713231205012443,0.4177627163610508,0.5675146426782334,0.48755082857413357,0.13371300915503131,0.5331831327879866,0.4200445000911628,0.39998988190708784,0.3527790263381634,0.09782702399883096,0.6086531799505918,0.1391215084700534,0.36855007727218164,0.16522106246912827,0.1365731529170523,0.30640078018058897,0.4109005396084621,0.33133065786364785,0.30429559727678634,0.16221449920331665,0.4405137786249691,0.5219996485896488,0.12606120411543964,0.2092963150061116,0.48030893886039355,0.31732218358852277,0.4282678537769388,0.2268535940044052,0.3895122273862469,0.4842952687586949,0.303977609077331,0.5430754696940043,0.6316701127546881,0.29283963240988065,0.40083104592262947,0.22198740317434398,0.708963102173131,0.24264331063710656,0.39410083110453825,0.24965357703142257,0.4602793975554213,0.3837866684831291,0.2910703407598512,0.17913293732898072,0.48449029945787775,0.3530792527115092,0.8099937583806088,0.4746807025749201,0.28894360757549914,0.6210052520147156,0.45563253906879364,0.38975723013015756,0.5334029483581237,0.40074695302056307,0.743595090541797,0.4711657482318483,0.43287056101704824,0.5760823140369232,0.22910529132515134,0.2157586409116703,0.4868136225454626,0.33085261922625014,0.5442540154494555,0.4253369258220167,0.28494405741705703,0.29554746436048257,0.12000077572077457,0.47121253183817763,0.5100441810548365,0.2537013734127669,0.3717151683598071,0.8225594228466019,0.642738353527168,0.22814638124697365,0.5662842844562683,0.29554746436048257,0.25732180373258356,0.5246171319770666,0.407663282289645,0.261346610172334,0.49750049828119425,0.7909115344856458,0.4266657419604966,0.2788970752608365,0.7782655902662329,0.19568299352977722,0.2932155663483029,0.7659898646499312,0.6975008511091135,0.5051918634293437,0.29043443094622623,0.17932570884832286,0.5012222598973161,0.6936570596766214,0.4172131006893426,0.49273981175117537,0.40930016651730355,0.5887764279879046,0.6008381378946813,0.493867588306944,0.6979676424147383,0.289862530866813,0.6011323494971802,0.5688099336770606,0.42024539304854286,0.2328460277325791,0.27016023427951347,0.25215923824520414,0.7522718410378548,0.5119514857680553,0.33620998331171825,0.3673907386160208,0.4471121413788335,0.30559903665334825,0.45109783821302696,0.5581993358116657,0.6907756303341355,0.15064911512483306,0.38777995031651513,0.2810943363586711,0.3331585408576991,0.2777151316188233,0.5068259048644189,0.4877891782286259,0.2075444526908036,0.257926609244971,0.3719887646401031,0.2769735492856705,0.6687595507142436,0.7779665500746322,0.47841723071042636,0.7956673457733754,0.44378085464384165,0.7815078219368996
GEO,0.20350684778836106,0.3741764170917193,0.20218141623672944,0.49857243167000126,0.14027063760168684,0.2770434479759933,0.26321569506711806,0.2953552638539955,0.18491066196199946,0.4386419366614407,0.24873006386787322,0.32124509997095907,0.31219179426250426,0.38925603255805297,0.3298356000231769,0.3750880143903021,0.2092881516509848,0.13293783433459896,0.17894234333758005,0.10606625514028319,0.4713321848886993,0.2888130634502339,0.40518401756513733,0.3335590749902419,0.39310764124412856,0.5375123693257525,0.5828025784021283,0.3102238301763739,0.3240760665002355,0.4076362793357082,0.2775268406605227,0.44582403160424827,0.09245991066137568,0.31639396575874773,0.49543786654127175,0.31023524863382257,0.26093675165215097,0.3403754653418169,0.1321474846885462,0.2171954966837915,0.4175245276895148,0.49117745740755686,0.10935602435746451,0.32198940022829137,0.29747043605796275,0.3184647270688633,0.7989925313956459,0.6550999256417478,0.11949488158264007,0.46316279443154507,0.43915972745125853,0.457653252545926,0.499157595087939,0.3102498484127392,0.24399070204104875,0.0,0.3410252613404787,0.3356617887549558,0.3082708070297605,0.5175367061258738,0.3845059323228176,0.24365784817906672,0.3660609816296128,0.3833266560067451,0.42568307878013084,0.21416688833838834,0.24465557058996992,0.5271423694842928,0.15656846374256586,0.2581786098076043,0.24088390769197968,0.22764906464919477,0.33759290957072463,0.36569531758887197,0.3310392252649606,0.4197659434298687,0.27471956198935377,0.45402300099590204,0.36803366728769427,0.332459297328417,0.13214012452037377,0.343956739538301,0.17193214451634237,0.3072013188180697,0.17498915507880972,0.29505339648288825,0.2937294352409062,0.31116614482432076,0.36445039810788243,0.5606533642960719,0.3226870349551646,0.2758243547970517,0.048002346455661864,0.7402163832921201,0.04501135287564388,0.18216863620033974,0.03470915656078045,0.362531948280128,0.28695326326254306,0.1484012627016659,0.20940333405734718,0.4997937091981107,0.2750748284661696,0.7648555403922388,0.297049965388692,0.21998071751234527,0.5576137122590973,0.2860534573609431,0.29870417809231725,0.3913339391406826,0.29440997727679424,0.6850533680993701,0.2951301767882603,0.3159175580676175,0.5411820295855075,0.3538696237830658,0.4089019565460235,0.3076776061660207,0.3241230012024994,0.4985275356153909,0.28606112747519585,0.20588722435407483,0.3905857036002701,0.22133229837750787,0.34180065871063314,0.479885801307492,0.19103795838649956,0.3060750910375382,0.8325546111576198,0.680294396910268,0.06442016750229371,0.5675837676870559,0.3905857036002701,0.18250597218423897,0.5451465089339211,0.3958012418281805,0.22439991002496462,0.31587446711384587,0.7652468254671436,0.29397039963859417,0.2710736590794424,0.777225325736519,0.3273476673760196,0.4111351218952162,0.7655028704653414,0.5973316998650908,0.36318157913839455,0.20560278582364053,0.20303037198068888,0.387761753240226,0.5623564877465468,0.3204046793601595,0.5046869719071626,0.3355974016583943,0.506629731102789,0.42459490886949436,0.38685108145848035,0.639072436189881,0.23625081970258333,0.5022752764999747,0.5101688058156271,0.3408409726197856,0.29079152588482304,0.21424750360724826,0.4422094251276388,0.7499241685881075,0.3874860154067042,0.5038986698870385,0.18200893526572345,0.3223459129175937,0.30938746021127456,0.5577700411045313,0.6318468878430634,0.5641328858094645,0.25538495170654457,0.303010139366625,0.3901215774123791,0.23826558360114056,0.27140992734387476,0.4325518933356075,0.3338947035170358,0.2745000273253733,0.3165288969152073,0.47036415920222635,0.4075720465060237,0.5078896854293856,0.7689407961636281,0.5931484174605481,0.7629312952677252,0.35769604964708823,0.7731903209282301
GHA,0.2573976084798339,0.3828433404692829,0.4403366878963828,0.580594293706279,0.396825551044161,0.43869350372917354,0.3983910980010598,0.4141075977649949,0.4233339925578497,0.22559558997517706,0.3972802586569339,0.27305097340320694,0.23161078297388032,0.3801842039942102,0.5647941608018687,0.4908632859871653,0.4438822582246183,0.28688752655476935,0.2204537241568646,0.32477495664181405,0.41065664838917737,0.3882199550093391,0.30873017653143986,0.26833427205998533,0.5453190421765424,0.4436549074768635,0.48777795615079794,0.4090660087766978,0.2659130542311071,0.376316522244495,0.42634400148504403,0.48268739897640733,0.30602071976656964,0.22695745305668275,0.38455337733850287,0.29544471546586626,0.5054439130845947,0.26804875970782055,0.4225820182535373,0.3846587801061705,0.4118736044008672,0.6593438309236439,0.31271461520857263,0.3284568697117464,0.2237879246555999,0.52668498824442,0.7973735002788733,0.5875170138581388,0.4181140189514723,0.4466235967767269,0.616719047792653,0.3527690099562441,0.4620200369385697,0.31695650484918375,0.4458486331804431,0.3410252613404787,0.0,0.2844141468082137,0.28572653190677133,0.4122465643472184,0.25801628846633423,0.37220415531845147,0.23769622028428933,0.2983692189461475,0.37123044782979564,0.17908378370866462,0.4770868280686167,0.3756391019462883,0.3626753260072741,0.3770502673164489,0.3797560025623846,0.44113305683378784,0.3914896267477728,0.5332562974705354,0.2843080055791354,0.5420433995721553,0.38890978660168973,0.3655612825668795,0.27792066484403766,0.49963163851315845,0.30393320936345597,0.34090303826274554,0.3278155190340173,0.09772879630301518,0.36819274862552187,0.29099340918523714,0.29220168583022227,0.5360792177536461,0.2929706310834547,0.6281981451767625,0.39681325443705007,0.1664046204501538,0.35723559946200756,0.7309387335309702,0.31977909315671155,0.2990536351013725,0.3167569439881457,0.28010887539236146,0.314805212564519,0.35585091345053094,0.4304493680670418,0.42181359298530685,0.3256714628060728,0.8183308356113239,0.291016136109157,0.2783661875835022,0.42475872933788733,0.23973305133981204,0.23729301608162814,0.1893030785329148,0.33756317807821307,0.6103909647130593,0.21039963611081383,0.09064405712630791,0.4254469772848473,0.4473115627840563,0.5609660017933751,0.248970044307198,0.2773623767262094,0.3941204057756662,0.27446661410242845,0.28784834701972944,0.592012979947535,0.4600958843734512,0.43868257396161087,0.3640455378635771,0.2569706256897321,0.22493049164431592,0.8325546111576507,0.6539821933025693,0.3198207155259647,0.4833300259276858,0.592012979947535,0.28886973728088117,0.4738162836432684,0.30012378632977504,0.27717148930692326,0.24231129477483246,0.7298659144802496,0.134263984637203,0.29721084228032413,0.7574904884613894,0.5629255483431324,0.5898884970438509,0.742507918271174,0.49641420887791626,0.282797641396317,0.35659823233955834,0.3490498824662402,0.15987578505919023,0.6594792962744235,0.2681279776356955,0.42501546006424296,0.2672081636532583,0.5857980806482642,0.3751158000382335,0.16217868016758635,0.7025318266364345,0.36220664112525464,0.5807322415065861,0.40233515179599594,0.09614373679947531,0.5233082864424133,0.3297006785715416,0.6227685345307619,0.7213337084471256,0.3062685603897189,0.6526355511042589,0.3370438572286095,0.29983067141770153,0.2916204409172463,0.6409870372127523,0.6666715892855244,0.4695688150087072,0.4313700533916047,0.2777650322660056,0.5530626423338263,0.20134513072091928,0.38614808461181777,0.2216023587222933,0.17796363784948496,0.512066544106541,0.3590866239484449,0.5706699448836806,0.4869333919911351,0.4719823385139722,0.7430803939408633,0.7674475561076985,0.7226134512020763,0.2754249083463003,0.7490692302123594
GIN,0.31984532668189364,0.36713154125251324,0.37602144021252054,0.5519415476342188,0.37631044994247126,0.3647780148441923,0.3723145028154899,0.39086705273650496,0.35309956508176416,0.43450381676607713,0.2932117622894036,0.17442037001639824,0.2816773539139991,0.2867771242261477,0.5010831852303823,0.4095916006343426,0.3525894435850055,0.31817211835783826,0.2879289026825767,0.3339184060896143,0.22830707988432952,0.31665312457693573,0.23529479738640408,0.08418209759866509,0.4995696104695114,0.4267629494930246,0.6525203910729819,0.2812711227713529,0.11549416177823651,0.45799366395608415,0.3400184847434191,0.40669926880345325,0.3176219476454937,0.19665412467130775,0.46260925635618516,0.07200510277252468,0.42578660350935005,0.1598751822852913,0.3903619995376086,0.3785631736101827,0.47701286399889264,0.6189800406616436,0.3207882886599518,0.25234982868412836,0.3174103340490654,0.45412552555082647,0.7828009598010924,0.6202104707087548,0.3758415565292824,0.5574703431657863,0.5695491909856556,0.34680317988948167,0.30575704157684686,0.22291339357902681,0.37713231205012443,0.3356617887549558,0.2844141468082137,0.0,0.17297857657366436,0.4477028526678744,0.3168623885387614,0.35076895488712345,0.4346150498478206,0.12764721716619862,0.3048303172516316,0.28857678110867063,0.40485297771009465,0.5310182032181351,0.3590138826477822,0.29056232739385407,0.2712561354964039,0.4247226757213919,0.24202865657808328,0.4638852703290852,0.2953479350676519,0.45698251525305494,0.2993019139510387,0.24725839727804658,0.3850476021365929,0.41792921101989117,0.3262650250414231,0.30067623443772085,0.3169124361449957,0.2639624925622545,0.26869071438394276,0.14313797553840935,0.35987355671160015,0.46499853760624,0.435004275339154,0.571797102433625,0.2554636728771297,0.26421445415707756,0.34665144696055494,0.665394686674595,0.32811102919105123,0.34080505994508636,0.32573590717547196,0.2377449291048378,0.18256251083419978,0.3087700461308775,0.33196209495060713,0.2769372660927286,0.1807209618041809,0.7998312962607657,0.33216596480673805,0.31299604717152846,0.5383641366770159,0.2935827002006863,0.13131851027021987,0.4210413793301625,0.22827772993668582,0.7159501277199635,0.349285380855352,0.2922917236409553,0.47510118861024114,0.35932195856095017,0.4963375039420021,0.3470796210140233,0.29329805116678354,0.40463141235542227,0.22886595184666983,0.31629012909140997,0.5340123289684663,0.3781228811555086,0.37766096861511494,0.3450183819981131,0.30180846444534765,0.18085582962250218,0.8325546111576385,0.5412687345703001,0.3302309815692557,0.4484310391895164,0.5340123289684663,0.3224465344025475,0.3485389846585147,0.19483162912605,0.31592700160456094,0.39595669407669665,0.7773678274516858,0.26583105253833533,0.32082248494354526,0.7530804056494047,0.4987176742052259,0.5301080506792549,0.7352621110959046,0.6543106837504622,0.3467187050605362,0.25206562821285217,0.3544836588026815,0.3474304282717679,0.6430394258771708,0.1432336323149852,0.2917296261154903,0.10504262166495475,0.5269421862087488,0.5241012532449166,0.3764917480623474,0.6477612611580047,0.2364202708568166,0.5343756275602762,0.4519580903763717,0.2612411943233287,0.4615915261186738,0.20144786790569483,0.5758520230452421,0.7167666584801586,0.35246482696391473,0.5789011335949056,0.32259907997400045,0.23016418597634788,0.29141494103787285,0.5404935211909478,0.5720660703337119,0.6478854126098786,0.41780846747139894,0.1054594902943574,0.48074399473566626,0.29581523597519654,0.2539239889096683,0.3671189109003447,0.38136337079143484,0.45623824737635327,0.3062420668351412,0.49572745411396224,0.3662698950921908,0.6102796400369338,0.7565451587084702,0.7504136421629549,0.7837740531553725,0.19577524410612457,0.761442961177775
GMB,0.2742471785165753,0.20495239481784253,0.3220695673073062,0.4210860195132272,0.37111561767244716,0.2828985541340544,0.42297574584090053,0.44329385772789476,0.3549430305277037,0.3911425316548098,0.3665477191298778,0.06014059095273783,0.32995236222724333,0.38141062403592396,0.5044719076684862,0.31851565503527907,0.3490890635783783,0.32724756139786837,0.23515352716539153,0.3381642382016218,0.3815071344133716,0.19162020412899905,0.25091467452045485,0.12637012028067438,0.5490586683718662,0.4391097213527048,0.5968988658761996,0.37911767743266994,0.09017230688238402,0.3311858868316711,0.24919773267728285,0.2873044375450672,0.3104750508800102,0.15087345688050252,0.42481666764250947,0.16862028690712255,0.4182092173716836,0.12409986575485936,0.3808611343219492,0.4142009485048992,0.33892573704316864,0.6525920432025797,0.32139831187895435,0.0877951581691651,0.22143486233402196,0.3829803256250114,0.8041250032230409,0.6085621223265422,0.34626533087765743,0.4466909178589474,0.610344132752068,0.3410875030719933,0.448985930428038,0.06530649488491665,0.4177627163610508,0.3082708070297605,0.28572653190677133,0.17297857657366436,0.0,0.4326506209662205,0.27012272740125326,0.39930299744142234,0.3612745872015099,0.21860617223871515,0.38185325269882603,0.2700172357461824,0.4134307964851376,0.4924144205724619,0.3735721118324529,0.18862921705363758,0.3451035437712584,0.4413965523946339,0.3350971490150448,0.3727045694565126,0.3545241524929778,0.5330535017494945,0.38204573668300434,0.34655353392239663,0.28584780560413436,0.4879659755210337,0.3394377440465658,0.13379834504398783,0.29731147072199665,0.2649360174516322,0.25092020940854365,0.06343114437899751,0.2366186315619168,0.4117544273770321,0.3597157597429935,0.46543922790930825,0.3343899631379374,0.26634112095546203,0.3289291331608943,0.7251679459658089,0.3095134671021057,0.26927671304746614,0.30300733354405696,0.18217590170768486,0.0967229902635147,0.23246360434133498,0.3344464468490445,0.379216023009915,0.14573590708344725,0.7781739995451774,0.1950105463901333,0.3342801855385027,0.5078326293929608,0.24447951083346622,0.12491390364260029,0.3666280081529086,0.11474211123432061,0.68598942381415,0.2678205431811744,0.2851150620168996,0.4681313800489856,0.44650997823888844,0.5580022835657814,0.2827192816789391,0.3458794161759457,0.39919439418650343,0.0803192368846199,0.33256636203579026,0.5098111994080926,0.37919402117078876,0.26776818179280865,0.36493690881150714,0.3243941841013002,0.22118582696832223,0.8325546111576358,0.620712569546066,0.3205160827080062,0.47649188884947724,0.5098111994080926,0.3378502884484297,0.4333789057386706,0.28764292920719914,0.34622447734845746,0.3261793598137846,0.7636550674339914,0.25909293402031097,0.3644055570539371,0.7547723286883129,0.5019156792515831,0.5686918780345219,0.7382148098425025,0.604399885045768,0.24376419179335293,0.20599312948978896,0.3883910958066955,0.3197294519470626,0.5508804065448777,0.06713602331864263,0.38345961393326955,0.12324782131558695,0.4132149392392456,0.44434959791336637,0.346911622541492,0.5490395520691963,0.225019774733184,0.4100989523604887,0.4294715277241062,0.2891514283730284,0.42813478387523335,0.21332664664923728,0.6161416316347536,0.7185276477273189,0.26460608490358123,0.6505325641555343,0.21973290691275527,0.06350551984818834,0.3477289011273558,0.6340954961702234,0.665979573296594,0.5908974322836152,0.45433374868317383,0.07420289583553505,0.5275694072903452,0.30613788748464366,0.28533782749301734,0.3578434109976084,0.32276959477855716,0.43282683489507695,0.3820720843914843,0.5648002072796114,0.47268684394964755,0.5233583958950632,0.7513116877666272,0.7770671508938256,0.767891265024101,0.16544460106347605,0.7566187329656986
GNB,0.48147028056778396,0.4691431345724998,0.5757738138820708,0.6552560367809269,0.5476406433022168,0.573708070729909,0.514081377902309,0.5299368249708944,0.5556433371999899,0.3970704007278876,0.5341279907859442,0.3990201210784068,0.4445282934742869,0.40423267213700226,0.6621982806372047,0.6049483084333914,0.5776908648328071,0.4805272866672299,0.4347939517204594,0.5023079969638915,0.553982985711689,0.5239265614723807,0.3107933935747551,0.40891295433663855,0.6247359327018945,0.17630069006168297,0.6462451498254698,0.5557353490803703,0.40452434398729,0.4206574523282807,0.5588504651726118,0.5822788660736419,0.49052337859668005,0.3283152941494367,0.1425475673032507,0.47085829117063893,0.6218668845175029,0.37126759487942645,0.5666909820530031,0.5249624728390375,0.47570645659063626,0.7438591392387197,0.49169212127981626,0.46326654585369514,0.38089675289712976,0.6271078532342331,0.8325546066627956,0.3929762384976058,0.5631604432347334,0.5786770042143394,0.7061295353570469,0.1892335074626538,0.6234845973780637,0.462201166482452,0.5675146426782334,0.5175367061258738,0.4122465643472184,0.4477028526678744,0.4326506209662205,0.0,0.23217321596014695,0.4971726603822413,0.45665164728592367,0.3997770221693448,0.36739111072941893,0.41042953687589834,0.5962246787163201,0.43660082603156886,0.5210248423559526,0.5211739274243934,0.5200452523220992,0.573599960742348,0.5579826216716613,0.6284131764585135,0.43950087398292986,0.6742769261135216,0.5059077329881573,0.3629397293856581,0.34101924634594055,0.6167425952283564,0.4884704978244305,0.4485037738242843,0.516810452481919,0.43626145075885364,0.519779550715613,0.45522343725273084,0.4569735792827217,0.6349594195031006,0.49666410222589696,0.6841701445070956,0.5606579932316204,0.45342099018002247,0.527337466489707,0.8294510657816762,0.5053954059793834,0.4964637467224918,0.5034675005787134,0.31539952617119,0.47860006832712887,0.5126072411843595,0.5701703289771936,0.46732467908995884,0.49458474157340293,0.8219133927654505,0.43658294511888524,0.48959531151989644,0.33673830555389983,0.47259341993443843,0.3722834798677361,0.44702209524286896,0.4923101774755406,0.6921288539502937,0.4112894431634742,0.42315675304537176,0.3012317695238453,0.5133488400184352,0.6383195183365922,0.47576749110523314,0.40500939175758066,0.11069093134238818,0.4139921115377754,0.4955805400358347,0.6732715278060271,0.5865873303863135,0.5705449073321193,0.19375635775365743,0.44892991516089853,0.333807440387968,0.8325546111576557,0.7575191072829576,0.5048133301391129,0.2880810596773678,0.6732715278060271,0.4894937917699362,0.4822097584177914,0.339347550431758,0.469697406516572,0.47645109780045564,0.7612063838221322,0.44576735996811706,0.4804117654991047,0.6527852469564207,0.6609433829376364,0.6934917621854233,0.6163983768101191,0.6312921215469344,0.30965278726878637,0.5116675483648536,0.5051329939123455,0.3928304426301987,0.7171922455426071,0.40283584759208707,0.4497024240067103,0.3984286706190685,0.6572505144952494,0.5573488107394343,0.39207388309947544,0.7336909276018366,0.5228664370123713,0.6509293193404222,0.04689036874902806,0.41241152280236665,0.627197919233283,0.4926581804052386,0.7127104133804276,0.5766826096709158,0.2612973064564231,0.7802091057803029,0.5042387192596929,0.4240665944053713,0.4019878835105142,0.7977372362208119,0.8262528483363911,0.6539538352728316,0.5566744076974477,0.4416833676720571,0.6701324235914285,0.4446170879795895,0.5474014169511036,0.3609831575315435,0.41684482988490307,0.6202078982655336,0.43585723895492806,0.6980443971818836,0.5701342571890713,0.6405767632953222,0.6756783445089289,0.8315460726760908,0.7829174448993799,0.3406306410430274,0.6855299624592839
GNQ,0.32464903426042974,0.32403363580081385,0.4584997970482444,0.554976194214159,0.43782362601510966,0.45133043162688763,0.4458056382770667,0.4666959704826392,0.4546628303042143,0.26695539418048514,0.44877339302584557,0.22884934491975853,0.3354731791916984,0.37616410235785286,0.5935884714855466,0.49865494537337757,0.4780987621038164,0.3574248911978237,0.26386256313094586,0.38289138014773655,0.4781929493781935,0.38780625966471227,0.19099436261796465,0.25981333644384924,0.5856301695002936,0.28958373009416416,0.5467092396911306,0.47442733248847285,0.24537085442599854,0.3001587984771066,0.4377855133518235,0.46712600159312145,0.3602678356398073,0.14211627901440768,0.21133159540380633,0.3397405992461416,0.5359676021458254,0.2060186449939518,0.4591399864025405,0.44213608362519496,0.35590915294903314,0.7058451019062311,0.3671789107852097,0.30719263293613497,0.18515941532415053,0.53282180054738,0.8273978399448195,0.4744479175926904,0.4464811813647172,0.4502029628380198,0.6635974961748476,0.1693871779500924,0.5564152149163115,0.3063247912175437,0.48755082857413357,0.3845059323228176,0.25801628846633423,0.3168623885387614,0.27012272740125326,0.23217321596014695,0.0,0.42061339556859256,0.2987709152607022,0.27728766617590944,0.342768947860102,0.25114546700146895,0.5096126193212515,0.35788799274522015,0.4163988549417309,0.386609119983912,0.4297120681797189,0.48779218437843647,0.46289866043772354,0.5316554303926508,0.35131236562509705,0.6175620196469174,0.43460951778589046,0.3306211739065268,0.1694385464932021,0.5573952249635731,0.37129026483317845,0.2904333180803062,0.3815508807456167,0.2789275608961763,0.39830740057973724,0.30320134909793983,0.28165856887371477,0.546467173078892,0.34594032706526784,0.6062298372842938,0.46426832605689244,0.3012785325830957,0.40197636695159367,0.7940680643497772,0.3720171447706539,0.33795936468897503,0.36751100316567026,0.14202867762608382,0.332218346370068,0.3728689437017706,0.46823348468447823,0.40432312221426076,0.35738652009844,0.8012473308476591,0.25973959941198205,0.37039277152952715,0.33826725207079383,0.3073528353264444,0.2095860011716884,0.29704093102131945,0.34766162845640686,0.633984200115513,0.22555174371953526,0.2673479351553312,0.3014781250555238,0.4778874716693584,0.6039886718871609,0.31135941584474497,0.3185399843488975,0.2129539810352182,0.24015538498673147,0.37444433640120084,0.6045336208422228,0.4928365352977754,0.4411184224541445,0.20888714074101591,0.3306673884082644,0.19834706551069353,0.8325546111538232,0.6923425223871786,0.37607439787340063,0.3603506086553124,0.6045336208422228,0.37048045925261847,0.4394495544768197,0.2677737096777247,0.3605877407634844,0.3160272975737449,0.7342160910763206,0.2864268003454781,0.38273954932786997,0.7099347313077086,0.5918255733275831,0.6398642607415734,0.6871132644866684,0.5399659316626982,0.13028046278588412,0.3814641357051519,0.41315609688497723,0.23500505772903452,0.6361084733992266,0.23769014496540838,0.39248268843387385,0.24521598161620228,0.5674818722970979,0.4292359021668278,0.24696119788101822,0.6738075322747632,0.399628002851673,0.5572488509937997,0.22068136136133448,0.2728577837971447,0.5382755782251164,0.3659251647871827,0.6704170851065868,0.654694568923064,0.11413705195090268,0.7328616201773154,0.35020838000905374,0.25664515044929026,0.32224493318293046,0.7366411963198165,0.7721628184594006,0.5664679610397138,0.48522546572380915,0.28976074255387274,0.6092611576369991,0.30992553980794285,0.4381077141025073,0.2367039488993115,0.24887844140836915,0.5307469589321209,0.38202838481982476,0.6458008640021304,0.5331869785479709,0.5172050649029835,0.697595545677338,0.8166630174188849,0.7514681555716262,0.17619347372839794,0.7063394080402647
GRC,0.3557076956039794,0.5084757870434732,0.33661922303595787,0.6493405199138603,0.18530675257423895,0.40818901965829696,0.05447832331550098,0.15415871320000674,0.18361450584984224,0.47514479096456425,0.15255971187850198,0.40134505273303506,0.26721974464172854,0.26885856635242905,0.29400652311086156,0.4720757635074546,0.22804508866152917,0.17692217937984425,0.3154046879093429,0.16217982660149718,0.4109777637066772,0.41902461568783206,0.40911672030714846,0.37025149901463245,0.23549097838283342,0.4974890357338779,0.6559213815347729,0.2322112972873776,0.37949087915095514,0.5415175751516133,0.38943839100963695,0.5506576404758017,0.18462788031338045,0.37310189052613146,0.5017965613239611,0.3387525195659705,0.27003234130329773,0.3921044794273195,0.2332064189501427,0.1016848587358553,0.5651960726013389,0.42601188554873376,0.16292697821025096,0.43767942570306934,0.4179561751548144,0.39929886974369244,0.7894552934284651,0.6252548960677176,0.2690540184719769,0.6158863564340897,0.3245319889679325,0.4490467137049941,0.4320064749111977,0.41879081423283826,0.13371300915503131,0.24365784817906672,0.37220415531845147,0.35076895488712345,0.39930299744142234,0.4971726603822413,0.42061339556859256,0.0,0.4799062520499272,0.3788512843793172,0.32304481597703305,0.28151972150845517,0.20810866664207964,0.5319130627190544,0.12342218015355459,0.37886162078113983,0.16085029870175152,0.17221120658358785,0.31149478073524267,0.45409674632597957,0.24652885775275943,0.3359219999983025,0.12483406323965314,0.3787730770854827,0.4724845066465063,0.1859488995948537,0.15849549567981341,0.4677499411453953,0.3074699430481007,0.367707271999111,0.24684279808940962,0.3757826048484497,0.45961043600873075,0.3682617492590445,0.5059132667745987,0.6576983234994753,0.3030769203171294,0.34738337666767694,0.22755830962329085,0.7157043426966848,0.2282645442944169,0.37538830359090525,0.23543346464650997,0.4153915482021033,0.37801527074675,0.3037464707287716,0.233627294794012,0.44440844579643735,0.35182011809930525,0.8209081838935971,0.450172423930095,0.239649276743181,0.5413716058899861,0.42369355542940484,0.3472252583900393,0.47103351793003495,0.3997279842299697,0.7032881065716986,0.42080067619638223,0.3628617401119418,0.4965014231615265,0.18910232152425294,0.2519014744065639,0.45155385886479205,0.23375778323305943,0.47656275308019796,0.40125888281738,0.2425466677958517,0.380739286007336,0.21327156319429505,0.48774595975413526,0.4380606874978797,0.17081720496239347,0.3019643101860767,0.824858617977893,0.6406102610336274,0.20920618939592783,0.506636952449591,0.380739286007336,0.20749001072628506,0.48682831198723064,0.3396006809748236,0.18737862621112902,0.4545037801644235,0.7688758452582324,0.3725867686895937,0.20906824826189163,0.7629925422337599,0.29253183692155804,0.3490410861521991,0.7484813277967787,0.6502313748489994,0.4585486976229573,0.30116271981429804,0.11754056637033918,0.42906963523259944,0.717892545560962,0.3891422807766592,0.45020482736057,0.3758807742558925,0.6143736185301002,0.5724076571583319,0.41140778794707955,0.7272511543969348,0.30206853355367935,0.6246376044294731,0.49754266023597915,0.34178517422115484,0.3194610634958841,0.2678387950810054,0.3298034541240408,0.7298213832909614,0.4628482672279331,0.3938018508313352,0.3672417273288287,0.42820339238808686,0.20439368081844767,0.4802397514298335,0.5776444741790231,0.6618661913297442,0.1386984258295433,0.36837923598268896,0.3303486644016143,0.2614957937495922,0.29531647245774484,0.4185746666014742,0.42271517786701845,0.29637224558141967,0.16841959877317747,0.40035237243350946,0.2658076195235566,0.6495959052541692,0.7558732069404935,0.5298072871637582,0.7793322120594746,0.4008855912810635,0.7609102577945368
GTM,0.25141805255253086,0.3467053579413389,0.45998779755225,0.5101662212600107,0.43742047983623134,0.4533399502744734,0.5050722577971404,0.5217331680852105,0.4869304873031895,0.206327246977911,0.5173765355023656,0.35070391436391496,0.3774930182584473,0.53500235315264,0.6102065021885958,0.5064150026431701,0.509914919707225,0.3577552480305999,0.23525195847883684,0.3832685874138625,0.5807889920093755,0.40343782945530565,0.410156587127156,0.39713866178747553,0.6331317130038212,0.5190260328097807,0.37260733329878726,0.5441575454011814,0.3771512567593409,0.2592447129932635,0.45477334598256297,0.48810072705275565,0.3568673538327064,0.3128805558890272,0.3920155371204665,0.43451437833531587,0.5574299043320599,0.366054103104607,0.45702344111207643,0.4737654574675189,0.2916620813190336,0.713359558336488,0.3714517987531744,0.3616904459799705,0.18194884888085763,0.5393427645790574,0.8243115151040882,0.6096034196597004,0.4423872614809666,0.28324295520574444,0.6838884902875688,0.4224251029942887,0.6284444879510539,0.3674677485183882,0.5331831327879866,0.3660609816296128,0.23769622028428933,0.4346150498478206,0.3612745872015099,0.45665164728592367,0.2987709152607022,0.4799062520499272,0.0,0.4404692101502388,0.518883978964859,0.24351449776238168,0.5386445964868762,0.3444162657771903,0.4276722434231428,0.4119614736709127,0.5022108145759333,0.4965858826644593,0.5258021974515859,0.5330182569180117,0.42796279616348964,0.649620144951321,0.5204399249931433,0.5223413955331115,0.2000886113791619,0.6069153727557935,0.3768026506386592,0.34148333683293264,0.36100411125025483,0.24267605289403021,0.44131461671752126,0.38533228825157806,0.20289124402285583,0.5556043556660489,0.16309481284683602,0.5993690369341386,0.5223870335610639,0.2641200156220827,0.388967180561315,0.7983584631609408,0.35337364546730077,0.26346729646454425,0.3469879753350619,0.3445134741771335,0.3948449098612053,0.37703729268876657,0.5037835754549036,0.561324121860345,0.4174731439757551,0.7818675815006408,0.2338968765326347,0.3646660435274952,0.4189746292687698,0.2585666486851534,0.3509110969789356,0.10885387769052662,0.39521047578259205,0.561455374751119,0.12506184562060205,0.22016233105056704,0.47972703439276637,0.5842162517501577,0.6603555497765488,0.20988904573975511,0.4178919706709214,0.4555406638866988,0.3096463325120465,0.3641141370201304,0.614110043142114,0.5229606577135218,0.4330251515242304,0.4637312911979314,0.356913315339572,0.3608039626257032,0.8325546111576336,0.7480503530830771,0.3621728165826345,0.580145381544686,0.614110043142114,0.36558188926134416,0.5990303115117082,0.4576684001737834,0.3814619293829108,0.12040708990017893,0.7083545069372597,0.24126951704215138,0.41497059850103113,0.7747787221460477,0.6086143348008829,0.6578585054897228,0.764038654787788,0.40322455508522326,0.24942851043704398,0.42305572881054637,0.44191797083984097,0.21303209386446742,0.5801620890020216,0.3636899199852303,0.5587158025628689,0.3891246219314943,0.559114056223337,0.2037534545483307,0.20615081877943958,0.6677332057956411,0.4479036276914272,0.537318058457836,0.436128164567586,0.2924145532186083,0.5463729416869836,0.42923057442054346,0.6886487928643751,0.7449127758826014,0.2927903825175338,0.7481134096667051,0.3231834770749914,0.34144930819232894,0.43169534398220916,0.7540203804696126,0.7747254349697577,0.3440010428306524,0.5150239720865986,0.3887076388908035,0.6336023664361219,0.29944371593972885,0.4879304186492906,0.30544436044542095,0.08886417540281419,0.5383569690006644,0.5012026737769,0.669888492138831,0.6311046437310422,0.3028319381928833,0.7506453796249978,0.8042023478932779,0.690127146680477,0.36451813318747545,0.7562958111632594
GUY,0.36032704257254355,0.38869232258091857,0.4354393256384266,0.5893753073039922,0.41988214528191486,0.42989809989856415,0.3995766106668594,0.41913598462527063,0.4059612967495119,0.4119419132694659,0.3442785942404083,0.18542638466714442,0.31615569291118906,0.2832893496533015,0.5464537615520495,0.4726619704102145,0.4158404436559718,0.35533005284669283,0.3217938891934389,0.37408061241385976,0.24743216911779037,0.37771041411151013,0.14539188320982233,0.10013458905376356,0.5240590566353263,0.36208105983630695,0.6590300932724662,0.34110850628234596,0.13310991065316383,0.4689768008813117,0.40694059070302097,0.44450021808521195,0.35955715617798795,0.18419596884823705,0.42952349199152845,0.18850670306758283,0.4825480275543844,0.12850724437796507,0.436876740580531,0.4101742128670673,0.49585687423298686,0.6551725356653079,0.3614633554326913,0.2974153660946317,0.3278710585165671,0.5085520253012888,0.8050617496571365,0.5956543874049035,0.4277436170058655,0.5780645038223142,0.6018916540652104,0.2795370538421801,0.3598183561768785,0.2770104872638112,0.4200445000911628,0.3833266560067451,0.2983692189461475,0.12764721716619862,0.21860617223871515,0.3997770221693448,0.27728766617590944,0.3788512843793172,0.4404692101502388,0.0,0.29506190874218663,0.3116600402730484,0.4550761048491356,0.5156100353360298,0.39690135549561245,0.35847543734360215,0.32418745103843966,0.4602627721118531,0.3271544180057007,0.516769406309302,0.32217481309724244,0.5130849961009211,0.333945356786613,0.1886792125333953,0.37843673061495753,0.4591972689356726,0.36335535534344443,0.3249096879094465,0.37071101812796503,0.2955154257291746,0.33854603103514114,0.2205512153371666,0.3864397744754883,0.5173565442303643,0.4417944581547227,0.6107735782938336,0.33923421753462485,0.3096835089818326,0.39362295709624295,0.6879391872955894,0.3730713242987043,0.38152065244811256,0.37105002420629407,0.18992468058587744,0.2637023506937878,0.3679138525703041,0.39906506767205263,0.18968902419754288,0.27258438446824695,0.8068314531805775,0.359030006856966,0.35515016223940193,0.5131919741807875,0.3250092163252159,0.15025123538511626,0.4177849046848565,0.3012049307391974,0.716497755150062,0.3617090006310007,0.3169993866724161,0.4408543945618197,0.37830160767883203,0.5216325646354966,0.36659050571743484,0.3081086844883871,0.34535615958497096,0.26439467413103046,0.3598299321715883,0.5748916475084492,0.4349986390450862,0.4380448145006359,0.26992583121161196,0.3317693980475968,0.17646764957078195,0.832554611157644,0.5150565768318542,0.37364157790596286,0.40010565020625105,0.5748916475084492,0.36145270878627894,0.2650492828784247,0.14628038098954654,0.3488924110348999,0.4143668748682485,0.7768936290068956,0.30230385742517085,0.35556832215675227,0.7399841572882997,0.5444304233276773,0.5751328269585478,0.7190828515686735,0.6577445198967051,0.3332649441300532,0.3266519777164581,0.3870624423259919,0.32003263283035166,0.6694471587246289,0.15980035820214764,0.19946629191471832,0.10025739492375818,0.5710865481339656,0.5347728224757062,0.3744587732257573,0.6799462448803233,0.3200865692962137,0.574819472411512,0.4087207037962489,0.2865231437781553,0.5099240493137979,0.280640556016157,0.6092573852559647,0.6986185364432308,0.3286929856732203,0.6231094776521517,0.37529485477484403,0.25469320162366876,0.3040999797091462,0.5877105883630872,0.6281091028815341,0.6558456598931224,0.44824009477259474,0.18268431229589155,0.5324831489817587,0.32762880887440343,0.3391799477738908,0.341054381904142,0.3868160438905046,0.5025429516165165,0.32061160818992707,0.5518894051112827,0.3882332105352432,0.6276603467704773,0.7478153568654826,0.7881138648597409,0.785527421454435,0.14016492237118247,0.7532335347777374
HKG,0.4194117066006645,0.5179296016486268,0.48145856373184137,0.6963492640183665,0.43969369871682157,0.4867901750199844,0.3353226346428549,0.341126422426648,0.4207304134433248,0.4706858490846658,0.3230390835293228,0.3680572447433469,0.2805373343747597,0.11799817507154062,0.5351549233566386,0.528518536688795,0.4307492230225272,0.36255250260654964,0.3879534159604541,0.3873024965372917,0.34703496794910316,0.46855096412476493,0.3091353618888735,0.317722434231541,0.4520370647789161,0.3507112903644277,0.7233708578875542,0.31710904928056544,0.33554333612126563,0.5516516038335427,0.47270917394051587,0.5709347176075324,0.38613493945785293,0.31615291994058614,0.40475320375215557,0.3171884013352664,0.4856080074750238,0.3359729355628032,0.4579467157125773,0.3729865614166959,0.5893661108042354,0.5878608624875266,0.3799652365341664,0.4387140718348776,0.42123596648326506,0.5526501959039264,0.7953576848943751,0.49182414635859284,0.4645615078117753,0.6700403099956139,0.5495716423899741,0.3299468410215857,0.3974474747596575,0.41803965111728963,0.39998988190708784,0.42568307878013084,0.37123044782979564,0.3048303172516316,0.38185325269882603,0.36739111072941893,0.342768947860102,0.32304481597703305,0.518883978964859,0.29506190874218663,0.0,0.3456768088782534,0.4572326213953331,0.5118394516367943,0.3961024775931732,0.43925370341427833,0.31010917448335773,0.45101471014930417,0.3382228906070972,0.5749595615579499,0.23206810434761388,0.445985319217698,0.28359355308750483,0.20155475936774245,0.45863204450627254,0.40729366719608967,0.36522777960583913,0.4673332863035305,0.40456651751589967,0.3814409935795032,0.38102116232681604,0.3652550397137755,0.4935510929952241,0.5500051191061879,0.5464902585047973,0.6920293854427431,0.3445427641980536,0.3760926419835731,0.4269128921185337,0.7158839150066764,0.4092255369131283,0.4590873027971637,0.4109561859382284,0.35007706946396916,0.3834330042086894,0.43493865716266145,0.4135405947698602,0.33408123957661556,0.36752026744019417,0.832435278849201,0.47029383454435264,0.3464737450716029,0.4672833702743349,0.44908463369962254,0.2970072488614276,0.4970945197093795,0.4139425700035973,0.7398126479459474,0.4456932702278341,0.3768585624391072,0.329447195929451,0.26147242097393186,0.4418169988181111,0.48294323551738183,0.20533301372160084,0.3445590448893717,0.3945204242374402,0.35812080211401903,0.5879233708405067,0.44470777687203855,0.5314669800767391,0.27654886750869523,0.31752043390728013,0.22676405391691273,0.8325546111576402,0.6048166540737604,0.40154430644782135,0.2923001666998954,0.5879233708405067,0.35985903739828967,0.3713520772795416,0.18956502838568773,0.3219412946179522,0.4989437081113561,0.7803952716251282,0.3924929963175534,0.3046416970016092,0.7127528685018858,0.5334493236364407,0.5200737433964162,0.6907446268522435,0.7025112145557671,0.4274095935241706,0.3877514871473863,0.35420840907348516,0.41828676868544745,0.7677395544934076,0.3513940926806249,0.33394833287856424,0.32138707505720177,0.6528618001387864,0.6293537685084025,0.4067330974506974,0.758915922189973,0.3700960464431893,0.6680666018039393,0.3769417797609865,0.33109317052293225,0.5368044849864806,0.3339425211465611,0.5557658448036156,0.6577304449715189,0.4132107341196105,0.5614654441998201,0.4609297052034165,0.4138156378394532,0.19793168789425705,0.5469231267893294,0.6041964793133163,0.729062262608152,0.4050239634578797,0.34528445395847995,0.4785271702111969,0.3288128668530483,0.3613148219558385,0.36715927266417925,0.4503055997631467,0.5253636287957105,0.19037645934979763,0.47830023910179553,0.309299686200863,0.7250960239417839,0.692362392516196,0.7068107279683021,0.8131832754615611,0.3329091656688442,0.7013837868084095
HND,0.17038400724981742,0.3589784078699568,0.33785996708111166,0.5485768719032376,0.28534527532121695,0.3587494428692919,0.31225531738710033,0.33366883325496854,0.31942306546678884,0.28218987448769556,0.3113642188061226,0.2637371177619325,0.20549094349041153,0.3387828525029239,0.47445611876067423,0.43125266222945896,0.34306670002441236,0.1612058808630916,0.09273543828264455,0.2022002336345994,0.4395166116103139,0.322178426094026,0.3117459704139491,0.271686391583348,0.4767794601206875,0.44758493933605803,0.5007489851782094,0.3443959401713154,0.2637634989224358,0.3521774539531611,0.34599587267411036,0.4661409716981929,0.177098276829697,0.20887862219394912,0.377798025802473,0.2818607364557107,0.40732773793587007,0.26598211450256615,0.3095599200700926,0.2890567005580469,0.3868861869592158,0.5860216989925857,0.1876263150196883,0.3045777617396073,0.18532153486825148,0.44124015977655845,0.8047197171819965,0.5835142690128104,0.3039257950744057,0.4306604695987283,0.5471027157313356,0.35197957389464263,0.48777477051170115,0.29198741180058174,0.3527790263381634,0.21416688833838834,0.17908378370866462,0.28857678110867063,0.2700172357461824,0.41042953687589834,0.25114546700146895,0.28151972150845517,0.24351449776238168,0.3116600402730484,0.3456768088782534,0.0,0.3812072214671465,0.3900809020809315,0.25259612482920735,0.3010757179694155,0.2931536408379646,0.3443442136527942,0.3530958669455147,0.45846195361896336,0.24222293717357982,0.48243552407295526,0.3095595539752468,0.37426386377125004,0.25984969261178326,0.4243737791643421,0.1823646408524742,0.31940362691442586,0.22516544945078057,0.17593194332823736,0.2652710060907109,0.26872485437131816,0.24829943128268736,0.44772484751726377,0.29800841059257754,0.59914056546926,0.3480210922680704,0.16882865846029052,0.23316805040374444,0.7467136999940008,0.18965883790843177,0.20141333565697903,0.18575731437590395,0.27206009924818353,0.2792109377973618,0.24738048114938868,0.33028895934925945,0.4418367940579379,0.27951904109450293,0.7969768959116014,0.24905653175911532,0.18950878057284895,0.4283303077394228,0.23978151195208094,0.21399138797818953,0.25060790265182553,0.29705139198878366,0.6156593986436671,0.1712507650754103,0.15598680168883275,0.42537800494143563,0.38332258507428546,0.4957237031321778,0.24950061484923022,0.22177527855136042,0.39404262088948483,0.23689438312099165,0.19218174737253357,0.5126007637734326,0.3609283970707221,0.3911404058943013,0.37201772673022215,0.14074022304042355,0.1842642127053749,0.8325546111576198,0.6716971069514996,0.19095695932379958,0.48838767529515514,0.5126007637734326,0.18018003659804252,0.4916221707716853,0.29959503072573507,0.18253916041273793,0.22741413778592806,0.7293974252061575,0.17973689298771492,0.22567836033500815,0.7572347885229189,0.472290567164395,0.5104000564930381,0.7424986363909223,0.5074863475972755,0.2634405383905364,0.2642629817769337,0.24909779352094863,0.23179712799326455,0.6285423588660226,0.26206700559026025,0.4432878610202738,0.269793793224935,0.5491990507154794,0.37889835548129697,0.2081340710917528,0.6791752568046477,0.2820702733632982,0.544801657380345,0.39890190760121286,0.18504616506500604,0.43205109862861396,0.24368934290074934,0.5524592189160323,0.7207716953585714,0.28820720618363616,0.5994158575399723,0.23942478047170043,0.2827941634961445,0.22387291327506945,0.610267642325198,0.6618689356848902,0.5077267601071525,0.34284892566533604,0.26469076603483915,0.47651760117163694,0.11822658493420404,0.31607754949480643,0.2668193316304849,0.17373781271941707,0.41861816532664986,0.28961158639686335,0.5218424951323244,0.4383805322265054,0.46865960466082385,0.7405058964368096,0.7034562721940723,0.7300282781395915,0.2725198652184111,0.7466747038023626
HRV,0.3985025241912983,0.4870951717853454,0.262848929362344,0.5748895818429718,0.14628959611814632,0.345630447071179,0.20755000070446086,0.26482666740160943,0.07556566785128102,0.570173196360126,0.21380899519130417,0.43103616994039085,0.39521983527628496,0.4050350797472343,0.14466512744094628,0.40046843362226636,0.12563804149255312,0.26594996142079674,0.37125266905983917,0.21833724233114518,0.4828571925453553,0.3762666220244347,0.49291342505219804,0.42238685460110076,0.22512647949403372,0.5953862984179064,0.6924843158460307,0.2913276426829273,0.422090946663763,0.5507155919690574,0.3261526700226901,0.49760899176727813,0.23356004477113682,0.4424793687854559,0.5943174147057982,0.37649542621589105,0.13833509821903298,0.4437448978399749,0.18460341814092288,0.20410511195270542,0.5540885264938439,0.3887954965984686,0.21835327371904256,0.42698032932533453,0.4679823345292721,0.2800918148893971,0.7900769220529809,0.6993816863551408,0.20790891144174437,0.6081975872921965,0.25169359356510823,0.5442278401860858,0.488988438847036,0.41253435769177804,0.09782702399883096,0.24465557058996992,0.4770868280686167,0.40485297771009465,0.4134307964851376,0.5962246787163201,0.5096126193212515,0.20810866664207964,0.5386445964868762,0.4550761048491356,0.4572326213953331,0.3812072214671465,0.0,0.6259503913589844,0.17280066491260748,0.338668309577493,0.22732602978725225,0.1506617999960195,0.3426959145119059,0.34801442668795435,0.3873388338669694,0.3484818880205866,0.24288734906981288,0.4936737975874653,0.5226446802945752,0.19564491739429674,0.24751777421217733,0.4577348997265272,0.3288797061315824,0.456448766527117,0.2169893584878384,0.3883415867773339,0.4703074807830941,0.23096368116684443,0.5441029863139624,0.5813967654784535,0.3250262190899951,0.4285424793049767,0.22501778517918483,0.7240006937843148,0.2537373851564992,0.39101308056821804,0.2586898043946063,0.4748780684567649,0.37494663014217583,0.2626931676138162,0.16335125767560188,0.5307970096569039,0.34893075217033437,0.8004764087317338,0.4593491650725314,0.32803553811301245,0.6430211518109813,0.4650603506547602,0.4107837021573549,0.546811520081582,0.3824718577049109,0.7459474150558081,0.47728933275042523,0.46184466662041385,0.6069038160320771,0.30443060829294183,0.2593958918469708,0.49275103240681184,0.3870107849706686,0.5759614163728024,0.4175822003526008,0.3207846799427224,0.2199223562978548,0.06226230398466685,0.4370772731219071,0.5495693952809994,0.30036324891912114,0.4122938082930012,0.8200479562800121,0.6704753417001525,0.2453031454209847,0.6042225096335135,0.2199223562978548,0.2954668265464512,0.568613539335376,0.45872764965245316,0.3101782048990683,0.5024610390579656,0.7929608619202145,0.4516660785670196,0.3317090489239245,0.7872710585218379,0.1430817151047205,0.309521169607876,0.7769135694360255,0.6971037324367287,0.506380977035234,0.2755031238115347,0.23428550629421815,0.5267196373241722,0.6563786363813753,0.42451483022271114,0.5382528512493807,0.42839843468546335,0.5378475347366085,0.5937866797483012,0.519166523478168,0.6470651663175553,0.28560535463331344,0.5489300218866795,0.5953566316350521,0.45852380930053643,0.14498956287736406,0.28089887894598625,0.25456518442052545,0.7650212352080059,0.5173373174355497,0.36347007700376716,0.3436105506580448,0.4360378566673085,0.36525004497460195,0.48685511402413156,0.5862342541783335,0.6851371722053425,0.2002470205767793,0.3947329114489863,0.30554124339247013,0.3708243895505883,0.2883023357753254,0.5389849294123383,0.5020712155362058,0.12614228541547584,0.32847137268043425,0.40791424884046956,0.3465790195038663,0.6496652884901996,0.7856413535162239,0.47427863540255144,0.7953409781285846,0.46209340964367535,0.7887150732492112
HTI,0.47469102368013344,0.4889246458164141,0.5937123168532176,0.6471931411961961,0.5628080085982942,0.5908491981296263,0.5493888161224394,0.555426073664428,0.58760428505264,0.2761165848547639,0.593165870606983,0.4738105043558574,0.4366082142545867,0.5504161007581428,0.6821743045680061,0.6217589993921625,0.6098612676836802,0.48531112647894503,0.4234424013564127,0.5125305724318863,0.6321059706381497,0.5456748467147995,0.47072442366666206,0.4996887781391272,0.6640134569185461,0.5119814868955705,0.3598830163911115,0.6156395707820885,0.48890467564977946,0.3891102255403533,0.5820990261679261,0.6004430322718427,0.499134083120205,0.42226293429116407,0.3694097471236281,0.5400755285912265,0.6465255805726804,0.4704010481451237,0.5838491460058792,0.5426622347043955,0.43326060936081406,0.753720474437354,0.5025526230987004,0.5028883667977858,0.3633323111627441,0.6428640923888054,0.8320358253764275,0.5546177891819408,0.5798910894354126,0.43226905293156004,0.7256876790134147,0.4462192744224644,0.6768041906153204,0.5062896262835265,0.6086531799505918,0.5271423694842928,0.3756391019462883,0.5310182032181351,0.4924144205724619,0.43660082603156886,0.35788799274522015,0.5319130627190544,0.3444162657771903,0.5156100353360298,0.5118394516367943,0.3900809020809315,0.6259503913589844,0.0,0.5357456594761205,0.5490080293047921,0.5815854807343737,0.5897903231944382,0.6102754281565735,0.6412814451573486,0.4432831534879013,0.7030270955000006,0.5791339754211912,0.5489416073890073,0.32804442099856246,0.6614627231886592,0.4960675481145773,0.48398608019887446,0.5312259875290651,0.4265758404727511,0.5589135176077746,0.512899743664279,0.42287362591240757,0.651837129813221,0.44870449509611765,0.6901067671924965,0.6099060320926241,0.45163448673747036,0.5394207532947448,0.8165935179823988,0.5130781498948185,0.48759342084834406,0.5104056191247387,0.43747773569022697,0.5263025996286297,0.5283238062260428,0.6048966571927934,0.5962177043425342,0.5424611453765382,0.8324230887224662,0.4246845410825906,0.49595962225826196,0.19690507887375092,0.4768735536973684,0.4622188672133293,0.3463704360207896,0.531413577084603,0.41021274751018244,0.35441391705263203,0.38718052393802077,0.3759000244554444,0.6108695942945895,0.6914857792075195,0.4606683108936393,0.4194349947261479,0.45404776958614373,0.4584018006152058,0.5037888975097762,0.6885068075871617,0.6173881955863781,0.5817757372781546,0.4655238493415099,0.45112992564453774,0.4382255512283868,0.8325546111576573,0.7727180634909508,0.5130941082582642,0.56474730871895,0.6885068075871617,0.4943564746837143,0.6225446113802086,0.500429783460559,0.47087580767337384,0.423787312685581,0.6202602720017794,0.44098293321220405,0.4841553982430291,0.7694773745151924,0.6810825345624894,0.7128181688427075,0.7590551586427445,0.32422627761423667,0.36373031000866246,0.549622133168009,0.5185784854906968,0.3504371828071916,0.7150323998721878,0.4818597927329871,0.5901570664211513,0.4919571285753309,0.6636032374847729,0.48428770157773243,0.25463439181979763,0.7401017958150609,0.5654175915357734,0.6516987292299161,0.41429619242812743,0.3839392636631838,0.6444648253878791,0.5444509311857637,0.7305136802732413,0.7358549402728021,0.3788457805836826,0.7855709516924465,0.5056522753570735,0.47792246948237505,0.4397084497012653,0.7948276528598781,0.8107228880250681,0.543054319032411,0.5749567671953077,0.5090493113316038,0.6946290778947395,0.430115242243259,0.5912643722102567,0.22445669406644617,0.31884757158127935,0.6377723572974626,0.517767400061849,0.7199747302942487,0.6680298179599954,0.45108015929671635,0.7275093928825315,0.826778057196285,0.617757835240572,0.45773852281165167,0.7349034483905891
HUN,0.29483164306344883,0.46019644960332046,0.27718517756641986,0.5888285109049769,0.08466141558355958,0.35807607747571435,0.14102353342884524,0.2192915619872173,0.13437554743094887,0.46142237472438796,0.19307560209073746,0.380538397666277,0.29673599145158736,0.34999755967179585,0.26681326325232896,0.433839361824877,0.19503985892608783,0.13457141060314823,0.26082399702548725,0.08313203043601305,0.4538556201276811,0.37211720606455445,0.4228937311180401,0.36912167466748286,0.2762781277782803,0.5328645393516739,0.6156579057339017,0.2756529528143211,0.36990284384167765,0.48926536214384453,0.3459216258239112,0.512137847553118,0.10184465290758439,0.3620432349262777,0.509953763934415,0.34009326061002937,0.23835384431268655,0.38403409744808137,0.15611999325049963,0.1205882332658533,0.5066764289760941,0.440653434277994,0.08602829554786304,0.3999620289849467,0.3736804401043487,0.3490468463733584,0.7942860352933021,0.6517020735184715,0.19126610567461402,0.5486986861299942,0.3363241962442314,0.4679714456265156,0.4755537417972967,0.3846193339097063,0.1391215084700534,0.15656846374256586,0.3626753260072741,0.3590138826477822,0.3735721118324529,0.5210248423559526,0.4163988549417309,0.12342218015355459,0.4276722434231428,0.39690135549561245,0.3961024775931732,0.25259612482920735,0.17280066491260748,0.5357456594761205,0.0,0.33581576512786093,0.1969550101572163,0.11363530450637974,0.3325767375460779,0.40531253007244,0.30081003080313046,0.37385475439909205,0.20054786940099292,0.4356228201628939,0.4338259137294195,0.23483515477420322,0.11588090291108251,0.42577257055756834,0.25253875426591227,0.34418139260607994,0.21298539471791275,0.35442250203181774,0.39647124230237507,0.31758686384629087,0.44423298798867433,0.617859339188936,0.31991078925001165,0.3185885181261572,0.14095470085544073,0.7298366105757426,0.1469305618086997,0.3020747079078894,0.15315019175532163,0.40600739925753326,0.3514094989446286,0.2371599014287436,0.20867450417406452,0.48718144269737407,0.3305855830225743,0.7982080924955806,0.394182588929175,0.22474982173920646,0.5600539313100377,0.37185449087050704,0.34079769715347297,0.4340315246723507,0.36623014496713796,0.6938967342366301,0.3701901784629323,0.34458829639019833,0.5348783490338128,0.281227934144789,0.2994479793795018,0.394016980751807,0.2933628964420329,0.5019678226213298,0.3647231039863485,0.21878989987013583,0.34035305651782066,0.17610448574915097,0.43462353452620994,0.4757730717797158,0.17173538334642738,0.3193084347469536,0.8225923821577229,0.6670226702409195,0.13111933330470207,0.5548795841697473,0.34035305651782066,0.18294543881887854,0.5308322493684642,0.3856813375845828,0.19905489071066768,0.39401462445487945,0.7679820792652866,0.3412518744310319,0.23962898479182726,0.7747278305710888,0.2652131123702214,0.36351410706762294,0.7624307434383937,0.6214438524826772,0.4267039650408929,0.2667611792728309,0.13353792714169688,0.41462532984383643,0.655036271413036,0.3735355471956772,0.49274187216622223,0.3731438291233658,0.5709884767853705,0.5039440331898256,0.40456955732605526,0.6903370663346774,0.2814830142855777,0.5750429886656294,0.5168257546597139,0.3486283876587824,0.26125374008098323,0.25337813773817924,0.34090992140657,0.7464599453686694,0.4404988669017745,0.42600024427457206,0.29698465295816867,0.3954428712647694,0.2721124777741198,0.5168925329845269,0.6055243207255182,0.6089029599808282,0.15754927546824807,0.3540723467131634,0.3492082902214155,0.25014049578870706,0.29118883043594196,0.4359111419907195,0.3833811283084291,0.23539817417036252,0.2603473927570139,0.43247546522138375,0.3431948047822954,0.5812154622495996,0.7673556769765867,0.5347847797298579,0.7692671746750959,0.39642046870492287,0.771688492909618
IDN,0.27901099487536063,0.22610313824996756,0.21288502543631724,0.3578403693778931,0.31726899158512767,0.16014776752173868,0.39862123081756784,0.41375863310672883,0.2850704214832718,0.4697190406782606,0.33466477915605825,0.23299563159899833,0.35963055949693246,0.42116381484542387,0.4180887605733302,0.1795330766415813,0.25106917029637893,0.3056117162799317,0.2535983048558031,0.30428183517006074,0.4624260620291173,0.05507133597050565,0.3883857760047467,0.27966443896961257,0.5093518414699936,0.5347520924982447,0.6150388571562655,0.3551634731489181,0.25559636366272104,0.36517026443888445,0.07134078086452839,0.24801073118562134,0.2798886115087541,0.29170715462975016,0.5048005601943915,0.24913333176828387,0.3133074661130725,0.2862144834493431,0.3152954491609522,0.3816798243568043,0.3503868396363791,0.5769308100248738,0.29134321291653137,0.15459000083160587,0.30008378243947526,0.24582551044802814,0.8001922552390757,0.6573520343816213,0.2683955295306822,0.4523729140927413,0.5523885909256849,0.45431155432404635,0.49548801788509217,0.14692039378241842,0.36855007727218164,0.2581786098076043,0.3770502673164489,0.29056232739385407,0.18862921705363758,0.5211739274243934,0.386609119983912,0.37886162078113983,0.4119614736709127,0.35847543734360215,0.43925370341427833,0.3010757179694155,0.338668309577493,0.5490080293047921,0.33581576512786093,0.0,0.3181587894481292,0.3929456882126384,0.3250854966409423,0.23234965120215714,0.37699802470403315,0.47431550722915505,0.3684029523800241,0.45041795505030174,0.3652083138531081,0.44139823690214114,0.3140055222506842,0.1957172819068838,0.25963606508866266,0.3489186699286809,0.16459881591877493,0.17358362206291844,0.2722217753166894,0.290149321723765,0.4102422358086955,0.38311408906476546,0.30936242322973645,0.325364212057177,0.2759593647304642,0.7379677630918751,0.26931027217140496,0.254784586410541,0.2632884381853729,0.3243398327316719,0.1325383858361829,0.14110533460122768,0.23718056669234827,0.4891938061369789,0.13962406883364278,0.7704139078956134,0.2419327809667082,0.3183355845057368,0.5720283758068258,0.31906950269257783,0.26187178285233587,0.43378821274791235,0.10159429556232795,0.7025613742308998,0.32821599062890244,0.3597751168384834,0.5460878621088702,0.4385176690565395,0.5190470987239773,0.34857224887374827,0.37477664357553814,0.4989330201446749,0.18480697924201617,0.3114144678705894,0.4251670765349566,0.29246797965680543,0.20516282450368445,0.478614526739472,0.32130466887845005,0.3183853787090895,0.8324563831368772,0.6711189869771793,0.2823685156928914,0.5619084427240633,0.4251670765349566,0.31454264237046803,0.5344003837272735,0.39695924830733115,0.33518385336408996,0.3686313973287919,0.772789513424482,0.33799402693151526,0.3546557196449007,0.7754073994184506,0.41504351043171156,0.4908926851430595,0.7631158677194524,0.6261592305656958,0.33923769225493206,0.1018281953713227,0.3605532457807174,0.41917534197037953,0.5188464039606484,0.24050304775219392,0.4943696740862041,0.2817624475854227,0.3192621259873457,0.47076015719675646,0.4214271195208943,0.47448218649287965,0.14461837504151104,0.3229049648926271,0.515688944639995,0.3738316928150519,0.3361379638682883,0.17479433779225106,0.5556574943645274,0.7476056890537354,0.3635213518342803,0.5922492332391062,0.15945744154183514,0.1965907368937177,0.37228401991890947,0.5944752314894758,0.6435010326803675,0.6041054037206052,0.4154798919504256,0.20904472638493599,0.452353655675185,0.31994250737775054,0.22533640827638968,0.4528535884973104,0.3813571764090006,0.3514196980975776,0.3930324098979142,0.508081889526285,0.4662267787059067,0.5303053066398316,0.7696501842338588,0.6994779357673018,0.7735619758095439,0.31768257868208133,0.7738104166250249
IND,0.33614935658308476,0.48156757824119506,0.29360105810864123,0.6175014087517836,0.23144508499287497,0.348184572877518,0.17642157929362387,0.19782507606411429,0.18813413865270498,0.5102605412930553,0.028217992884067865,0.3552577707053424,0.2573162069990733,0.24120043541345945,0.32120465025510797,0.41522851756997137,0.18370092168761265,0.20039276284361232,0.30754200522855946,0.1984887622736819,0.3324442494302098,0.36712446658120473,0.38364718100326933,0.3095348993798234,0.31407329591716215,0.5040222735815711,0.6889307847984164,0.09678729687486945,0.3236949501292145,0.5458199015242245,0.3309579682272196,0.5048230477965082,0.20811513041815582,0.34839705250934244,0.5330176485076861,0.24774263459547696,0.25023831467553626,0.3487318053707075,0.2450179248494565,0.19207303924208174,0.5628403906109168,0.4232447295811202,0.19685151584083957,0.39052219869616717,0.41642055557369,0.3842728761231898,0.7767476053861138,0.6543073295739711,0.25832384080488147,0.6232114382723645,0.3815042712737861,0.4506572634086818,0.3474319760107665,0.36557798129270863,0.16522106246912827,0.24088390769197968,0.3797560025623846,0.2712561354964039,0.3451035437712584,0.5200452523220992,0.4297120681797189,0.16085029870175152,0.5022108145759333,0.32418745103843966,0.31010917448335773,0.2931536408379646,0.22732602978725225,0.5815854807343737,0.1969550101572163,0.3181587894481292,0.0,0.2530954948515099,0.18825166421685466,0.4318467421157138,0.24018438365034647,0.260429937689746,0.07595824818071374,0.3460027132179005,0.48343643179521784,0.18544460907396904,0.19202999217574995,0.43311152432413796,0.2629610727011857,0.35942474480999403,0.1731206137425325,0.3074296350731635,0.44772281806529685,0.36806640852667144,0.5125767637436903,0.6223884844746634,0.17742289909291747,0.3291012284481147,0.23044103061240973,0.6810996977436241,0.230395463476657,0.3555784347343374,0.2357005383141204,0.3913552729553188,0.30664887464447255,0.2719350958345684,0.16243949067172184,0.3974701859007497,0.2666695836503519,0.8104792739607023,0.433305477374089,0.22082147370921443,0.5896497556781446,0.4003175282955013,0.3007825016696971,0.4968304499936605,0.33483473867986313,0.7373558801870367,0.42791172042977027,0.368483124825367,0.5329993118238869,0.1808641415595655,0.3031238248986861,0.44200557522324185,0.24479642932848936,0.4890193684891644,0.36290811208842,0.22123183153328935,0.4176685040848206,0.20348920581949453,0.436657181373702,0.4429485884536947,0.19997943630076356,0.27718272486539963,0.831094827554862,0.5930154092954637,0.21872530981052243,0.5109245738622095,0.4176685040848206,0.2075382540472201,0.44746044481998876,0.30822331358820554,0.19992712811148491,0.46107636368513183,0.7875070859225614,0.35945467470995174,0.20404501068326197,0.7663159410701103,0.318514816394033,0.3222045243164916,0.7513367880716207,0.6888121593151124,0.45958465371016943,0.22412398162915817,0.17984054047243067,0.44709341605567665,0.691260536423479,0.33758841010137275,0.4085855733548908,0.32002569076948184,0.5757711095621189,0.5836428794206392,0.44579799398619063,0.6948564214367569,0.20304864664214217,0.5902697565658516,0.5236777173586319,0.34428987763722646,0.34413030977280623,0.16777212605179206,0.38442127014281424,0.7355046834497487,0.46402061958931584,0.3873779031305263,0.33631008689559777,0.3861333576216613,0.22137664598278775,0.4138387677818337,0.5137594344464445,0.6837856142246308,0.22709034894264912,0.29941939477434754,0.27494964237308905,0.26279231838556155,0.17691749256527375,0.45228065724411687,0.44642751350738824,0.32839945532823284,0.17713715742127087,0.33070604680485793,0.20990933852560956,0.6619132409451912,0.7687319055545326,0.5655548309847023,0.7937348129939742,0.3671205255727593,0.7728382665240926
IRL,0.3734172867384218,0.5152563263977904,0.3131370247173582,0.6164428207540172,0.12387612811182673,0.40160176076230764,0.15795595347431093,0.24498602552657178,0.1587929067640391,0.5284512783720127,0.2410304504292912,0.4499988185731304,0.3723513800350487,0.402281671826096,0.20683478549667278,0.4675562477453078,0.22080057573394127,0.22546329755551497,0.34924604434118794,0.1716186038110201,0.4948605876425212,0.42660312351924645,0.4871807280478226,0.4378985222627328,0.22053168810773513,0.5801331067401473,0.6565779377457847,0.3200660279591968,0.43965938995155823,0.5477939320682838,0.39170137778109376,0.5496505153046003,0.20128907923053102,0.43860752762902677,0.5667546020111197,0.40602754835695004,0.2289191570057441,0.4538596801237097,0.17474396153892716,0.14760723459091601,0.5602123006007526,0.41066504837056234,0.1874632025304637,0.4617577494892681,0.45062248302689945,0.3504312251774735,0.7949292311559744,0.6833784759274405,0.22358064709089734,0.5973836632199002,0.2609951196129268,0.5275318290430725,0.5066344918055538,0.44821590763113056,0.1365731529170523,0.22764906464919477,0.44113305683378784,0.4247226757213919,0.4413965523946339,0.573599960742348,0.48779218437843647,0.17221120658358785,0.4965858826644593,0.4602627721118531,0.45101471014930417,0.3443442136527942,0.1506617999960195,0.5897903231944382,0.11363530450637974,0.3929456882126384,0.2530954948515099,0.0,0.3809483604821518,0.4214501774302026,0.37007166772111266,0.38146692956236117,0.24847805076841153,0.48885813312078963,0.5033530228573742,0.2208548828176522,0.20397494289555182,0.4862052903741583,0.323362447277885,0.42338512542375933,0.27614745972308685,0.4220621859261036,0.46507645436199985,0.29885591115316246,0.507069635597442,0.636853497878623,0.368086947935404,0.3988400387934993,0.20527409964881896,0.7348296620054141,0.22735615055179353,0.3751370860926152,0.2339380375555024,0.4753518536893842,0.416426020385683,0.30191682559948335,0.2454748910217213,0.5317133959171966,0.3950129425887302,0.80134428980226,0.46320523751859655,0.3030669763568381,0.6116612149540175,0.44287830045357857,0.41712442012033574,0.5029912150618243,0.4276896270096182,0.7214711873889953,0.4475877710318147,0.4250037484598711,0.5846398290841455,0.30480345014329724,0.24236033130877013,0.4631854708079198,0.36561829348218455,0.5563338108419676,0.43640849768551493,0.29670533344138983,0.28635484505530556,0.18050333912511005,0.47958801641729604,0.5321340304118363,0.26179039399362114,0.3990658733585072,0.8197900676963176,0.681624570740848,0.21329830001546643,0.5957498124537475,0.28635484505530556,0.2643012719910061,0.5693329394936154,0.4497020979496842,0.2788895853470402,0.4644327041496892,0.7815571778953959,0.41999643942579706,0.3099019226884116,0.7845710400415415,0.20656858685251311,0.34621903042479446,0.7739975862888004,0.6618390064265458,0.49635472244343304,0.33077506430721687,0.19094181314856742,0.4877308665729675,0.6744233178761723,0.4433602553593755,0.537540272339461,0.4422895561774199,0.5947823423911033,0.5565309728628398,0.47816921062170037,0.7021343356910025,0.3427362619630443,0.6007421677964786,0.5709293412744094,0.42696483761155773,0.22987481222114145,0.32399189281918056,0.26560660101035793,0.7607645157392905,0.5078221475740252,0.38879427837689395,0.3641565010911608,0.4614644897094327,0.34351551863175556,0.5150605545359447,0.6095996771515175,0.6476493661067589,0.1420963178325778,0.4229346074024849,0.34823469251236544,0.3369770440489744,0.3448898797850716,0.5046607506173431,0.45968164619600177,0.1993864185793079,0.315635760997177,0.4393347953852702,0.36348974484286783,0.6253666258350448,0.7795636017562967,0.4727853595410464,0.7825452847222351,0.46565460368969286,0.7830817439330159
IRN,0.3589252100149172,0.48248535398324693,0.3566799754698773,0.605984138748112,0.352339221768172,0.3551605929459703,0.3242424897459332,0.32863492183236953,0.30954128401953673,0.5400123347329085,0.2009228949163986,0.356144924193926,0.262583956496213,0.3000125637154225,0.4267329795367997,0.39765410805238915,0.2848214809951644,0.3146507169043555,0.3583258760633209,0.3225534343442762,0.2887498213780671,0.36868651740464614,0.4084424065523258,0.30284485250864074,0.42829639126522445,0.5397118277824356,0.7031189828178137,0.13670663477128334,0.3195362276716532,0.5611792254629719,0.3469622169126991,0.4850938567537455,0.3209741252780311,0.36663443169090354,0.5696403086067797,0.19750588785807047,0.35036402022052987,0.3568424540808899,0.35791642305633,0.33479470962900876,0.5721039994643685,0.4993089233653136,0.3179634255838959,0.38024161447720717,0.43861683404341606,0.4395718418838354,0.7558659854739371,0.6812557383940514,0.3549967885513234,0.6316320195918023,0.4780451328052265,0.4864416619297096,0.27134552270398316,0.35121405842961256,0.30640078018058897,0.33759290957072463,0.3914896267477728,0.24202865657808328,0.3350971490150448,0.5579826216716613,0.46289866043772354,0.31149478073524267,0.5258021974515859,0.3271544180057007,0.3382228906070972,0.3530958669455147,0.3426959145119059,0.6102754281565735,0.3325767375460779,0.3250854966409423,0.18825166421685466,0.3809483604821518,0.0,0.46776904464328395,0.26656537538426917,0.2676669219491017,0.2330298272939586,0.36280550989358495,0.5085696671406384,0.30382283553306655,0.31509067838324606,0.4323149875758025,0.29904642995475406,0.36214170734460516,0.2450782239427052,0.2827586353041357,0.4617358059713593,0.4380358267760717,0.5286396588344231,0.6039910900611597,0.039621854910492284,0.3233047372315998,0.33653644137698974,0.6449761165193731,0.33078409473119685,0.3928430763914546,0.33257708555878684,0.41248355903086753,0.27597269241465366,0.33436889002605585,0.2550908510640754,0.40329974339636154,0.22358057994672467,0.8081492047633803,0.44461785508568,0.2810084616257481,0.6229639924953854,0.40151027977870346,0.30685843797148715,0.5196135399039686,0.30877256115639035,0.7496613152523602,0.453526600037879,0.3779615969094853,0.5660610833949127,0.29631204464883265,0.411571523566623,0.4511435139016423,0.303524697496484,0.5266981689901316,0.3654274929661563,0.2854269944144586,0.4970263910897258,0.3145162039032753,0.41448145581633294,0.47899888652027095,0.30777368978058967,0.3079282935130367,0.8325546111576304,0.5742851925125567,0.3268190378963082,0.5393789248256379,0.4970263910897258,0.30371181373809314,0.45863971561859596,0.32797234424430494,0.29781569431078914,0.47741459571182476,0.794074542101427,0.35998368498571404,0.2765648072337239,0.7763671643610894,0.42414602339400953,0.39831181398544274,0.7631768684613723,0.7048831630267963,0.4841130428018758,0.2537469413964524,0.31840954306430835,0.4725910562750849,0.6842491253805054,0.33541899365734423,0.4195978890864602,0.3181062008824786,0.5584278940465427,0.5981136304845341,0.47143932744082634,0.6769696163575317,0.1982001929712154,0.5791774307164178,0.5615123599407204,0.34875734549004433,0.4308260371992098,0.18947568567619041,0.4802329864617239,0.7498831252646045,0.49157800078114544,0.44002432189042495,0.37534402743224304,0.38458596052161814,0.30407362311337616,0.39404157572704057,0.4439553128409297,0.6959437756549796,0.36357242011571256,0.2775300992974413,0.3282254419342615,0.31179692959693783,0.13210385932935567,0.4801530355939988,0.47527490569332326,0.42280100164941853,0.28723911753787623,0.29560488703682275,0.28252429514093164,0.6705919742631996,0.7794011735734482,0.6308963230686881,0.7983599388997428,0.3835288451288395,0.7828228354765577
IRQ,0.4402163943245035,0.3281347156795707,0.2946965972486536,0.3375323300646671,0.36902431600535357,0.27431924489454784,0.4640331601790436,0.4923062447939337,0.330570856882767,0.590144475846217,0.4356517109838283,0.4092365454031071,0.51551598589759,0.5495675934983311,0.3828524631877797,0.18611450676018587,0.2985574731618555,0.42504903795186977,0.417182340619799,0.40106801642799866,0.5889013486948821,0.22314954069467044,0.5367346325620493,0.45491458066468093,0.5108957089738798,0.6415729590798268,0.6703260639698403,0.4755855142183966,0.43393377737560535,0.4630825110537184,0.17758102657972877,0.2535735532675985,0.3883215737727253,0.4660794930589096,0.6118577188179026,0.4295702358706044,0.3130424610528338,0.45626600102088555,0.37280850551663003,0.44934087383142324,0.430197159312774,0.5781920342400252,0.3923971136695904,0.32014729400796266,0.4576688051130238,0.12509358753139255,0.8101823284453893,0.7203174970802277,0.33773404517333316,0.5186961174751809,0.524811286949381,0.5828171507515477,0.6067620060482428,0.32683876166031695,0.4109005396084621,0.36569531758887197,0.5332562974705354,0.4638852703290852,0.3727045694565126,0.6284131764585135,0.5316554303926508,0.45409674632597957,0.5330182569180117,0.516769406309302,0.5749595615579499,0.45846195361896336,0.34801442668795435,0.6412814451573486,0.40531253007244,0.23234965120215714,0.4318467421157138,0.4214501774302026,0.46776904464328395,0.0,0.5242225556329029,0.5426010951128403,0.46718433827474865,0.5882058821145465,0.4971602589312861,0.4802312941505626,0.4233775481628118,0.33559936251887335,0.4127434156566836,0.5116066505946342,0.29894819397840205,0.36718702386939533,0.4159512946373302,0.19727807858553068,0.5278831309420022,0.2751862406796958,0.45046500065349593,0.49250770070812583,0.37194752459646707,0.7704496849827882,0.3839638903991494,0.4045290690297824,0.3804327892337778,0.48159369998657664,0.3321783170896481,0.27143753042931,0.31184238425218985,0.6123050511080452,0.3382738890836331,0.7734689849743173,0.39440063649415524,0.46355828021669204,0.6641457795780967,0.47665541238174164,0.4470302733693238,0.557623761845429,0.2975795724285452,0.7407268826967919,0.477176519850512,0.5183394195316078,0.6481820061985777,0.521909247946291,0.5305856180828031,0.49242264771827526,0.5200041006673727,0.6144805549466741,0.37075259967261526,0.4550922663914753,0.341880828213817,0.3154189069570009,0.31046407769970963,0.6052768106173388,0.4523440990521114,0.4915140639662068,0.8267106442654016,0.731372808409724,0.3928369382547015,0.6627892236541202,0.341880828213817,0.4459471800553114,0.6437703305483101,0.5505466565383247,0.4678196657520914,0.5021290710550808,0.7919815813189225,0.5018383325507483,0.49017819092485565,0.7985196747496959,0.3807119999490322,0.5148632785982205,0.7908159616879171,0.682023433887425,0.47931676924548733,0.2830248126987817,0.450271341126515,0.5600844377876566,0.5276271704696377,0.41926966606812827,0.6161228584366863,0.4558714128646059,0.23388167874131,0.558999756758031,0.5573559164348336,0.3547468420486106,0.3212070440359837,0.24532984928380927,0.6231593961228529,0.5335318819147925,0.2871159175888394,0.3551034635125569,0.5266079975986555,0.7808542660458093,0.4989433188508302,0.5909766155510991,0.30993581079767923,0.36557205902411355,0.5101264889358472,0.6446366881103222,0.6957285959188786,0.6585358990811001,0.46193475812481055,0.39769429611302737,0.5020132019442077,0.47713181096573026,0.3762148717220631,0.5864295635213337,0.5193289323238492,0.32181127664904996,0.5089579025269032,0.5751288045128966,0.5482495503837621,0.5889281839155238,0.7936359551957411,0.6549823006742393,0.7904884876052565,0.480104315627606,0.7962538899647031
ISL,0.3178264362416518,0.4806814457576957,0.4035095032016706,0.6507493456522807,0.3523087399283465,0.4108635073335856,0.2660811490780447,0.2642856198786765,0.3449276648288729,0.39580534255126176,0.25361820645048383,0.3524146363220327,0.11614818410760874,0.2314838498646159,0.47145365122884053,0.45992908445538677,0.3517736964671782,0.25000276478046596,0.29585893127386764,0.2846393130208148,0.3698556678161153,0.4118046793662395,0.3508751315633097,0.3150491639844708,0.4205422752793698,0.446659533594806,0.6077420889051347,0.2507888431621173,0.3264177954675777,0.5027803193457575,0.40872988764171353,0.5385953880630616,0.2844923460057579,0.30703619300330726,0.44071993973042506,0.28530246459190334,0.4107421765727755,0.33754438865165953,0.372592676243192,0.2820210709992723,0.5344316237883207,0.5220395467521682,0.2786294064847755,0.4027222606542087,0.36164492999834874,0.49626488900871607,0.7872420255398408,0.5859464073257331,0.38139457128922816,0.5853329610494905,0.5029812572270728,0.39046668926813227,0.39865235853500225,0.38124924097581864,0.33133065786364785,0.3310392252649606,0.2843080055791354,0.2953479350676519,0.3545241524929778,0.43950087398292986,0.35131236562509705,0.24652885775275943,0.42796279616348964,0.32217481309724244,0.23206810434761388,0.24222293717357982,0.3873388338669694,0.4432831534879013,0.30081003080313046,0.37699802470403315,0.24018438365034647,0.37007166772111266,0.26656537538426917,0.5242225556329029,0.0,0.3669400538999251,0.23479096201208768,0.31335190779807487,0.4167835924677273,0.3500926364387489,0.2553031135509836,0.43422194660481295,0.2954847208504447,0.2972833004773217,0.302935041430326,0.32991291773278997,0.42380770992984246,0.49237583600970936,0.47261520581860084,0.6594860382231429,0.26298515087254415,0.28001821862101095,0.3321698628465502,0.7089038372181234,0.3092622645448302,0.3721068749568143,0.31186331572090825,0.3597425396924205,0.3369514797450649,0.3567331359601322,0.3308213983907385,0.40016489609317224,0.3101711917243801,0.8300676435543034,0.4109955933552822,0.20796105476474483,0.4567989765133454,0.3848039048443244,0.2825976475910754,0.409308433023146,0.36496205060059866,0.6509392431317728,0.36698205694928343,0.2788387635709906,0.4213258404879477,0.27654425234548624,0.42256347534189487,0.4144438482373252,0.10963642157485218,0.41946921322089226,0.3552652597700969,0.22619375010180787,0.5393489028715461,0.3703100163334327,0.47274205382751244,0.3733564095544377,0.19930860813148166,0.22172197746763292,0.8325546111576417,0.6265688352331288,0.29925112266420734,0.4586433375560469,0.5393489028715461,0.23677741254965967,0.44817391540266105,0.26311525954248705,0.1909136258345523,0.41117827079601643,0.7408017401777159,0.3099948384359452,0.1566116441034552,0.7536436619675969,0.4693415258026812,0.4430206242215034,0.737682202534876,0.595402205102614,0.4043386185552116,0.3149521233472151,0.25104714335782,0.3536996560627925,0.7268866431566667,0.3381708979459718,0.4055594109355255,0.3207308470196034,0.6132324853446173,0.5486226485140047,0.3134976941965597,0.7338617347825498,0.2921581973346631,0.6282977101236773,0.4383756202168362,0.23642844170920324,0.4758368398640903,0.26068154398289595,0.507089069800707,0.7160976059220411,0.40895407085855695,0.5127739706106723,0.38373079080153516,0.3869334419375307,0.1371621276903014,0.5008279778061367,0.5644959406941865,0.6366998038491315,0.3246017681072414,0.31850903734344904,0.39221339314623577,0.19037555573571274,0.2727950708453975,0.30858632103789657,0.35820976129126253,0.4615645514279939,0.1870637448822255,0.3932916802345535,0.32423278889878376,0.6195092591993482,0.7415336177890411,0.6537494350195051,0.752612363466834,0.3446771419467496,0.7475858103961505
ISR,0.4895115309854926,0.6407434368694594,0.41990721805772346,0.7138814277871791,0.3964841389494336,0.458163312425298,0.3294741448821833,0.30430235476937534,0.3549049065371703,0.65983807568845,0.24689394387804922,0.5501377556726288,0.3910825193576468,0.3897986129423581,0.37555553303918204,0.5043583586823481,0.32243794709825485,0.3885474431589381,0.4978151281170046,0.3873330630877712,0.4332387424582787,0.5187617506038831,0.5756161365433395,0.5062292906189967,0.362729355603393,0.6538213205387031,0.7738861503769731,0.20560553687057442,0.5211196876427197,0.6995318957561749,0.4657951553486751,0.6252195710224941,0.40556523739922307,0.5509086313544288,0.6882270451062947,0.4265135850546311,0.3349702345852643,0.5483258320407274,0.38909364076079755,0.3439303148966738,0.7073033352403786,0.3125842592928039,0.3955930626863708,0.5631315773053853,0.5976310718132563,0.4934148368382424,0.7509837322866106,0.7472954363936889,0.4080501441780689,0.743387202459163,0.3753400445723568,0.6280696856311127,0.38166414376938745,0.541189371494402,0.30429559727678634,0.4197659434298687,0.5420433995721553,0.45698251525305494,0.5330535017494945,0.6742769261135216,0.6175620196469174,0.3359219999983025,0.649620144951321,0.5130849961009211,0.445985319217698,0.48243552407295526,0.3484818880205866,0.7030270955000006,0.37385475439909205,0.47431550722915505,0.260429937689746,0.38146692956236117,0.2676669219491017,0.5426010951128403,0.3669400538999251,0.0,0.2735434161748692,0.5046028341386529,0.6563158438494404,0.2237475510650437,0.37951719830655545,0.60448781641382,0.3960099484358895,0.5207743770455193,0.36168150845635183,0.49148050449602004,0.6131385014562265,0.4716832103024731,0.653000051869325,0.6975217811424692,0.2530173371231965,0.48405575558751796,0.4035834874538569,0.6559581696037333,0.41322794921386874,0.5159768619607654,0.4197795423725764,0.5889665376227934,0.47995631559455715,0.4547089436893455,0.3022948583692883,0.5379433461669105,0.4327787807750483,0.8243172557620394,0.6056727815666832,0.3544666875663047,0.7161549652507675,0.5593244971271025,0.5058219303801784,0.6427582043439062,0.49948680017023955,0.7937357500887314,0.5991818175099919,0.5281933890179791,0.6640548578000989,0.2910477714527263,0.3256397608525966,0.5958813965067284,0.3984602882619493,0.6523027179372881,0.5516093157478771,0.3559849942762072,0.4960232761901403,0.3365104445541758,0.5577895146233409,0.611579138760609,0.39110053565912084,0.4817550716593435,0.8325436842387358,0.6233783014762557,0.40183800185977564,0.6341778070610341,0.4960232761901403,0.3652375258239813,0.5735005057541475,0.4906958680420548,0.3591713700521521,0.6089166183130877,0.8148051321596655,0.5198206628642142,0.3276386957795689,0.7994775076967812,0.3735912966454341,0.2225575117811135,0.7909293638280569,0.7733663302283239,0.6419899928669267,0.3986593144945864,0.34440857463647295,0.6117040156727378,0.7634304926659843,0.5340400576907555,0.5520470737468489,0.5180839352702518,0.6613264558860947,0.7023118536394644,0.6001584895918757,0.7532063010974996,0.35734710603290387,0.684059254122126,0.6787505822153084,0.5031437893097779,0.45602090314238225,0.35892202337551715,0.36981243105932066,0.7833745829332116,0.6476092050848431,0.27329309312149247,0.5095152572550186,0.5706600608542045,0.3914727972310704,0.26946498645316186,0.41023373657538353,0.7652049753708342,0.34546060780597854,0.48932254308009576,0.14629356692024906,0.4212236095115305,0.2898409016169914,0.6078229199869428,0.6064529309347267,0.4432028793101219,0.34464545960998716,0.11363169222720206,0.2668612447089904,0.7625360012728232,0.803710454570779,0.4679566168381718,0.817772753640301,0.5664846441208887,0.8055328047912451
ITA,0.3689556189011147,0.5178397487716002,0.34089199417129856,0.657950876211551,0.2480817585797683,0.39977051792020823,0.1368273284390887,0.17180758961325024,0.21439346385269878,0.5129895018263126,0.06883245831004701,0.3858759584783633,0.26280169495952943,0.2065616418543952,0.32983185033298223,0.46141197498342906,0.2266133744561015,0.21597157560221986,0.3376530123526138,0.2147310340390463,0.3330999648921174,0.41436336164408794,0.3858039358103565,0.3349583475775863,0.2770535080756652,0.48422769940737753,0.7040516464676624,0.13094099569483564,0.3521559310708631,0.5741342889435342,0.3807018995408008,0.5437914333058281,0.23081419670479425,0.36726086085024146,0.5269149504480486,0.2868204865383533,0.2808994749342008,0.3709749165037539,0.27032840274373804,0.1747061448391282,0.5955460933217224,0.42254168247561885,0.2147392619800645,0.43041219930307395,0.44206874965017523,0.41788724476226985,0.7798502691849402,0.6393584000422611,0.2946042838711648,0.6555023722730019,0.3601808223492408,0.44241501332772154,0.3517765273168184,0.40652603925204484,0.16221449920331665,0.27471956198935377,0.38890978660168973,0.2993019139510387,0.38204573668300434,0.5059077329881573,0.43460951778589046,0.12483406323965314,0.5204399249931433,0.333945356786613,0.28359355308750483,0.3095595539752468,0.24288734906981288,0.5791339754211912,0.20054786940099292,0.3684029523800241,0.07595824818071374,0.24847805076841153,0.2330298272939586,0.46718433827474865,0.23479096201208768,0.2735434161748692,0.0,0.3242189482553847,0.5034296696027947,0.16311110725922912,0.2041233017259128,0.4695998875357996,0.30499339458800545,0.37630104428226685,0.22943791679805692,0.348903899053577,0.4828913618414333,0.3959931134041699,0.5346888712966618,0.6576592676582933,0.2278860656854376,0.3514539916758894,0.2613997116838241,0.6862426230473545,0.26080272052913456,0.39259656333781373,0.2672058506561409,0.4071283647857876,0.3528018991131648,0.3177289181446484,0.21519452749013304,0.3849653356825223,0.3175147847386402,0.8197994680736124,0.4688477682109278,0.2436276341173716,0.5796916389770369,0.4289181838790129,0.32545171693106284,0.5088128548454134,0.3814187795816836,0.7420234252154639,0.4516361609643634,0.3814533656358138,0.515821834497992,0.1253929427565095,0.26553935967953624,0.4677764905039133,0.23206134348768173,0.4749659560812098,0.3992643159917559,0.24709109279888855,0.42686328441202803,0.23223287331819772,0.4831475649008076,0.42459617378544084,0.2048382696704179,0.2838010106801459,0.829811721953971,0.5902198172161911,0.24537990274617652,0.4865261209174956,0.42686328441202803,0.22702812738839076,0.4305823702482326,0.2955945270104586,0.20685957279841874,0.48432370233768435,0.7886668442196553,0.3798239001033905,0.20940344583106762,0.7585635196862167,0.327699372108242,0.3321417078028398,0.7420779288613522,0.699981996227943,0.4794927425240034,0.2801923812297385,0.1712669666880365,0.4525055203340056,0.7253098175522867,0.36768620099172983,0.39446323079726203,0.34429812707177615,0.61417612451978,0.6067205507777353,0.44940653448372997,0.7270503509199575,0.2636586045611824,0.6290456171833603,0.5119034312036757,0.3507602767740908,0.3638826565668,0.2265082694015033,0.36426730390266193,0.7246632697735933,0.47910506226011024,0.3746039813233743,0.38123943797513354,0.42129135021025255,0.20182866197084645,0.4188997960942725,0.5237999149445816,0.6999191383511393,0.2058595235418047,0.3370098757930705,0.29439733702619236,0.2782619079906906,0.2392431323973261,0.44728851486806226,0.4612752424570519,0.3453313645307926,0.13486432237570434,0.34544781225408544,0.1726958636174826,0.6907745559274129,0.762417790846854,0.5548827948750651,0.7976187839819934,0.3835071484221119,0.7668940426979086
JAM,0.4406908246080973,0.5003772014116196,0.5092823364073003,0.6849915424960688,0.4725988476958515,0.5124911925056594,0.3925709402837838,0.4062467112938578,0.4555355575034054,0.46668102289048247,0.3611080472378421,0.32117468552872885,0.3317530976671618,0.18561915374658325,0.5744448544037495,0.5478927314670741,0.46783118547965774,0.40209225356877215,0.4072738596972674,0.4242555145271004,0.2727976681569724,0.4737169637913551,0.21000099782353895,0.2510606632884616,0.5000014341967853,0.2856434703770609,0.7302820633035864,0.3516035163296196,0.27805584868439603,0.5642505522701099,0.48978715501461706,0.5493734423977782,0.4197290362706643,0.28292850172028516,0.43237167418102185,0.2878316649462163,0.525505802810712,0.2703541525094532,0.4909581424340566,0.42268319967426915,0.5973944452933255,0.6456101949820287,0.41586665532101885,0.4150935349504418,0.42486086780032933,0.5732540545041326,0.805418359188531,0.5595201769830476,0.49400350803480847,0.6821100791835915,0.5924422587973989,0.2670403189761272,0.36645236671183434,0.3945878919605487,0.4405137786249691,0.45402300099590204,0.3655612825668795,0.24725839727804658,0.34655353392239663,0.3629397293856581,0.3306211739065268,0.3787730770854827,0.5223413955331115,0.1886792125333953,0.20155475936774245,0.37426386377125004,0.4936737975874653,0.5489416073890073,0.4356228201628939,0.45041795505030174,0.3460027132179005,0.48885813312078963,0.36280550989358495,0.5882058821145465,0.31335190779807487,0.5046028341386529,0.3242189482553847,0.0,0.4665267525291265,0.4512385082880997,0.4061096670599289,0.4429965400219096,0.44033626382479024,0.3729866229381273,0.4092562434003754,0.33850220357863325,0.49380370740101837,0.5744893161379192,0.5346026451753779,0.6845578299007102,0.37712313762599525,0.38007764196577914,0.457835489103978,0.7149971538514833,0.43957963794266935,0.4718812528720781,0.4401545979187665,0.29146116038702125,0.37075404553598046,0.456041990561535,0.4518617131419719,0.1854186715610032,0.3674939974103331,0.8281531300141877,0.4681656311133558,0.39534184889371793,0.5148325015029783,0.43090659269436815,0.2593777532938836,0.49344933580911976,0.40572232770024014,0.7548342125227716,0.45290104083578053,0.38047107857394397,0.4147230575188871,0.319833786397112,0.48745431663062283,0.467495002262091,0.29317194736751034,0.30417252131200095,0.37805882162141924,0.4042559765674923,0.6133047318123411,0.4812390950186792,0.5327757831575176,0.21021443116066174,0.36475274841231176,0.21869426260935731,0.8325545075098304,0.5383802304582296,0.4343814103901625,0.3095441984353359,0.6133047318123411,0.40337576297117494,0.22250321111710278,0.08958447809463228,0.3744934797394442,0.49876224165179756,0.7934211492665543,0.384099139372949,0.3685933766517152,0.7094830170283077,0.5728226633021668,0.5773440721197647,0.681380755436914,0.7208109781254493,0.42120858871887223,0.4088071425234093,0.40481831048363986,0.3951864691595199,0.7532937279975143,0.29997806767745727,0.17962759682228152,0.25324638198360183,0.6496200242297037,0.6215415219343956,0.42281307151633035,0.7484211892054035,0.3950046595909588,0.660387584545286,0.38482089220751015,0.33558019991193033,0.563146732194444,0.3547743632226219,0.6001841139691522,0.6572544728954213,0.3991780349896421,0.608591755565099,0.4740441780457618,0.3806239348179087,0.2832800981387838,0.5817631519681628,0.6359991229384045,0.721931542034552,0.4539050059706426,0.3079188028485105,0.5380893270722759,0.3719143723910131,0.39642174369055777,0.3795532258936336,0.46030279047559697,0.5532155525481776,0.2748552345960253,0.5415448615689056,0.3280932120059931,0.7253393761561333,0.7346738457638817,0.7684845220398528,0.8068227605545815,0.2621092776191543,0.7407308057495345
JOR,0.28867779268500693,0.25685703184708764,0.4323524666015709,0.46893325975061934,0.43731456386215356,0.41636660023281297,0.4980038628759948,0.5175670598740401,0.4666057157925268,0.2450530702023549,0.501377439295303,0.2632884656924084,0.3858464450611403,0.48871026813287816,0.599908273155637,0.46864998546237846,0.48686200302788296,0.3734332608294475,0.23729244407724245,0.3927354708526784,0.5615402697036811,0.353166449751604,0.3191617793548281,0.32977027426817557,0.630532090122196,0.4212011958462637,0.4557872115085726,0.5319137907672209,0.3025695473212474,0.15403042273546494,0.41396551106363394,0.43076604325449286,0.36293853223957756,0.2200435443837077,0.2692060047352581,0.3901750343324111,0.5393062981345073,0.27823611384095015,0.45373300241768055,0.4782276375441417,0.21571165306532566,0.7240669818062028,0.37637453659267145,0.2870836709039434,0.11033076475634576,0.5079772209328068,0.8297736128331236,0.520779709971822,0.429221117515647,0.3027689202902882,0.6910534178620896,0.3121626714464859,0.6236890467939727,0.29724774383209024,0.5219996485896488,0.36803366728769427,0.27792066484403766,0.3850476021365929,0.28584780560413436,0.34101924634594055,0.1694385464932021,0.4724845066465063,0.2000886113791619,0.37843673061495753,0.45863204450627254,0.25984969261178326,0.5226446802945752,0.32804442099856246,0.4338259137294195,0.3652083138531081,0.48343643179521784,0.5033530228573742,0.5085696671406384,0.4971602589312861,0.4167835924677273,0.6563158438494404,0.5034296696027947,0.4665267525291265,0.0,0.6049923865593476,0.3899951558719905,0.2514623553665944,0.3678809163850594,0.2875909485533299,0.4079587078257019,0.3241700223622951,0.17069103951932835,0.5287414493217805,0.25928926247806505,0.5574576925036139,0.5047418251290791,0.30584390705155007,0.3918116314828943,0.8107358525681385,0.3623337988992461,0.28059318416923207,0.3549735603517163,0.2309373526913707,0.33940540077873566,0.3443457993063775,0.48020993324909,0.5170924454242513,0.3713157216488442,0.7778021535448865,0.16582778510472812,0.3904757561109768,0.34863531810651577,0.27329050699807783,0.2791551090072903,0.23767209028079803,0.33927335256319463,0.5872670386163578,0.1408689398266819,0.27406551809881974,0.3768615543064594,0.5606246420833971,0.6564414914588794,0.25420224158917804,0.3939488470132527,0.3445827968743234,0.22806209113474168,0.38961464061308504,0.5973697770135934,0.5029041654482348,0.38793096818060835,0.3656798823428235,0.36561962610995474,0.30180714274969894,0.8325546111459076,0.7466979700365959,0.37330991975112227,0.4850305204319211,0.5973697770135934,0.3882106076952677,0.5532641971409427,0.40008163132827984,0.3958619220194881,0.2369191040631431,0.7133204804225446,0.28597241965339726,0.4256983342507104,0.7406543013812142,0.5981047122171003,0.6614596746922949,0.7248682289070523,0.46028887081048026,0.07465382020668797,0.3831875075583392,0.4488155543831081,0.2461762956183278,0.5535605507833283,0.28342351980361735,0.5097210097812185,0.3167043924315684,0.5161911926208557,0.32193069580226086,0.242062628154962,0.6247239764932258,0.4127246059777509,0.4937629495182341,0.31707238129690907,0.3132792916049347,0.5250320236950344,0.3925759228430454,0.6964898904069199,0.6965683931993308,0.12733907053134605,0.766372073770312,0.29461841429718005,0.2524936193508442,0.40294000328246293,0.7753672856295845,0.798982900272907,0.47858074178196713,0.5200033560514463,0.3266694131346657,0.6348471982833533,0.33109426039632,0.46220306040452497,0.2802431041114785,0.18841493442915355,0.5209430152777242,0.4695054032333073,0.6792111993263764,0.6164772543056305,0.38747158134479304,0.7120044126288948,0.8225676031635453,0.7238207134515321,0.26734214176618165,0.7200118292378459
JPN,0.4580502172702343,0.5983462138070984,0.36917277248538966,0.6936136799063785,0.26015676046471986,0.4456171650059125,0.17091060719977696,0.20176261073806195,0.2180287379282508,0.6102853115589091,0.15831884242116104,0.4988584952105937,0.37544312818827713,0.33684071539098326,0.23730146721036446,0.4992289669653533,0.2296758066234,0.3013085330878872,0.4415531581731524,0.27707001576455614,0.4151774058625437,0.48553297460212735,0.5131188058449927,0.4565778396803655,0.18201321682283875,0.5945843402807154,0.7511213986534081,0.20811073892479254,0.47083247074751816,0.6565181730616264,0.43433955394268353,0.598349282301287,0.3041251014717415,0.49427266641028716,0.6338587154188519,0.3981919959567667,0.23828541857242064,0.49257798331180686,0.27687983209366346,0.201379250098717,0.6685964497474667,0.32405880299718365,0.28529240133285955,0.5218925108145276,0.5477657616277045,0.4158033385734561,0.7723115202243375,0.7107921886670933,0.31539904138314523,0.7137125686888626,0.2291700075633031,0.5648843173872427,0.39989478291446356,0.5011179940375526,0.12606120411543964,0.332459297328417,0.49963163851315845,0.41792921101989117,0.4879659755210337,0.6167425952283564,0.5573952249635731,0.1859488995948537,0.6069153727557935,0.4591972689356726,0.40729366719608967,0.4243737791643421,0.19564491739429674,0.6614627231886592,0.23483515477420322,0.44139823690214114,0.18544460907396904,0.2208548828176522,0.30382283553306655,0.4802312941505626,0.3500926364387489,0.2237475510650437,0.16311110725922912,0.4512385082880997,0.6049923865593476,0.0,0.2817847116932215,0.5596122337910062,0.3779286823491208,0.4833579151843955,0.30043773711992017,0.45369182588479456,0.5702971886442396,0.37396755870809195,0.6132641272176621,0.6839088370722224,0.29387696883361425,0.4552088064249499,0.3089116721404583,0.6802913662543436,0.32747385085136776,0.47335641575259424,0.3356191338567916,0.5289324788476837,0.4486997657680437,0.3832806300271718,0.23663904450601672,0.48790708118174825,0.4110993469736468,0.8226303907472419,0.5610279656036353,0.33256619445551966,0.6700682656121537,0.52150227411777,0.45405514933927166,0.5988627747095323,0.46909688774561725,0.7771484786812172,0.5517299900195687,0.48957534123330115,0.6150437538496208,0.18925630524457507,0.1619944835744994,0.5559919251412655,0.35881249994020975,0.5914495210155214,0.5048063461282368,0.331738708037993,0.3644928753856825,0.2086437266836751,0.5394106512641519,0.5489142433116543,0.31334896413564944,0.4264709816435724,0.8258362509701119,0.613957614689158,0.3111802487453735,0.5848755793007676,0.3644928753856825,0.311487947503396,0.5235979112188507,0.4352938401551738,0.30548975342046314,0.5697970488291831,0.8065633582258448,0.4839013718295506,0.304386041940736,0.785092914864011,0.23613758933238058,0.24356010345095677,0.7735434637560096,0.7495597870667419,0.5872987540835242,0.3600810294688426,0.2302054437657678,0.5598490984511391,0.7492146667011994,0.48345019053869254,0.4992924548747377,0.4663218282719495,0.6460091723276253,0.6692327226432102,0.5538730035000057,0.7434478666125208,0.34370227124863795,0.6636966010414251,0.6220271860314565,0.4658887249430526,0.3244587574896721,0.3275686443575677,0.22885859918150944,0.7626607800245953,0.5904246050217465,0.2432999851274763,0.4558502874075232,0.5229492184885003,0.3341657790782396,0.3649872586441979,0.4941653292732304,0.7426231940143344,0.18993404425362334,0.448393120429492,0.2299378705828549,0.3866732272035321,0.30751178984492167,0.557268624995463,0.5600662116182086,0.30340876591640115,0.2649616833957333,0.3016076369371228,0.20800580498250826,0.7386292959008308,0.7900601746840396,0.43618071116586205,0.8113660209063505,0.5073689903192168,0.7927516243233345
KAZ,0.24336867437786552,0.4334028900537659,0.27322153259906834,0.5805486381827221,0.16403684970686952,0.3459892719424076,0.18203853154293212,0.21019493540711326,0.19565599534483585,0.4105602282357644,0.19798545061378645,0.34402966281296166,0.2434958414455973,0.3225182246082143,0.33129243522366303,0.42545173352940674,0.22532955013735895,0.042254787696864436,0.20536493220797397,0.07324555459384242,0.43518381033107645,0.3504579886569114,0.3866477446708803,0.3332058647285467,0.34671371731088957,0.5051250329488487,0.5836176111340574,0.2636348883549482,0.33336491485617714,0.4553602401915221,0.3332468505070223,0.49871685031583246,0.09373576077995391,0.3167087962352549,0.47353516808407115,0.30867217514794326,0.2733816437854562,0.34625812156934255,0.16524690567178765,0.13647351777440941,0.4771977035037542,0.46318499846628175,0.08856669761740002,0.3703523474168869,0.3246994719495724,0.37110608030987463,0.7947296305722859,0.6323604039733363,0.19216511353780802,0.5190601009535151,0.4107335073962568,0.4326187380930429,0.4632172288117864,0.35415250906291823,0.2092963150061116,0.13214012452037377,0.30393320936345597,0.3262650250414231,0.3394377440465658,0.4884704978244305,0.37129026483317845,0.15849549567981341,0.3768026506386592,0.36335535534344443,0.36522777960583913,0.1823646408524742,0.24751777421217733,0.4960675481145773,0.11588090291108251,0.3140055222506842,0.19202999217574995,0.20397494289555182,0.31509067838324606,0.4233775481628118,0.2553031135509836,0.37951719830655545,0.2041233017259128,0.4061096670599289,0.3899951558719905,0.2817847116932215,0.0,0.3959024230102363,0.21505190533503646,0.28653210156925474,0.20335207666160718,0.3215522401788733,0.35639187116568005,0.35539291743621143,0.4005833544143397,0.6145184115443106,0.3034576579288357,0.2613630664413321,0.11682256346998433,0.7289374335630531,0.10007896733654252,0.25938012495839685,0.11194205004588025,0.3668952605669371,0.32136102371982306,0.22779198262586964,0.22100529759920465,0.46428056421117647,0.3020770329458111,0.7987368681026019,0.35503692450388613,0.16899278785190175,0.5241498178996488,0.32804589205186896,0.29767834909964,0.38109249127850614,0.3387506434882922,0.6725034736859735,0.3177313107694773,0.28375895180171734,0.503184762016056,0.28279797176579663,0.3606086888829835,0.3489335561714363,0.24480684584649098,0.4691182400430643,0.3262957244838621,0.16454186632431486,0.41339212976152073,0.23259095641870775,0.4187130981351051,0.4418128875581706,0.09186044871293403,0.26952501845666293,0.8325546111576213,0.6613196640577219,0.0758025403680143,0.531892323232661,0.41339212976152073,0.12094367598676883,0.511104311981343,0.34851020620742834,0.13773919009554347,0.3439719570660177,0.7577497780789209,0.2851670241876841,0.191647939747529,0.7692740616482402,0.32899532492646955,0.38300699153088924,0.7560878820438128,0.5899800216943375,0.3848127796902742,0.24444748560668714,0.09685132407700406,0.3601959488815675,0.6511636092814366,0.33694530535700273,0.4693663585424988,0.3366452129218498,0.5656437637010618,0.4667817376197042,0.34851836347576837,0.6905513728688683,0.2581956689049107,0.56839848011361,0.4829020622706045,0.2909975534548176,0.3313606782637463,0.2234864657783625,0.41430136547503293,0.7385105648484197,0.4006251706809366,0.46867376403985284,0.27165124748696284,0.3618345126670578,0.2248987297790528,0.523900765928645,0.6075665641119983,0.5772812956426908,0.18957353414463735,0.3197482027624114,0.36127226648892513,0.18185627155957187,0.27313009778809555,0.38630980181497504,0.3260610506765096,0.3112154527507264,0.2303506806395892,0.43675561174236466,0.3487199242943717,0.5513904273340757,0.7599780880649131,0.5733901949195818,0.7581349643889458,0.35805610686370404,0.7648118831567109
KEN,0.3027870887073101,0.07431680932986402,0.3345192365562358,0.32511995710378866,0.4112185350271039,0.2779888512383858,0.4899599775560763,0.509240324367429,0.4033110570077151,0.3898672884502501,0.45175127919273717,0.14967061633504367,0.40745247192001693,0.4747177572761103,0.5350003256097652,0.29249721864388967,0.3950653597665027,0.38324248896090407,0.26967576736034604,0.38944357008209773,0.4924405882933851,0.16593351688161936,0.3166538330369256,0.24686855103389993,0.6040536608325323,0.47297216664472347,0.5673491680474101,0.47360057318856086,0.2078933736472136,0.25397939789901725,0.24357461249890658,0.22311814348325243,0.35956270407221874,0.22191596610593842,0.42454139022849496,0.2918592322295303,0.45103727848233993,0.2119804945862635,0.4166466955574759,0.4736291083695639,0.24398295771562836,0.6908984946460333,0.3733987114054456,0.07067718914986862,0.2163902658299313,0.36619811935347973,0.8196461269612788,0.6129606830817752,0.3734119029715115,0.37702608166950496,0.6557731800359267,0.37541038499877605,0.5538037485593902,0.10199808503838505,0.48030893886039355,0.343956739538301,0.34090303826274554,0.30067623443772085,0.13379834504398783,0.4485037738242843,0.2904333180803062,0.4677499411453953,0.34148333683293264,0.3249096879094465,0.4673332863035305,0.31940362691442586,0.4577348997265272,0.48398608019887446,0.42577257055756834,0.1957172819068838,0.43311152432413796,0.4862052903741583,0.4323149875758025,0.33559936251887335,0.43422194660481295,0.60448781641382,0.4695998875357996,0.4429965400219096,0.2514623553665944,0.5596122337910062,0.3959024230102363,0.0,0.3407155127444433,0.3249546083186761,0.30847374279668033,0.18099320301630298,0.19238168810161163,0.4079901185881113,0.3358112389310182,0.39373455850703254,0.42612638269441605,0.328950253527712,0.3674571991359957,0.7693603976634825,0.3510467891474535,0.2765760508054988,0.3430029775096754,0.22396762851019342,0.18009876172820655,0.24988674577651385,0.38680838732916917,0.46837328978584336,0.23111405647281438,0.7634463598422011,0.14565109717916522,0.39643572257004495,0.5048459688315938,0.2730452543645592,0.23301220628502578,0.3618420618793784,0.1564217927974898,0.6715294868510656,0.2630359348744727,0.33701362428815107,0.4882110378072271,0.5306505590834215,0.619896923309492,0.28720658320814385,0.42329442359281577,0.42557990729619,0.11163731813124622,0.392082829761508,0.5188764365712885,0.4234499383022188,0.23338911247133937,0.4134798402118364,0.3887511035871795,0.3143862428584608,0.8325546111576371,0.6819415099508638,0.36590947931343243,0.5210756132042017,0.5188764365712885,0.39590529993513085,0.5095308608833591,0.38840691039435826,0.4115772716887463,0.3186271583142451,0.7572777006305053,0.3160021577420233,0.4346089510513433,0.7605167614694043,0.53257590768309,0.6162819892559055,0.7457042280085912,0.5791517346475074,0.21572977607392219,0.25809904520117377,0.44998150841028506,0.34310764264915733,0.48696648956383176,0.17799314326062818,0.4673199754353551,0.2373688823058342,0.3403161869269791,0.40381276972228436,0.3696431073916662,0.4762728729130159,0.29361916689609086,0.32328061885874565,0.4402733327218036,0.3603728129836207,0.440036892445632,0.2982727715574151,0.6609074555351333,0.7262373810429077,0.2469600421049709,0.7129393629565977,0.21315337738415754,0.0777868564614903,0.4267182680226807,0.7095469911741561,0.738550123069562,0.5584325184174104,0.5098541562475241,0.2048249991172831,0.5834773038938796,0.36648829307735586,0.3630105501101824,0.39061419757440974,0.3258050236745101,0.4519498769887702,0.46659678926110504,0.6303036114490308,0.5640648264452366,0.4714473411659493,0.7522517294338864,0.8038626849923742,0.7594022165182444,0.2334398782866352,0.7575474262343918
KGZ,0.141194163437125,0.3738320650270911,0.24275547712185616,0.4990434879383066,0.2492472466373258,0.24157415821259676,0.32986050174040754,0.33785878457962243,0.27379153460709565,0.4392988209386628,0.27669378068074046,0.31241378512599677,0.2785047425224997,0.3867981520798509,0.4138955847376713,0.35786693294754823,0.2726591486812537,0.20289321056584397,0.189879852078831,0.20979744250349536,0.4519718266305628,0.28966841755086087,0.39823391499985683,0.32004151781945916,0.4584940007108452,0.5343857010389341,0.5863518793199562,0.2975934013399342,0.31206443520698857,0.41038517683814457,0.2894449554416297,0.44450436980500807,0.188338219506311,0.30691932375916786,0.49647025973574455,0.2869462040792828,0.33250162107267767,0.3313950840655076,0.24868876499380713,0.30302105416439673,0.42019775794491865,0.5031769612755035,0.2019920504792934,0.3144596836437937,0.2917451304911376,0.3898570581543675,0.7945309332276272,0.6561914850248106,0.2280522332090455,0.46510531069251565,0.5032904738758335,0.4543563279098046,0.4763193609143133,0.30010401016223537,0.31732218358852277,0.17193214451634237,0.3278155190340173,0.3169124361449957,0.29731147072199665,0.516810452481919,0.3815508807456167,0.3074699430481007,0.36100411125025483,0.37071101812796503,0.40456651751589967,0.22516544945078057,0.3288797061315824,0.5312259875290651,0.25253875426591227,0.25963606508866266,0.2629610727011857,0.323362447277885,0.29904642995475406,0.4127434156566836,0.2954847208504447,0.3960099484358895,0.30499339458800545,0.44033626382479024,0.3678809163850594,0.3779286823491208,0.21505190533503646,0.3407155127444433,0.0,0.28551698683877746,0.2124876765681163,0.27865213557826923,0.28848511466909155,0.39551657645803934,0.3505662077808018,0.5630426994828902,0.28089850111797443,0.24355100704920618,0.18727952572692846,0.7311629423821909,0.169045582966689,0.17287141055528088,0.1655229684519592,0.3575409802936016,0.2683467809973475,0.20850078111919385,0.25409669454174305,0.487968007536324,0.2492253107174759,0.7551673173835227,0.29250499220767434,0.1561436173688999,0.5610714133602012,0.25486157859288044,0.2840041081350628,0.38772416492749673,0.2784068509037333,0.6891444952931101,0.2885956462076704,0.2985416929784483,0.5408618415611239,0.38539869718295805,0.46734169180815593,0.2831640916656359,0.30317800030280173,0.49633829942003277,0.27665686027319136,0.14582854403209994,0.47174390680819395,0.29986874716681383,0.3289046524941949,0.4749358598004269,0.23125940835677836,0.29291949731488065,0.8325546111576393,0.6705061040491734,0.17970034658778028,0.5627395764810987,0.47174390680819395,0.18984229822085377,0.5352019954010514,0.38109273967478785,0.22913098385426278,0.29842018841616397,0.7673236061524307,0.26842339775877266,0.23169361476279735,0.7767920974822781,0.41124516212434675,0.4194701220048749,0.7648730220811094,0.6016497009078341,0.36267384227778887,0.21405077067422218,0.27382090985561514,0.3823572036496381,0.5548620305597004,0.3097845393649564,0.4938739450374491,0.32337779529276633,0.5066426282377029,0.4153547153372334,0.3829142284360288,0.6437340502354617,0.21447869915960918,0.5070584453890958,0.5100335069096351,0.32445897561548315,0.3794435331656937,0.20423129080243788,0.5053108931920246,0.7494054308974757,0.3875078448352772,0.5345344549846109,0.20995812251664617,0.31572490324181257,0.3128558365298403,0.5354379722167789,0.6070270006965846,0.5653353284640157,0.34337179088002434,0.28678824684859067,0.3747425265971552,0.19654435550401797,0.2305568790880848,0.4301724548936828,0.3285500764288781,0.3665571726197351,0.33839850605934163,0.42769359570710325,0.4186258130219053,0.508572444403717,0.7694923746400124,0.6435356171985197,0.7651640076276991,0.35050330831870197,0.7736938452671513
KHM,0.20916794961092913,0.3683090935097189,0.4101504436097963,0.556038971292994,0.371095441513322,0.4079360320530092,0.39434517638025507,0.41197014166720264,0.4009058526002327,0.28586020266751144,0.3774506664340463,0.2599551268449476,0.24266610423132837,0.38358998279410006,0.5468901066773943,0.46571054446611776,0.4189289733520225,0.268463839050832,0.19597342266312112,0.30211961314496527,0.3994794552701329,0.3615994547323558,0.31701538610518093,0.2551097225968096,0.5381506976899525,0.46236568026715,0.5114909497537377,0.38679768326310043,0.251896797749334,0.37482370742859433,0.3991906912974634,0.4642313621357319,0.2807158155398954,0.2259884463776334,0.41092962216608037,0.2673016217136985,0.4831321429717683,0.26231225832722976,0.3942755304962057,0.3765469919065648,0.4040772034079204,0.6457552911134016,0.2902760083758952,0.30672622284148876,0.22011514481398617,0.5048888557835953,0.7931699430417958,0.6064111962860579,0.3872186256786469,0.440636114036025,0.604341521731086,0.3707849367013354,0.4432718410015192,0.2931598345032874,0.4282678537769388,0.3072013188180697,0.09772879630301518,0.2639624925622545,0.2649360174516322,0.43626145075885364,0.2789275608961763,0.367707271999111,0.24267605289403021,0.2955154257291746,0.3814409935795032,0.17593194332823736,0.456448766527117,0.4265758404727511,0.34418139260607994,0.3489186699286809,0.35942474480999403,0.42338512542375933,0.36214170734460516,0.5116066505946342,0.2972833004773217,0.5207743770455193,0.37630104428226685,0.3729866229381273,0.2875909485533299,0.4833579151843955,0.28653210156925474,0.3249546083186761,0.28551698683877746,0.0,0.34056704118331255,0.26416067595647186,0.2715218482702955,0.5152591872784015,0.25864543505367305,0.6112927637757372,0.3673217405743407,0.1093430185699795,0.32516684607078783,0.7235001075972283,0.28756073642368113,0.25605317994200305,0.28384586802495376,0.28334923261625444,0.2853735565348338,0.3262005013380967,0.4043510183699826,0.424935799122077,0.29403072094641164,0.7945673455248164,0.2735614396499473,0.25592186849763915,0.46794693431048034,0.18851164929783368,0.22545072759975984,0.2181769628951972,0.3089507989503832,0.6369110289159691,0.20551862716425748,0.09818935916846548,0.45717502325300857,0.44197103145368216,0.5518017495015352,0.20167221935204552,0.2959926456988395,0.41536199980530636,0.25563935505748997,0.26071126739969425,0.5758464345599003,0.4372030921342551,0.4071217207583039,0.3859978954006437,0.2537681972451215,0.22744425083619932,0.8325546111576502,0.649339437879178,0.2902332509990219,0.4992599098311666,0.5758464345599003,0.2688749893684904,0.4787366913555858,0.30685998722014857,0.2735508741820608,0.20946110106691962,0.7426416570902433,0.04474764052395891,0.2967948593024034,0.7619372682413794,0.5448862475449396,0.5723883235911699,0.7475134192836441,0.525645628265943,0.2897240662780254,0.3274160933190216,0.3413870658119837,0.2039628626111091,0.630425328289465,0.2539805215272726,0.429884918398634,0.25632330459423486,0.5663737892890195,0.3456528957992181,0.2265999988345625,0.6881452494833376,0.3315704049289266,0.560669719686078,0.4274044473463952,0.1311247338387975,0.5019663699096252,0.30098948992214697,0.6100227623585308,0.7278945312888712,0.31592026306458665,0.6359660089152184,0.3041451064154695,0.2835688974568772,0.30640867036480796,0.6219663479689478,0.6473057512606977,0.4758266035340515,0.4233015465494722,0.25338217969526655,0.5329360854940373,0.19623572351584986,0.3555282831984291,0.2856268529486296,0.1963427142136611,0.4904046991696722,0.36291208877598596,0.5494139419464928,0.47594627018464625,0.4694562388902254,0.7504670393996037,0.7554534191554225,0.737565611863598,0.27585952096585975,0.7559449590323226
KOR,0.2749460623581114,0.34941608135043256,0.17842735956272493,0.4811837371165717,0.2062313247158976,0.21475316374074288,0.2665913494197169,0.28930776951199405,0.15406044423158186,0.48191528076786405,0.1865764958018383,0.27804940546464024,0.2982732523498042,0.3386512763348858,0.3149846056272623,0.28479119244609935,0.11990405246114749,0.2031754367608882,0.23945480326850432,0.19156237110385912,0.41045931480298914,0.2150794222022542,0.38240468887077117,0.2806078795349593,0.39108491056337674,0.5236922978374038,0.640125533272309,0.23192373930365456,0.2733153903765101,0.4389886470877031,0.1773427243418386,0.3789776574789935,0.17771021255196146,0.30421125831963686,0.5132528790690329,0.22753655446424992,0.2074593351311106,0.3036689844558061,0.21124213836374534,0.2539559601110356,0.4418892470514688,0.47708563038436735,0.1807218340748257,0.26702808650667104,0.338082062051258,0.26397100105621163,0.7892980496012424,0.6561215550388378,0.18364156229168607,0.5194057549643554,0.4411574491402212,0.45096191230518834,0.4349807096809768,0.24752197129285042,0.2268535940044052,0.17498915507880972,0.36819274862552187,0.26869071438394276,0.25092020940854365,0.519779550715613,0.39830740057973724,0.24684279808940962,0.44131461671752126,0.33854603103514114,0.38102116232681604,0.2652710060907109,0.2169893584878384,0.5589135176077746,0.21298539471791275,0.16459881591877493,0.1731206137425325,0.27614745972308685,0.2450782239427052,0.29894819397840205,0.302935041430326,0.36168150845635183,0.22943791679805692,0.4092562434003754,0.4079587078257019,0.30043773711992017,0.20335207666160718,0.30847374279668033,0.2124876765681163,0.34056704118331255,0.0,0.219472283966118,0.3390541546078105,0.2697462813660282,0.4463708747436691,0.5026037305308462,0.2249684024155029,0.30915328978229656,0.17996030009640793,0.7142920665573635,0.18134377739040367,0.2666915815383776,0.18020690166581585,0.34563879623219523,0.1995683671695543,0.12102136294081764,0.09840447027551252,0.4551216856811554,0.17021182050927605,0.7865641919529412,0.31881395900365855,0.23774178615236485,0.5773316984166349,0.34187692378505175,0.26278320301673247,0.4531723662171407,0.2094901136842395,0.7138478960521437,0.3577097802130994,0.35049456149558916,0.5398904456345922,0.31409026156301384,0.3964575915325952,0.3785461937332861,0.30204787028927305,0.4942780007853444,0.25605561706764274,0.23041280761015254,0.3719883305473378,0.16674525055233508,0.30661795894530375,0.46439216120595894,0.22525376526675683,0.2861535975428694,0.8312526271193231,0.6426218539969095,0.18516205108542422,0.5431304184023865,0.3719883305473378,0.22034870252882713,0.5035805666734866,0.35763427792690644,0.23869652206058165,0.3967023903952444,0.777521753349437,0.3332007817971845,0.2610778026489627,0.7725270574534983,0.3116421122386014,0.37950634978914255,0.7593878040611077,0.6470310359460117,0.3836800125629649,0.07207404317040585,0.23683251471075442,0.42511143735175394,0.592418119922802,0.2722806617828459,0.4628005574709063,0.28707196813458297,0.4467311819368925,0.5122165946900017,0.4235131234304279,0.5842006929147662,0.0984288891612922,0.45542451597006345,0.5173038802190504,0.35061033947746756,0.2745582620268716,0.09345533899803693,0.44385661296810086,0.7437571784246403,0.3998751569381604,0.47683656123008106,0.19899543649581944,0.27953470450994455,0.288003422641538,0.5049866733020538,0.5829390578266169,0.6325970665551222,0.2901530037538671,0.2331370537323286,0.34012920261934143,0.26490580237642486,0.1484708363081078,0.44815193226628375,0.39752429695199715,0.274796556853669,0.28392913723963903,0.4141999693405238,0.3482007713811245,0.5788168291050836,0.7692783207490006,0.6092061490953052,0.7803170079394391,0.3308691223135238,0.7734275477765034
KWT,0.27094451153022225,0.24698817699823744,0.3064020093483346,0.44003470318470034,0.35393221315134077,0.2687629894357902,0.3989364364521404,0.4181360988413293,0.33040473371756923,0.4164148443237696,0.3293012203912913,0.10999392773923325,0.30554888524901863,0.3583808894997111,0.4820680200082938,0.30522108865658665,0.3192069019928941,0.3105449310009476,0.23814223043817123,0.3209255804000881,0.35166896316251134,0.18935813995665224,0.27359538082105034,0.12842400863985917,0.5251452459686019,0.45692967499833986,0.6135257762955155,0.3348216154556927,0.10712475071177774,0.3681186216284494,0.23322867527557678,0.3022675570859897,0.29545641664415767,0.17774925912956466,0.4506432076322579,0.11751576651881492,0.39227763775322194,0.1553842075356729,0.3629822773658731,0.3921938093262894,0.37451243997474215,0.6267500083700314,0.30496419804203057,0.12150065371380234,0.25225469487045027,0.37164776391409826,0.7941678422116153,0.6220261614440895,0.3302948843143387,0.4737859257240403,0.5853248212648796,0.365990959959875,0.4083023718000698,0.08785802775294342,0.3895122273862469,0.29505339648288825,0.29099340918523714,0.14313797553840935,0.06343114437899751,0.45522343725273084,0.30320134909793983,0.3757826048484497,0.38533228825157806,0.2205512153371666,0.3652550397137755,0.26872485437131816,0.3883415867773339,0.512899743664279,0.35442250203181774,0.17358362206291844,0.3074296350731635,0.4220621859261036,0.2827586353041357,0.36718702386939533,0.32991291773278997,0.49148050449602004,0.348903899053577,0.33850220357863325,0.3241700223622951,0.45369182588479456,0.3215522401788733,0.18099320301630298,0.27865213557826923,0.26416067595647186,0.219472283966118,0.0,0.2664844080157467,0.39775654274281297,0.38446333415079104,0.4729376222574501,0.2833164407105055,0.2542480111317152,0.3134879505862498,0.7072836565710152,0.29573895863035254,0.273130745962056,0.2901363173443308,0.22079423083541397,0.05285666294967533,0.22211562579335148,0.30128030444578324,0.3763451608584997,0.09266911409351052,0.7816581394618374,0.22966141433777892,0.31212080123396896,0.5287539227208701,0.25635746395383385,0.12840710767463928,0.3897157056075822,0.09408797897004903,0.6964435774405109,0.29212316807193267,0.28538300420927204,0.48511461079839036,0.4165854323683099,0.5307170150372473,0.30195333400753416,0.32772609178844786,0.42176940258389306,0.11736656259828611,0.3109074773346413,0.495840299933998,0.35209827285911105,0.26646840696070073,0.38381154819336255,0.30779929345315515,0.21627118175287424,0.8325546111576329,0.6091606132594999,0.30527218020764585,0.4862287668320472,0.495840299933998,0.3185712162890317,0.4337380905409204,0.27980921847523516,0.326029647795373,0.3429682837302649,0.7687973631950521,0.2578179124383064,0.3399168900268991,0.7589784486665754,0.47938768767768186,0.538436919099657,0.7430712793232386,0.6205094609977355,0.28624176544359753,0.1745156239296778,0.3667575560651052,0.34322119860814587,0.5662656666750882,0.10071795294827453,0.383877634086091,0.13452271971420005,0.4197272344161022,0.4673586219081146,0.3616011367640517,0.558223604467272,0.1821872114803385,0.42289288202072994,0.45321585456623087,0.2826434376959658,0.41330077539503585,0.1715249144181036,0.5907635046565566,0.7245816186823361,0.30474067753761297,0.6147719927274926,0.22289338761450805,0.12161959523128305,0.3293395313425533,0.5932928947289017,0.6246960966500184,0.606928425883738,0.4321262804916612,0.04270400855048449,0.49290323595690677,0.29224830002093993,0.23778562089765884,0.3756446928240221,0.3424544802412832,0.4172167860388094,0.3575276690777975,0.5239169562958907,0.4375472413861165,0.5448688604962774,0.7565856991252271,0.7529787042289001,0.7727769137401402,0.19810938326770128,0.7615439341139165
LAO,0.20540513307668004,0.19842180597621767,0.3392125824133327,0.37477072724997595,0.3814288363107525,0.3125543132883538,0.4848312418739956,0.5040342231048637,0.41158951224329693,0.3203411257210084,0.46559733470002296,0.24014987326996992,0.38414729238131934,0.5045697928753802,0.5493846355473527,0.38316632810329027,0.4227860625646071,0.3387773636134404,0.1808153394213075,0.349268290299377,0.5449775797791196,0.2549801220958274,0.3676507551761041,0.3153923445624104,0.6092914680627584,0.5078501793037149,0.47118796398670454,0.49378554782434325,0.28360154167781787,0.18376104865236834,0.3226724650286335,0.3629891232923481,0.3133013814673312,0.24282287485984197,0.40425486205749483,0.3481798411270446,0.47773855149555405,0.2820798277004032,0.38982624756138806,0.4562310281364363,0.19347616847582907,0.6864376493018104,0.3326284085654142,0.2154532997529768,0.11345261611063899,0.4314514128311631,0.8204664378476992,0.6120358838782457,0.3498462944385718,0.2664146419796821,0.6568333895730712,0.4040619730632265,0.595329091972016,0.22656668218642464,0.4842952687586949,0.2937294352409062,0.29220168583022227,0.35987355671160015,0.2366186315619168,0.4569735792827217,0.28165856887371477,0.45961043600873075,0.20289124402285583,0.3864397744754883,0.4935510929952241,0.24829943128268736,0.4703074807830941,0.42287362591240757,0.39647124230237507,0.2722217753166894,0.44772281806529685,0.46507645436199985,0.4617358059713593,0.4159512946373302,0.42380770992984246,0.6131385014562265,0.4828913618414333,0.49380370740101837,0.17069103951932835,0.5702971886442396,0.35639187116568005,0.19238168810161163,0.28848511466909155,0.2715218482702955,0.3390541546078105,0.2664844080157467,0.0,0.4589894423576239,0.21238766273014026,0.4932704609084241,0.4544126045974085,0.2712390831808725,0.32376259854561906,0.7866074048110838,0.29775998409812754,0.16674573004990673,0.2875710807464625,0.27422829874001564,0.267494889501828,0.2508387054200816,0.4156654945995355,0.5322015123037447,0.3002380458853134,0.7482834862915343,0.05479511612998692,0.35472823273623705,0.4669349476386885,0.20301113281506641,0.27013723503079823,0.2598077149207123,0.2572950937826053,0.6178428473641808,0.1266410382665509,0.27327017244040386,0.4877179396212637,0.5528303669151816,0.6327279572854088,0.1870811800842595,0.41315097772680875,0.4475172964731183,0.1699316523476198,0.34811598445922504,0.5451899795800672,0.4440613845428454,0.27473076477369346,0.45091457020658193,0.35160158890796145,0.32228548636392723,0.8325438880893087,0.728378441849287,0.3164674936602019,0.5608199772770244,0.5451899795800672,0.35256842244824704,0.5736425865951158,0.427534199094904,0.378365007109186,0.17979861149584767,0.7325410646289231,0.2567251208397225,0.41088182016899016,0.7701046552920516,0.5472708721652699,0.6182460730711082,0.7581626152199301,0.4929569589051908,0.1854352607424684,0.3050280525601377,0.42745490246128665,0.2926570686021573,0.4670079172556395,0.2609266567297041,0.5309227578177385,0.30703660251126913,0.4399287992316847,0.2722945163202529,0.29790454843046105,0.5717418582528216,0.34046670516603844,0.41395459594168954,0.44009418101444076,0.3274132753213185,0.45946577424117896,0.33172359260556367,0.6613752740677428,0.7387681140877966,0.23933664226484397,0.7216945042320811,0.1728015278575518,0.2061306158928877,0.42120510935283395,0.7262251022026261,0.7517439207366289,0.45594746201619035,0.4967364659254361,0.28223680733477513,0.5891113397603834,0.31238138187103626,0.399227556941666,0.36029547310896304,0.20749138521141872,0.4584698552240409,0.47750341481489117,0.636594063872923,0.595945240997752,0.35159089496178003,0.7509014708600562,0.7896437049382343,0.728110180420831,0.29339019944521283,0.7564332344724511
LBN,0.4443253345251205,0.41578469195012563,0.2672168116729941,0.45363974301493104,0.2819132278425605,0.3108268900878303,0.36484025911226725,0.4013257515567889,0.2378942858979959,0.6033651104665635,0.3640419933848085,0.4412692256438327,0.4916791685896088,0.5117608037718955,0.23011658037185437,0.29261964296011356,0.2158181776358337,0.36749257393106705,0.41943916831904066,0.32524019320673925,0.5692489828379206,0.30591334690589783,0.543568928039583,0.4664707882616013,0.3918209853231042,0.6427184734128645,0.6898517634015329,0.4203557681068898,0.45321183811675864,0.5162866892204381,0.247820335019729,0.38209031097305923,0.3363931861636213,0.4817144714308277,0.6239589357971924,0.4317043941794094,0.1924125582283978,0.47545828050361444,0.2697277201936011,0.3389780882668138,0.49771353156952675,0.4805406001553799,0.33547232564510526,0.38625526429681956,0.48484012633592044,0.0902805170464155,0.8036723557444119,0.7237646125609405,0.26047326893753986,0.5685551719664294,0.39528367870830144,0.5897550993241314,0.5798462415376185,0.38383702159044986,0.303977609077331,0.31116614482432076,0.5360792177536461,0.46499853760624,0.4117544273770321,0.6349594195031006,0.546467173078892,0.3682617492590445,0.5556043556660489,0.5173565442303643,0.5500051191061879,0.44772484751726377,0.23096368116684443,0.651837129813221,0.31758686384629087,0.290149321723765,0.36806640852667144,0.29885591115316246,0.4380358267760717,0.19727807858553068,0.49237583600970936,0.4716832103024731,0.3959931134041699,0.5744893161379192,0.5287414493217805,0.37396755870809195,0.35539291743621143,0.4079901185881113,0.39551657645803934,0.5152591872784015,0.2697462813660282,0.39775654274281297,0.4589894423576239,0.0,0.5549795527848101,0.42630896098101184,0.41900264922830205,0.49230676542109464,0.3033486957597508,0.7574845255903705,0.3309187429727148,0.41608681046557555,0.33118994209372987,0.5026253886682791,0.37010010379635816,0.27287662514433025,0.24370159363545468,0.6021736910375075,0.3615447721802227,0.7863149476252203,0.4421961718167177,0.42792693435863505,0.6725930601534771,0.496638300426645,0.4577778771882954,0.5744409527812391,0.35268817874705116,0.7500857795237027,0.4996868380616833,0.5206191123159701,0.6498304032572698,0.43928033532372696,0.4047667774486525,0.5158542447944839,0.4884269954848372,0.6198096402374343,0.41231772499089037,0.418880350819637,0.23822318372476634,0.21134664284437707,0.3820546544764462,0.6054963691313462,0.4042027708596637,0.4858998119184106,0.8325546102217943,0.7182903705614055,0.33244973480316053,0.657347452487101,0.23822318372476634,0.3987303905890837,0.6340859393436744,0.5396052641891442,0.4199832110105458,0.5235510214283705,0.7959745451401774,0.5073314262017544,0.4452585868431964,0.7983489526374047,0.22831317886639854,0.4183881787596678,0.7904620951023872,0.6987078153556504,0.512103391399862,0.28808771059411464,0.3628557720059406,0.5708061531503924,0.5902401073246906,0.44498156018415136,0.6072354552650953,0.4694027533971925,0.3880559064130853,0.5898407136920081,0.564368478651631,0.4918537654293665,0.3184159630315667,0.399117657671967,0.6314090980350188,0.5293519383088511,0.185846879806374,0.3411486909248024,0.39597810721258986,0.7807799874528912,0.5279127181029625,0.4873288980913191,0.3375304348272129,0.41662954181758904,0.4715407202483842,0.5838587665626219,0.6584469379127846,0.6803924230710546,0.3341428210408772,0.4194968645412275,0.4201923340703305,0.4560094564674544,0.3544606393838152,0.5902872905527393,0.5342739132558559,0.2148250967154711,0.4508049468338878,0.5154970044123277,0.4800947299720386,0.6252475960868037,0.794906953405404,0.5292618019063265,0.7956851542340257,0.4971505124804473,0.7974187990293012
LBR,0.23567357427667743,0.3392732390853129,0.45370219315861804,0.47959952417978846,0.4418880882574481,0.4447999399652486,0.5291833064837822,0.5467882044114023,0.493844138175396,0.31535016052315357,0.527124835826033,0.3517013225850408,0.4241533471500347,0.5551046172114864,0.6144655389494338,0.5008067283919266,0.5135683521106497,0.38259925731393113,0.26440041232949724,0.39934685022416255,0.572908741838389,0.39940106224688954,0.4235489323722162,0.3983474234119421,0.6437407536260119,0.542613798108772,0.4527186267438909,0.5504707149043047,0.3783686288905525,0.2917609903654669,0.451579673590206,0.4670490831094721,0.3721049807896852,0.33776998208712916,0.44736410569783386,0.4355750585663701,0.5604914111090198,0.3703277055261001,0.455850512306593,0.49745241103381627,0.30576977822241447,0.7191337116330265,0.3891561887215535,0.35629974653622754,0.23236315188331902,0.5368321223872767,0.8190776847438954,0.6414263851190616,0.4371029184130252,0.3069375791305721,0.6888794551777251,0.4513543239529847,0.6203733746483963,0.36340948792283556,0.5430754696940043,0.36445039810788243,0.2929706310834547,0.435004275339154,0.3597157597429935,0.49666410222589696,0.34594032706526784,0.5059132667745987,0.16309481284683602,0.4417944581547227,0.5464902585047973,0.29800841059257754,0.5441029863139624,0.44870449509611765,0.44423298798867433,0.4102422358086955,0.5125767637436903,0.507069635597442,0.5286396588344231,0.5278831309420022,0.47261520581860084,0.653000051869325,0.5346888712966618,0.5346026451753779,0.25928926247806505,0.6132641272176621,0.4005833544143397,0.3358112389310182,0.3505662077808018,0.25864543505367305,0.4463708747436691,0.38446333415079104,0.21238766273014026,0.5549795527848101,0.0,0.588479366099614,0.5257683493618234,0.2708352063417925,0.38861522550471317,0.7853173303208183,0.35753257688244583,0.24097893032678283,0.3503374936314473,0.35907803493724605,0.39343800587643857,0.37759877673340114,0.5075863122234093,0.557595441782404,0.4176828767259462,0.7243973497035419,0.24698275874999615,0.38610056184558644,0.5027221955820613,0.2014555543244934,0.3666294157705513,0.20340098690442782,0.39214905955184215,0.624898339112312,0.194660880479263,0.274467676394294,0.5315000818156249,0.5975262526699944,0.666786443339849,0.12819409169570586,0.4669989335540613,0.4883918565124426,0.3183469302294903,0.38002736458811376,0.6165109257406146,0.5273768217229127,0.41504318571890764,0.49016677354258353,0.39697442469882516,0.39328482616123706,0.8325546111576528,0.7335948815029828,0.37028003831123096,0.5980171003895867,0.6165109257406146,0.38857116211423504,0.5959996388651286,0.477235024113024,0.41871494140830284,0.10502743675832205,0.7395364769221228,0.2397587703207865,0.451499265806304,0.77984183746991,0.6128450170096122,0.6633175509449372,0.769403001316754,0.4873531739871954,0.288927570563195,0.42600873766826314,0.4691617621038082,0.27503615464033054,0.5309508595492417,0.3646990384812817,0.5571467805999094,0.39088260103904066,0.5476445392564153,0.12165856473724736,0.31960366970796794,0.6559191621141829,0.4506645563227225,0.5217472873377801,0.4810382010535293,0.34809549605676243,0.5461447390706905,0.435814355760107,0.6935033187931847,0.7528531863104228,0.33025038231505904,0.7460994615606192,0.3162769350778506,0.33914594212428223,0.47575374393384245,0.7484772702279835,0.7674138397049358,0.3692233805801033,0.5350162171548497,0.3886586899920974,0.6387638715387554,0.34434064668328074,0.49120123541111255,0.3877912853643213,0.2107187935176884,0.5386562986225267,0.5292636971303377,0.6730950149768457,0.6347180331173398,0.33465123727031426,0.7635886086126241,0.8106801429459856,0.725665818259272,0.3734093335058373,0.7683019478151357
LBY,0.5640476272136212,0.36065219156577066,0.48171892162988506,0.27932988766110695,0.5898547697047135,0.41231295329311723,0.6674639058567619,0.6770340270885769,0.5628985958692007,0.6533196789429527,0.6305845169754789,0.4976119102460599,0.643294563970897,0.6898381107121577,0.6012705962289424,0.2732418170103555,0.527382212557833,0.6101790317425463,0.558451584760789,0.6023543879532025,0.6847823649663997,0.34728020335848653,0.6178926941440419,0.5539144771892972,0.7139750920960178,0.7008244989511795,0.6918700476353865,0.6430612654004523,0.5302361778835442,0.496144323632194,0.3502348174292523,0.2252694780044605,0.5869482118370868,0.5607377300504365,0.6644099944547218,0.5462713748127921,0.5373928723377003,0.5455864455007828,0.5813756599878714,0.6520143525961715,0.44901870011373685,0.7311126844313921,0.5952992958816784,0.3971640438862857,0.5427395606185067,0.35863713435364836,0.824210128670238,0.7530357655968588,0.543535648607826,0.5348951094979032,0.722022769000412,0.6509707653420665,0.7042704339649183,0.41449078134166756,0.6316701127546881,0.5606533642960719,0.6281981451767625,0.571797102433625,0.46543922790930825,0.6841701445070956,0.6062298372842938,0.6576983234994753,0.5993690369341386,0.6107735782938336,0.6920293854427431,0.59914056546926,0.5813967654784535,0.6901067671924965,0.617859339188936,0.38311408906476546,0.6223884844746634,0.636853497878623,0.6039910900611597,0.2751862406796958,0.6594860382231429,0.6975217811424692,0.6576592676582933,0.6845578299007102,0.5574576925036139,0.6839088370722224,0.6145184115443106,0.39373455850703254,0.5630426994828902,0.6112927637757372,0.5026037305308462,0.4729376222574501,0.4932704609084241,0.42630896098101184,0.588479366099614,0.0,0.5932737441955143,0.6018014795913604,0.5716013522360357,0.8050550566631506,0.5746730485091216,0.5349358411939339,0.5700301663169017,0.5605292442287094,0.4434897404842474,0.46971376162398887,0.5281965543604564,0.6927293334001,0.4647447986533371,0.7695617531545969,0.4718822454249464,0.6183334485568442,0.7107992284707779,0.5649726082289926,0.5539729514902069,0.625130244293455,0.4033832297155702,0.7572395806856828,0.5644657059245115,0.6183800196550068,0.7080783524393804,0.7003910521321497,0.7263501402670932,0.5712209535750866,0.660447611454937,0.6758757713617608,0.46544213174285004,0.6124884769876706,0.5502571763867374,0.5509006135784057,0.3798701876197705,0.6776815660996885,0.6260956643523244,0.6100886823803724,0.8325546111576444,0.7798613482502494,0.5855975284664182,0.7275529839793461,0.5502571763867374,0.6166374665793706,0.7151500610466116,0.654836423659571,0.6345616320824866,0.5806078229339132,0.8004662410644615,0.6019378321024487,0.646331697432326,0.8111097094729021,0.5994776876768089,0.6838957982303454,0.8061442440770477,0.7049735136798113,0.5430903191208943,0.46267671698835444,0.6441614796485593,0.6365130723024703,0.5057249532675615,0.5123922525047155,0.6941982581602284,0.5522659411395852,0.09530805456613695,0.600059767421133,0.6394941452054522,0.12321216920638277,0.48589691860729256,0.11988345502703951,0.6780307115253204,0.6365882110289267,0.5205146954344665,0.5230332211906525,0.7232170601437453,0.7991362511881893,0.5607343732490868,0.7642788277853784,0.46476582082310935,0.44421890006237963,0.6616731043392532,0.768208796801536,0.7801395506520803,0.6804974021326629,0.6654247267405645,0.5029160522397513,0.6672566853493792,0.6182858605408033,0.5336549239502388,0.6642682304791223,0.6039686898978776,0.5519282164617904,0.6766150389245714,0.7070456793450839,0.7151666176916776,0.6057932138997895,0.8058761768985131,0.8002045940599319,0.7973388955573032,0.5647821394296361,0.8077251785771081
LKA,0.3490914784980994,0.4743728143356619,0.33567211447989054,0.5945977553413951,0.3374613992254878,0.3330727557561808,0.3157683822983734,0.318669158770351,0.29168070752036684,0.5405952899760236,0.18965103265232408,0.3567788243626523,0.26238131339724285,0.30637156781112285,0.4083671263780937,0.3782848786406063,0.26200002776510023,0.3033428476519834,0.35055610819960265,0.30975504275905397,0.3138152675392902,0.35468891250213447,0.41524218484637965,0.31054650981757065,0.42049889781619515,0.545274171736492,0.6992344070760624,0.13061646324755238,0.3241833363929276,0.5535580678155766,0.32814880798560764,0.4773564979073863,0.3083639707625033,0.3689014841459461,0.5699582619738457,0.2089883184138364,0.32760339574011316,0.3607709109536552,0.3412220110849843,0.32392207172558024,0.5630728720435397,0.4815978330433764,0.3055442465276242,0.3751216120168972,0.4347806069892041,0.42056072741115447,0.7593846014857177,0.6824851761340164,0.33696478910664895,0.6233159482339868,0.4676327480565013,0.49088215922268663,0.29928391524448295,0.34714319400586896,0.29283963240988065,0.3226870349551646,0.39681325443705007,0.2554636728771297,0.3343899631379374,0.5606579932316204,0.46426832605689244,0.3030769203171294,0.5223870335610639,0.33923421753462485,0.3445427641980536,0.3480210922680704,0.3250262190899951,0.6099060320926241,0.31991078925001165,0.30936242322973645,0.17742289909291747,0.368086947935404,0.039621854910492284,0.45046500065349593,0.26298515087254415,0.2530173371231965,0.2278860656854376,0.37712313762599525,0.5047418251290791,0.29387696883361425,0.3034576579288357,0.42612638269441605,0.28089850111797443,0.3673217405743407,0.2249684024155029,0.2833164407105055,0.4544126045974085,0.41900264922830205,0.5257683493618234,0.5932737441955143,0.0,0.3269597266594953,0.32113643544328907,0.6546668486404356,0.3169036124242623,0.38229061316403207,0.3188080329840006,0.41436608067289926,0.27268374335458756,0.3173564423660561,0.23064640594318447,0.41901435022717165,0.21826555555089597,0.806161122679555,0.43744770624981727,0.26624270506584363,0.6235446697666446,0.4023735224001189,0.31085371683180885,0.5188993673045381,0.302172359105483,0.7478490610101949,0.4494752897025225,0.3815832733975183,0.5693472214479819,0.29458695752298825,0.4047728302314057,0.45018178851275953,0.300891143542538,0.5306966523728608,0.36102087158234986,0.2700019732451234,0.48178696759136125,0.2942968912491395,0.40408591392570076,0.485891818191708,0.29956646848765306,0.31268472627197547,0.8325546111576281,0.5870547244868511,0.31316448037490774,0.5463304588106705,0.48178696759136125,0.2908086354765476,0.4724610191927306,0.340457776241524,0.28741431018016167,0.47400741293962534,0.7933345307604318,0.36429069525393465,0.26426815072356236,0.777527578349897,0.40564371474672517,0.37812115442416994,0.7646710983846903,0.7016126359004532,0.48086083411347186,0.23535568371957707,0.30744071618928626,0.4756048699719539,0.6760360878755921,0.33792834581751896,0.43407269574392116,0.32477774279825006,0.5461941085519082,0.5934526121394935,0.47281717808074264,0.6669312437898797,0.17755165272998247,0.5671271459039903,0.5634231930924432,0.35639187898636276,0.41338727665378133,0.1744371900749028,0.46922921410088525,0.7514622858779977,0.48928512333858504,0.433404444556296,0.36139825960666805,0.3814203868436883,0.3023947121058199,0.3936973890218515,0.4536967356294659,0.6920414392446482,0.35259781217363484,0.28124782674397286,0.3056622116976622,0.30331666769482646,0.10200641246954668,0.48433661738077805,0.4727241853995373,0.40609071440558875,0.2860291104419577,0.27973019327118226,0.2855385690717283,0.6638326572969171,0.7797955261985063,0.6176325918802061,0.7973100770770005,0.3874020307928553,0.7832009191743121
LSO,0.17541694010692088,0.3715850535122606,0.3798431699364827,0.5473317348675222,0.34288702620024225,0.37826041278526057,0.37415557946119327,0.3911820221536704,0.3723628810208113,0.32418648723867877,0.3471253139965083,0.26985533741404905,0.22174092693783035,0.3737798445886586,0.5205218149505865,0.44061533418840904,0.38700047661331843,0.24321613301747655,0.17976071069221092,0.27483224583331084,0.40581938306999704,0.34272323063187904,0.33368787116268356,0.2651956181406192,0.5182669493535751,0.47713852376887034,0.5282511325096864,0.35432194767733355,0.26156656926856775,0.3843664617296292,0.37405469058647334,0.46232366730656427,0.2529756784573081,0.23806387634551562,0.4296271499365759,0.25108496156869275,0.4529572711110085,0.27658299924568047,0.3639125050253551,0.3547363110839508,0.4098299256798812,0.617512137184879,0.263406926387392,0.304310733916109,0.23065347142122786,0.4828034302490603,0.7927871850136395,0.6172406248240696,0.3562326784898893,0.44737131255010826,0.5810772368360546,0.38829661095276813,0.43968342452141945,0.2878547148661257,0.40083104592262947,0.2758243547970517,0.1664046204501538,0.26421445415707756,0.26634112095546203,0.45342099018002247,0.3012785325830957,0.34738337666767694,0.2641200156220827,0.3096835089818326,0.3760926419835731,0.16882865846029052,0.4285424793049767,0.45163448673747036,0.3185885181261572,0.325364212057177,0.3291012284481147,0.3988400387934993,0.3233047372315998,0.49250770070812583,0.28001821862101095,0.48405575558751796,0.3514539916758894,0.38007764196577914,0.30584390705155007,0.4552088064249499,0.2613630664413321,0.328950253527712,0.24355100704920618,0.1093430185699795,0.30915328978229656,0.2542480111317152,0.2712390831808725,0.49230676542109464,0.2708352063417925,0.6018014795913604,0.3269597266594953,0.0,0.2936680377146663,0.7236849222862978,0.2566914913473318,0.23026906753373955,0.25307247650495934,0.29958029153325005,0.26693966412635783,0.29993669099125886,0.37064209485331856,0.43611270932684837,0.2665298609786046,0.7824637848703377,0.2743456232978571,0.22399228062975057,0.4896604436759687,0.19444459911005535,0.22722985870693374,0.25934819611200444,0.29077943008535906,0.6493396726075099,0.21641071459663794,0.11226346037555872,0.47556661046881077,0.4222844808602138,0.5304038657029848,0.21036242221867826,0.28696822295027646,0.43234656006303335,0.25354041203785377,0.226703773608513,0.555616216855712,0.40735751956971394,0.3818379258438867,0.4043507060739219,0.23571820332870155,0.22819048914600118,0.832554611157648,0.6521324423154548,0.26007376732595255,0.5115732874957779,0.555616216855712,0.24102673922147133,0.48885009319932066,0.31331597493744595,0.2528455637243608,0.21137811497649373,0.7484841927114583,0.09754178213496945,0.27426622228205244,0.765001656920104,0.5183819855204992,0.5404781583871398,0.7510645492306021,0.5430808167222423,0.3066516397994931,0.2974583493383236,0.3194309791768358,0.24879807828869002,0.6193580762694765,0.26342985052884643,0.4414504085973986,0.268179241162934,0.5544546241622264,0.3542790897123975,0.2551588741072248,0.6815308928714209,0.2970438161987015,0.5514552391487755,0.4451626036480961,0.16637875444203593,0.4781001452316549,0.2690409142969149,0.58607847464978,0.7323400002673565,0.3323763018373844,0.6092867113176025,0.2816881270803369,0.2893450966446765,0.2970853554221236,0.59578144151239,0.6255939051807624,0.49533154525235934,0.40182242637634163,0.2490853954841861,0.4975858025749944,0.17816964367445245,0.3158415798858889,0.3209574202767275,0.2196725915409528,0.46587533272189,0.34806104659429266,0.510183621944275,0.4548424545080706,0.4781813893320993,0.7546210410213516,0.729500413614205,0.7442821047003193,0.29173937867108085,0.7598183881271487
LTU,0.22938318409813774,0.39772935705098034,0.20485151473331514,0.5168442520142639,0.12724159659789092,0.29063865969259184,0.24424318618251128,0.273211825632457,0.17056957584860993,0.4551844603060988,0.2352420327101632,0.34155715809146003,0.3173922681700326,0.38623102943718235,0.30415096420430193,0.385205356882118,0.19641334761480994,0.125862671615589,0.20743561055714368,0.09918914923112988,0.4716512086140211,0.3086394292046655,0.4176420053871017,0.3484078589058179,0.3700015121557405,0.544612872656505,0.5961086598245883,0.30102107919179905,0.3412999491407523,0.43208610487115023,0.2899371548967573,0.4612625336993056,0.10000110239004761,0.3359957143291432,0.508063825286607,0.3214636063512389,0.23988527297823162,0.35785010822891317,0.09594854251034565,0.1952153946168478,0.4421690044233333,0.46789507585174134,0.11012455641154041,0.34424790531184524,0.3241689098432474,0.3172139817729398,0.797521129981842,0.660597683815783,0.10199690991612007,0.48617919905547885,0.4142449069516689,0.4690278125865439,0.496243337642461,0.3317701524146591,0.22198740317434398,0.048002346455661864,0.35723559946200756,0.34665144696055494,0.3289291331608943,0.527337466489707,0.40197636695159367,0.22755830962329085,0.388967180561315,0.39362295709624295,0.4269128921185337,0.23316805040374444,0.22501778517918483,0.5394207532947448,0.14095470085544073,0.2759593647304642,0.23044103061240973,0.20527409964881896,0.33653644137698974,0.37194752459646707,0.3321698628465502,0.4035834874538569,0.2613997116838241,0.457835489103978,0.3918116314828943,0.3089116721404583,0.11682256346998433,0.3674571991359957,0.18727952572692846,0.32516684607078783,0.17996030009640793,0.3134879505862498,0.32376259854561906,0.3033486957597508,0.38861522550471317,0.5716013522360357,0.32113643544328907,0.2936680377146663,0.0,0.737713238056594,0.048625178090354465,0.21330077771508416,0.06044717379042703,0.38073329682946777,0.30532540626284743,0.1703767059636133,0.1989617224796845,0.5031843376939711,0.29019733313031965,0.7695010080047219,0.32600077157408963,0.22287968688108456,0.5683103409779525,0.3110664075562829,0.316414735556766,0.4111680116683694,0.3137754137499657,0.6923115888416509,0.321667999416566,0.3332621595128019,0.5493510551521488,0.33858519214907773,0.3848052703816361,0.33333865951307995,0.325928850538179,0.508264406982822,0.31081344000745886,0.20902732118784345,0.3776214822903858,0.20446906333153844,0.36198216627489616,0.4883727124548665,0.189195169325859,0.3188405225193368,0.832554611157621,0.6788800848671573,0.05239940220948393,0.572122643242276,0.3776214822903858,0.180762696443705,0.547732590701065,0.4024137329269031,0.22134780693494302,0.341056273388093,0.7686162545352295,0.3133828271024623,0.26787039492693326,0.7785551479558802,0.30167515738109224,0.3882994645779689,0.7670155282478758,0.6093220778793297,0.38626597283476494,0.2182471508926471,0.17953077506347542,0.405143978936487,0.5789510477870571,0.33928113599331094,0.5084614703681946,0.35114959976601856,0.5191645130258111,0.44685699531609946,0.40302637623568954,0.6482386254970722,0.2447463018101285,0.516959321063671,0.520851688639663,0.35385268597306463,0.28057674120608417,0.2233550409613644,0.4168357423207752,0.7519013716918462,0.40806909400282937,0.4811615707320322,0.2125104120316485,0.344906701047785,0.3086105553191762,0.5437851251812302,0.6237378907426312,0.578838887217764,0.22991998593212953,0.32017305887882036,0.37125039335015825,0.24878941792636858,0.2732767493015134,0.4455269429737592,0.35572531195433593,0.262280678172602,0.3071984310802478,0.4571682739481642,0.3940325675143467,0.5277617537944244,0.77106451735427,0.5683629068565323,0.7668235385686052,0.3745563282458535,0.7751667990967479
LUX,0.7483914675456663,0.7915416421666198,0.744444794879301,0.8154487180829068,0.7371108909181314,0.7472828253278053,0.7150161454927538,0.7131422109134044,0.723591501352667,0.8038011712199157,0.680313576279109,0.7327413610820944,0.7109490228560421,0.7014706004474299,0.7402156257594033,0.7544173442221094,0.7155761785026703,0.7302998923707776,0.7523474389302189,0.7318276334048108,0.5720858642749946,0.7508710480988103,0.7612300438239625,0.6958985834912339,0.7209303187724138,0.8245548395731487,0.8325537291387112,0.6518736348034214,0.7098328512107064,0.830055220738685,0.7417189469766261,0.7469099229019132,0.7347876343537963,0.7514650089869214,0.8310144853423226,0.6682911705242784,0.728425288099275,0.7294651963081613,0.7379248653288595,0.7225397709901897,0.8301145231814734,0.7384528377446888,0.7325379735403078,0.7459625829286017,0.7810009522759953,0.7609246418099369,0.7949562417684719,0.8324949437429672,0.7414387692095478,0.8324839072145512,0.7237750145276688,0.8134831066525369,0.5423607522972319,0.734859956059391,0.708963102173131,0.7402163832921201,0.7309387335309702,0.665394686674595,0.7251679459658089,0.8294510657816762,0.7940680643497772,0.7157043426966848,0.7983584631609408,0.6879391872955894,0.7158839150066764,0.7467136999940008,0.7240006937843148,0.8165935179823988,0.7298366105757426,0.7379677630918751,0.6810996977436241,0.7348296620054141,0.6449761165193731,0.7704496849827882,0.7089038372181234,0.6559581696037333,0.6862426230473545,0.7149971538514833,0.8107358525681385,0.6802913662543436,0.7289374335630531,0.7693603976634825,0.7311629423821909,0.7235001075972283,0.7142920665573635,0.7072836565710152,0.7866074048110838,0.7574845255903705,0.7853173303208183,0.8050550566631506,0.6546668486404356,0.7236849222862978,0.737713238056594,0.0,0.7379266408747059,0.7593734739944646,0.7391360484411169,0.7707473918687321,0.7117271040062391,0.7451657205768104,0.7086914861690246,0.6861715535050916,0.6998337442544141,0.8325546111518289,0.7830236847612643,0.7207531379381802,0.8320954375137979,0.7340027541711386,0.724742240000193,0.7832380260623653,0.7248356544403715,0.8325544533054132,0.7817067852764026,0.7385306771153922,0.8017022689026092,0.6897117121938428,0.7053196334857473,0.7557282597283831,0.7190876699923948,0.8245817966172401,0.7525559105044515,0.7224463947137536,0.7641112661269256,0.7202939451642503,0.7601897469030124,0.7916862348670148,0.7273287303354485,0.7291245334753833,0.8325546111576648,0.6567041828554704,0.7354742500703507,0.7829111176993641,0.7641112661269256,0.7260646778813875,0.7371323069050317,0.7155769849056669,0.7219748221674466,0.7804229218890846,0.8325545777073894,0.7253518568505265,0.7136078267172477,0.8325369672604918,0.7397479789671889,0.7161871254922967,0.8325205786586248,0.8325535327496608,0.8069124911291737,0.7181084627220221,0.7219167458857356,0.7497884780992564,0.8286574870158574,0.7205637829318211,0.7121031577471024,0.7042938681429732,0.7956068155069571,0.8134517029253515,0.7736510965402128,0.8220897387734675,0.7005968828541687,0.8046754665154061,0.8300695222079086,0.7194345831534842,0.7539067361614237,0.6983964404182009,0.7239638159477645,0.8325215555844393,0.8179789317294283,0.6373079840684517,0.7582973157100942,0.748128849544251,0.7184457692393998,0.5773934149189205,0.46740147485522093,0.8324245325193029,0.7246188681641148,0.6993818892598016,0.6986007541184521,0.7307016841656125,0.6820933028898497,0.7557874642240574,0.7827920550576467,0.7509507184926756,0.7053671604282435,0.6667530937640762,0.6619273485229836,0.8325501397154426,0.83255235612723,0.7743315936970393,0.832554604527027,0.7474393744166189,0.8325525778916251
LVA,0.19385355679941393,0.3836525860015527,0.2223877790231531,0.5182950895232843,0.14772842443739737,0.2944552535690629,0.2501547161562086,0.27871497087678904,0.19376964681142575,0.4213147611594998,0.23913071004529413,0.31970507205223525,0.2891284699694704,0.37251269608231263,0.3400874872086844,0.387863079617433,0.21911314304601184,0.09967439445441695,0.1664438775433595,0.0896007963207099,0.4609478351371689,0.3011832852380604,0.39436028801437556,0.3270730239833861,0.3903865519779268,0.5259543463718667,0.5748291543791066,0.29960082318000714,0.31955117150237355,0.41097958158325154,0.2910592473961509,0.45758682200022305,0.07629588550226982,0.30700256396459136,0.4834858471219992,0.3048998407968133,0.27184984178127375,0.33459607475891284,0.14057513651173922,0.20457380090663577,0.4250841201373337,0.4897875274940754,0.09303473748212587,0.3285811756049982,0.29091994864036885,0.33847181285657474,0.7982766547055395,0.6471524394815533,0.1399657953468234,0.46820293339169416,0.44125807976295367,0.4455812526021883,0.4900446003447244,0.31562475763614867,0.24264331063710656,0.04501135287564388,0.31977909315671155,0.32811102919105123,0.3095134671021057,0.5053954059793834,0.3720171447706539,0.2282645442944169,0.35337364546730077,0.3730713242987043,0.4092255369131283,0.18965883790843177,0.2537373851564992,0.5130781498948185,0.1469305618086997,0.26931027217140496,0.230395463476657,0.22735615055179353,0.33078409473119685,0.3839638903991494,0.3092622645448302,0.41322794921386874,0.26080272052913456,0.43957963794266935,0.3623337988992461,0.32747385085136776,0.10007896733654252,0.3510467891474535,0.169045582966689,0.28756073642368113,0.18134377739040367,0.29573895863035254,0.29775998409812754,0.3309187429727148,0.35753257688244583,0.5746730485091216,0.3169036124242623,0.2566914913473318,0.048625178090354465,0.7379266408747059,0.0,0.18522416470609276,0.0254607578549985,0.35579244913269137,0.2904139216175177,0.16650031503348428,0.21621342719058223,0.48866200087324807,0.277319644051772,0.7713788460311616,0.3013481917737724,0.19656880504309188,0.5442427706824711,0.28133971184390383,0.29001096057846987,0.3749658381316345,0.30097320374278635,0.6782105024944389,0.285044869343574,0.2943038557463383,0.5281035626084732,0.34177750439876764,0.4060115995331663,0.30171070304572295,0.3014746154871957,0.48625055515720306,0.28777100587629617,0.1835092869471876,0.40484582960516896,0.23174949508100845,0.3597317107189848,0.4660033368025908,0.1604064877979933,0.28873030115926296,0.832554611157621,0.6756500369641527,0.028409393448418894,0.5566441217913365,0.40484582960516896,0.156308240161321,0.5349776281243065,0.3797227074966406,0.19765605390492347,0.30537680293962194,0.7618046976632737,0.2761078743587729,0.24780907073408978,0.7747041472631565,0.33762025431005593,0.40946922667557534,0.762536653780274,0.5884794400631752,0.35866149306156997,0.21242025367172268,0.17990495987769486,0.3690593168998766,0.583912968687678,0.31747426078169677,0.4934954047481748,0.3292225864031608,0.5217444458037238,0.420661629764637,0.3668881595773962,0.6532454641703602,0.23894522811423902,0.5186149636715203,0.49798106755460764,0.31870813367742157,0.30952793454138533,0.2120829779715701,0.44450042276604496,0.7462771639010575,0.38192330679593967,0.5026967959188153,0.19817570129215,0.32552128458268037,0.2865200676284594,0.5527263764929068,0.6276897920301885,0.5570373615818633,0.24775923576653988,0.3009710595469953,0.3871596119547773,0.21165237259474934,0.2703764648024049,0.41375796240452284,0.31668887344751034,0.2921076889723383,0.2967538938922369,0.46478048579523207,0.39710394580039404,0.5086466901351127,0.7658678858988708,0.5968933358635596,0.7595790861057252,0.35042149675397,0.7703215258680043
MAR,0.10788841956410831,0.298672058206642,0.26247275736841164,0.43415645450249635,0.28643120656237,0.28032881399313325,0.40037078933408654,0.41536370321431826,0.33071227608481657,0.38051681068551124,0.3714915203757907,0.28003753756308547,0.3362943215540225,0.447548819823312,0.4748254689678757,0.3771081353343671,0.3429608037468623,0.24114962106142568,0.12520650878163672,0.24930880293022042,0.5024289226959903,0.26251973749686447,0.3876248337134516,0.31970350092925426,0.5277401911849948,0.5293498587099853,0.5246467485458063,0.4020131556649738,0.2999174280834559,0.31245494073210167,0.29633659478050234,0.41080218992040074,0.21379762540493408,0.27534052357766375,0.46027029545370246,0.3205044339362585,0.40036162672127484,0.3101498589508966,0.28962338422504363,0.36708520946250517,0.3199014106638264,0.5966850219937084,0.23593724157021484,0.26933904069942444,0.20100577295604347,0.3992861125408851,0.8082302283739181,0.643876287563406,0.25442107438069583,0.3615966868036434,0.5734861129749812,0.4364087269920962,0.5405756160364937,0.2657379904537523,0.39410083110453825,0.18216863620033974,0.2990536351013725,0.34080505994508636,0.26927671304746614,0.4964637467224918,0.33795936468897503,0.37538830359090525,0.26346729646454425,0.38152065244811256,0.4590873027971637,0.20141333565697903,0.39101308056821804,0.48759342084834406,0.3020747079078894,0.254784586410541,0.3555784347343374,0.3751370860926152,0.3928430763914546,0.4045290690297824,0.3721068749568143,0.5159768619607654,0.39259656333781373,0.4718812528720781,0.28059318416923207,0.47335641575259424,0.25938012495839685,0.2765760508054988,0.17287141055528088,0.25605317994200305,0.2666915815383776,0.273130745962056,0.16674573004990673,0.41608681046557555,0.24097893032678283,0.5349358411939339,0.38229061316403207,0.23026906753373955,0.21330077771508416,0.7593734739944646,0.18522416470609276,0.0,0.1750546764042135,0.321906844946368,0.2680538126698525,0.1948094052822879,0.33311335126912756,0.5141839654278632,0.276733193907517,0.7344852529845244,0.18840010033575108,0.262351031335925,0.5271804816986998,0.17870939996216856,0.2754565263136131,0.3103094645060099,0.26769331368975235,0.6575975577283517,0.18890768688200324,0.2691393293354401,0.5270665486106751,0.46939084059873437,0.5461161331510271,0.1838653864580837,0.3644359595357236,0.4803896924538679,0.22375076831092394,0.2491262460736373,0.4981820387700527,0.3648704683483351,0.29484506598713295,0.4707813643930525,0.2708362382549618,0.30335931986337245,0.832554611157631,0.7004573303620181,0.20668316209368376,0.5706883278668048,0.4981820387700527,0.24857746903422293,0.558869309809379,0.40737833796860645,0.2908177773527111,0.19430408281936432,0.7531930570169955,0.2334014308601994,0.33226325329805595,0.7763755957115174,0.47251906057114684,0.5238544127644049,0.7648366204192559,0.5478195923646447,0.2867523495332858,0.2500163799619427,0.33651433943954495,0.33048787452092987,0.4908771119967718,0.287941029386392,0.5167569593458012,0.3174232944804581,0.4784356580589962,0.3058098237109568,0.33910016188731545,0.6165445513209157,0.2797726981071016,0.4623593636202739,0.48482748353365346,0.3203864839959133,0.4047138585564783,0.26548763463418246,0.5772759424107603,0.748363403000732,0.3247372458710395,0.6268387977017197,0.1366491613055184,0.26710774061399617,0.36290512551008425,0.6363416708988764,0.6835416980355191,0.49049756766048586,0.4088078654580367,0.28548927538027336,0.49376401317902285,0.2467893564074599,0.32913957788919507,0.4020955431829228,0.24979367869445893,0.3957439956003037,0.40688447437063824,0.5499311537780889,0.5087236912129397,0.41475093390834494,0.7645901406096249,0.7126395026288657,0.7468158242927233,0.3263171864899958,0.7691694066738521
MDA,0.1864797034345062,0.3753567185936382,0.22093248959958595,0.5108770919478672,0.15085458604348193,0.2894003325650669,0.25779563653815407,0.28853003643729025,0.19737745230713333,0.41759518372328447,0.2452042877430773,0.31347914872901533,0.29048217112106905,0.3758756866176531,0.34663390442917413,0.3839845663569403,0.22261829678010422,0.1087950820635386,0.1576969119649174,0.09458302578517806,0.462332185507245,0.294238979608845,0.39154318887788475,0.3232027905889086,0.39770875162277575,0.5249228728157056,0.5712302311113823,0.30454803714476364,0.31467988946348324,0.40269475661827175,0.28659663951281417,0.4518182445332622,0.07622446985012533,0.30160113453961723,0.4805423371766127,0.3023357512698108,0.27746799488669033,0.3296780707141802,0.1505623621261667,0.2129515622879955,0.4164364702123123,0.4977303798374999,0.09541037181775473,0.321085299317185,0.2826244990492588,0.3369398690701969,0.7988968771622208,0.6461688659082041,0.14431606156632173,0.46024109433642363,0.44851709476639107,0.4431685098496155,0.4923818938759663,0.30851631211467884,0.24965357703142257,0.03470915656078045,0.3167569439881457,0.32573590717547196,0.30300733354405696,0.5034675005787134,0.36751100316567026,0.23543346464650997,0.3469879753350619,0.37105002420629407,0.4109561859382284,0.18575731437590395,0.2586898043946063,0.5104056191247387,0.15315019175532163,0.2632884381853729,0.2357005383141204,0.2339380375555024,0.33257708555878684,0.3804327892337778,0.31186331572090825,0.4197795423725764,0.2672058506561409,0.4401545979187665,0.3549735603517163,0.3356191338567916,0.11194205004588025,0.3430029775096754,0.1655229684519592,0.28384586802495376,0.18020690166581585,0.2901363173443308,0.2875710807464625,0.33118994209372987,0.3503374936314473,0.5700301663169017,0.3188080329840006,0.25307247650495934,0.06044717379042703,0.7391360484411169,0.0254607578549985,0.1750546764042135,0.0,0.3506172107966241,0.2846672258578393,0.15866817450087523,0.21960962044996676,0.4889886036212348,0.27288509636944935,0.7693528045586486,0.29155222057865166,0.19933053153106725,0.5420412603170414,0.27379415945008806,0.2853314494467416,0.3700499074933288,0.2946213485148503,0.6764780527431424,0.2770679070709342,0.29094235106556476,0.5267813420911235,0.34835475325037346,0.41374894739770024,0.29397137572118864,0.30392634363192245,0.4843886930495441,0.279758307641682,0.1861768535224499,0.4070169225136149,0.2359834371956202,0.3521668075186522,0.4647792529125026,0.16601026463460244,0.28660086875860336,0.8325546111576198,0.6767916301575905,0.046271994930477844,0.5564004952632667,0.4070169225136149,0.16145193409780798,0.5354285642046359,0.37955757905955795,0.2029068904096993,0.2980999797909465,0.7610176159247086,0.27172349994901673,0.2524014796673304,0.7745435976380279,0.3441711023196326,0.41742924291987243,0.762368228975341,0.5853932169717491,0.3514896619238091,0.20871478676021626,0.19156934136645457,0.365277397354428,0.5768365405877087,0.3118833728731848,0.49368282775186445,0.32507754223310587,0.5165740713396384,0.4138410257912579,0.36359226791256455,0.6490884341802832,0.23699303372298094,0.5126195087260766,0.4957469341166482,0.31697015182167476,0.3105418691146935,0.21037618601542846,0.4518938880861217,0.7460261955735678,0.37571510740268316,0.5101447657817639,0.18734881457573624,0.31813924301500557,0.2899806803734245,0.5582767272981176,0.63112923669333,0.5529930556524045,0.25629958347654536,0.29600590959514284,0.39413243370724993,0.21167754188535184,0.27085838536656864,0.41144664021439525,0.3111039158147186,0.2937704050640203,0.30282734432351327,0.47017747713764796,0.40305917953546533,0.5020697108839717,0.7654810920032984,0.603966988864855,0.7586192968759073,0.3457993066852792,0.7699625950724048
MDG,0.3166947484632424,0.273585664630316,0.4134461649839486,0.5106136645668301,0.41770087968853953,0.3976793581968352,0.4397415763612958,0.4616817831744763,0.4183941931551163,0.32347080155128316,0.4120896686785716,0.1295872924653376,0.3430890833455717,0.36253697435878635,0.5635497676394479,0.44331076544175013,0.43267832968382286,0.35428506678677185,0.26328895398767876,0.37285667482118723,0.4160509128720329,0.32706778313141294,0.11075532836198335,0.16597012237253345,0.5721283292251812,0.3153366906976399,0.5882194927219162,0.4320797805048988,0.1472093953564381,0.3282382131460859,0.37864666732856,0.4002288398601201,0.34846535447717486,0.09526293043525504,0.32377536327238104,0.2657007583245883,0.4959596360173731,0.09436990212909774,0.4344397964475654,0.43693580298748724,0.3633186648532099,0.6922792890846883,0.35647182018748247,0.23231946666312364,0.20900440741956483,0.48497662869978764,0.827347380716501,0.5453810736755925,0.41373076927668484,0.4677265947527907,0.646541841727136,0.19255538048157542,0.5054285271237043,0.2282721045168989,0.4602793975554213,0.362531948280128,0.28010887539236146,0.2377449291048378,0.18217590170768486,0.31539952617119,0.14202867762608382,0.4153915482021033,0.3445134741771335,0.18992468058587744,0.35007706946396916,0.27206009924818353,0.4748780684567649,0.43747773569022697,0.40600739925753326,0.3243398327316719,0.3913552729553188,0.4753518536893842,0.41248355903086753,0.48159369998657664,0.3597425396924205,0.5889665376227934,0.4071283647857876,0.29146116038702125,0.2309373526913707,0.5289324788476837,0.3668952605669371,0.22396762851019342,0.3575409802936016,0.28334923261625444,0.34563879623219523,0.22079423083541397,0.27422829874001564,0.5026253886682791,0.35907803493724605,0.5605292442287094,0.41436608067289926,0.29958029153325005,0.38073329682946777,0.7707473918687321,0.35579244913269137,0.321906844946368,0.3506172107966241,0.0,0.25586729088802174,0.3279808681148506,0.4208561063009223,0.3275107870990979,0.2857959890079423,0.791639531130817,0.24125622701502336,0.365647425476215,0.43256236320826386,0.2869753825304267,0.1403175122544422,0.34018802290906536,0.27465427930797465,0.6722722523904539,0.259242550930882,0.2894467865833367,0.38620217584462724,0.4567770333295614,0.5833096429946676,0.3061265003251006,0.3360106339743205,0.26702430923765746,0.17775286579600924,0.3672919036115126,0.5727699643094081,0.4522856528842985,0.38673212874898905,0.23002528018898324,0.3371598969730168,0.1860465109295164,0.832554611157646,0.6245989900752942,0.36243089761758235,0.3923335610945879,0.5727699643094081,0.36679100416341726,0.36509752933924466,0.23512236742761022,0.3638659264411081,0.33568024838645444,0.7553299336356261,0.285794598316711,0.38372814437100455,0.7273510723508402,0.561497984675073,0.6177455635283692,0.705282021531098,0.5892922059502432,0.16956376130667097,0.32179767710007967,0.4100891350330712,0.25791326361572864,0.60463624795874,0.13826562392983327,0.31682185018346365,0.14701292740559832,0.5182934732733384,0.4480325023647955,0.3111701127608904,0.6311866258673181,0.3387917414954202,0.5100112893849723,0.31625289618899316,0.29087097723943345,0.5009427510371653,0.30756526637298515,0.6535318021665107,0.6801495300538868,0.16189318141450504,0.7035772901637435,0.3107764375207575,0.17337235175937685,0.3363495635004654,0.6946699799729207,0.7383646104540169,0.5903015021138458,0.4784889332951007,0.20387207005229313,0.5825358711563324,0.3205875113592176,0.3830327342414754,0.2965438822597485,0.30072302298924347,0.49730643537143565,0.3785948715042484,0.6209494346439364,0.4934058025881801,0.5369157105194257,0.7278097737777014,0.8153916794567221,0.764898113034006,0.054032504423592795,0.7345764165366733
MDV,0.26890112402443933,0.23852353201100027,0.2823278063496251,0.4153077032674585,0.34613415602246694,0.23411545145902796,0.40025039417089375,0.4180067111391344,0.3181338956617315,0.43525127637180216,0.32750207104541,0.14855001513129915,0.3122627809208646,0.37510952377143014,0.4659671812784657,0.2621980365693531,0.2988370202448074,0.31096730052577615,0.24319385937288007,0.31839727526852657,0.3780245361945736,0.15045263861421493,0.3120459637632358,0.17615522162907735,0.5220580159217579,0.4835000199925937,0.6159628078811435,0.333037542627979,0.15508857546147517,0.36927745000393336,0.1917854955904061,0.2802522694171324,0.29306068225815646,0.21402805971955624,0.47054937362399535,0.14143700417018015,0.3709277862583254,0.1985593896244217,0.35224678995053166,0.39120241229343916,0.36879306513490384,0.6137426646211649,0.3031092900377967,0.11659495180348485,0.2669618720566678,0.3394304582653141,0.7930496992698232,0.6348108116966705,0.3156006513356306,0.46931204841780083,0.5770110253250637,0.3965030417228961,0.4231486857475024,0.08447954077564183,0.3837866684831291,0.28695326326254306,0.314805212564519,0.18256251083419978,0.0967229902635147,0.47860006832712887,0.332218346370068,0.37801527074675,0.3948449098612053,0.2637023506937878,0.3834330042086894,0.2792109377973618,0.37494663014217583,0.5263025996286297,0.3514094989446286,0.1325383858361829,0.30664887464447255,0.416426020385683,0.27597269241465366,0.3321783170896481,0.3369514797450649,0.47995631559455715,0.3528018991131648,0.37075404553598046,0.33940540077873566,0.4486997657680437,0.32136102371982306,0.18009876172820655,0.2683467809973475,0.2853735565348338,0.1995683671695543,0.05285666294967533,0.267494889501828,0.37010010379635816,0.39343800587643857,0.4434897404842474,0.27268374335458756,0.26693966412635783,0.30532540626284743,0.7117271040062391,0.2904139216175177,0.2680538126698525,0.2846672258578393,0.25586729088802174,0.0,0.2010006632771135,0.28056507028079,0.4103621745027328,0.05969758336356293,0.7784975758008876,0.23134104380137877,0.31053274630133837,0.5447545203593387,0.2718485138680901,0.16811106376669946,0.4045682451519758,0.04993857563243786,0.6996784095424937,0.3036227267459569,0.3034285836533196,0.5057467370994709,0.4221213255715266,0.5279468459968358,0.3147704266173203,0.33929467249096873,0.44864213688274307,0.1293312817721838,0.3082344767921396,0.4780230590456408,0.33517205433564234,0.23762198626127765,0.4157356750597158,0.31302618820765166,0.24583209310693194,0.8325546111576286,0.6251092953090206,0.3009559035217619,0.5103622084678615,0.4780230590456408,0.3177768619238912,0.4645153294933571,0.31375767718107367,0.32871512546505605,0.34932429323203273,0.7707039062046684,0.27693683246326106,0.3413680910580487,0.7646484196659755,0.46315635831483026,0.5245722035189304,0.7499460802667557,0.6242212864180644,0.3051219672072631,0.14562361166818902,0.36680941677571083,0.3683546296124171,0.5527661194899463,0.14570301556100754,0.4178094549699792,0.1818911203151457,0.38689447261544946,0.47021533284071965,0.3795497686291838,0.5318885506249585,0.1548000630864463,0.3926877436597297,0.4756001417939556,0.30537324867472926,0.39394551908596986,0.15932155146646,0.5817889675462238,0.7325415395124696,0.3258265090930107,0.6056560889177363,0.20567648772502856,0.13896567358848855,0.3416257236048447,0.5867202019588241,0.6189055282594931,0.6079004072783512,0.4295539707105855,0.09283673924714377,0.4784300944708484,0.29746240463268997,0.21699082605005277,0.4005684571120352,0.3550958209086833,0.40114258234555844,0.3676388690659476,0.5099178127291591,0.4428830975676093,0.5424641517050497,0.7613560607151083,0.7384634505281661,0.7736375385209937,0.23813975859369638,0.7660186259134085
MEX,0.23230931850562936,0.27871617307164465,0.16206787668921066,0.40717229155481965,0.20847674888535528,0.18655716369027683,0.32622611357896975,0.3578415183530279,0.19817860434536683,0.4453659906874985,0.28467749992908015,0.25967395190320064,0.3385078049137242,0.407779444290068,0.3554019766195047,0.2785552619373757,0.19480606368903947,0.22212046669471638,0.191049834232528,0.20484144044789213,0.47551321689631415,0.16977393835367238,0.3901324572310283,0.29722448303360177,0.4432762286701536,0.533067452308331,0.5894434154981459,0.3352865569493745,0.27703248118461715,0.35785921288953143,0.16659048677398053,0.3457109449415178,0.17397795043242706,0.28857951795570813,0.4900126506899427,0.2741704639635206,0.2640618945268807,0.2996797406694798,0.21983360241947225,0.302603377441523,0.35454002912952526,0.5367259506417638,0.18693690364148605,0.22428853674214902,0.2754694210510162,0.2559633710410057,0.8020166310078719,0.6509851630093428,0.1715794259634987,0.4331125845736245,0.488038464475903,0.4493385466955698,0.5083722392585912,0.2158330154169651,0.2910703407598512,0.1484012627016659,0.35585091345053094,0.3087700461308775,0.23246360434133498,0.5126072411843595,0.3728689437017706,0.3037464707287716,0.37703729268876657,0.3679138525703041,0.43493865716266145,0.24738048114938868,0.2626931676138162,0.5283238062260428,0.2371599014287436,0.14110533460122768,0.2719350958345684,0.30191682559948335,0.33436889002605585,0.27143753042931,0.3567331359601322,0.4547089436893455,0.3177289181446484,0.456041990561535,0.3443457993063775,0.3832806300271718,0.22779198262586964,0.24988674577651385,0.20850078111919385,0.3262005013380967,0.12102136294081764,0.22211562579335148,0.2508387054200816,0.27287662514433025,0.37759877673340114,0.46971376162398887,0.3173564423660561,0.29993669099125886,0.1703767059636133,0.7451657205768104,0.16650031503348428,0.1948094052822879,0.15866817450087523,0.3279808681148506,0.2010006632771135,0.0,0.19316166890949188,0.4991941195980082,0.19935633086288096,0.7660121319490322,0.23594068468558052,0.2721225081184698,0.5556558065829676,0.2943079333423926,0.2670129523512475,0.40393111641782004,0.19426123651540253,0.6872907991311364,0.2936107050873264,0.3345709316874151,0.5374908889868744,0.3990604022583651,0.46193479921266795,0.31904570919703934,0.349267199910316,0.49298955966740254,0.20996491207092913,0.26145871820342104,0.37802765823947476,0.22281521419071673,0.24625780235204264,0.4762192467037851,0.2546592022131631,0.3064251702020247,0.8299329046436156,0.6828963254338863,0.1827971477240726,0.5637787739080263,0.37802765823947476,0.2506826340063354,0.5443644824537438,0.3979212663522711,0.28090739566538275,0.3321932747196801,0.7656700324843314,0.3138262336036167,0.31599106187968584,0.7754522111316761,0.3525644989622815,0.45209732841202094,0.7634391231376035,0.6024692801975489,0.32802176816858547,0.11775934587111236,0.285658891527076,0.3973074406002151,0.5197250104831107,0.26524940706015804,0.5035229080516921,0.29823202236952945,0.40854597465761433,0.4374447853147233,0.39632956749034404,0.5534277375121736,0.17420243321472326,0.40389990579503077,0.5051124288992928,0.3562683819687165,0.2705283056365385,0.17272877779599627,0.491524779221778,0.7473943943730421,0.3550694962002509,0.5491352876560043,0.09421154537275368,0.24005333886859226,0.33956551561287657,0.5869356682145908,0.648765714921562,0.5769213238472759,0.33907919348151727,0.2440555217613253,0.4233534456372052,0.2779402214013918,0.24107199986907538,0.43629203587340476,0.34668662495480856,0.2731493215248816,0.35530285225178426,0.4983465164327968,0.4401373959607606,0.5027442886842243,0.7670352117306457,0.6492816009716765,0.7652132039201134,0.3247244718676134,0.7714001294819341
MKD,0.33823045858395157,0.421560015073232,0.1898064078413859,0.5233427134622239,0.2014891968253229,0.2543023419781877,0.24306307597157584,0.2566968500816963,0.12511929081961556,0.5399096130503741,0.16193631760210825,0.36022951853270657,0.33623444031808514,0.36134500352926513,0.2424037111583138,0.31246951568307196,0.046564017686559774,0.22953195875360594,0.3143659039038939,0.2081430457786917,0.4343268247468467,0.28516318730280954,0.44644590579063315,0.3535637801148891,0.34131979299995463,0.5690412174504467,0.6761552014629001,0.21639494041669816,0.3512668584205126,0.5060594475991345,0.22533499486407743,0.42755833103094953,0.21266404228315647,0.3837919667468788,0.5675525890144011,0.29181790404805047,0.1261496219592896,0.3805250816018648,0.1944314265044234,0.23121706593348954,0.5064276467460377,0.3995948567730696,0.2083750680637929,0.3474251688763167,0.4165783504026786,0.25559180001614695,0.7837536252469559,0.6861681009928714,0.18455143399055132,0.5733736426428312,0.3771469251535292,0.5091748843137103,0.441581458281983,0.3294931003025416,0.17913293732898072,0.20940333405734718,0.4304493680670418,0.33196209495060713,0.3344464468490445,0.5701703289771936,0.46823348468447823,0.233627294794012,0.5037835754549036,0.39906506767205263,0.4135405947698602,0.33028895934925945,0.16335125767560188,0.6048966571927934,0.20867450417406452,0.23718056669234827,0.16243949067172184,0.2454748910217213,0.2550908510640754,0.31184238425218985,0.3308213983907385,0.3022948583692883,0.21519452749013304,0.4518617131419719,0.48020993324909,0.23663904450601672,0.22100529759920465,0.38680838732916917,0.25409669454174305,0.4043510183699826,0.09840447027551252,0.30128030444578324,0.4156654945995355,0.24370159363545468,0.5075863122234093,0.5281965543604564,0.23064640594318447,0.37064209485331856,0.1989617224796845,0.7086914861690246,0.21621342719058223,0.33311335126912756,0.21960962044996676,0.4208561063009223,0.28056507028079,0.19316166890949188,0.0,0.49236594242236364,0.2457700758550014,0.7941765000992017,0.39918452562149603,0.2635481122248915,0.6228244948995904,0.4112485425099836,0.3426073675502074,0.5131160963861111,0.28839626258316325,0.7367469662599218,0.4310260232819177,0.4129233178591267,0.5838506410531635,0.29130258705809386,0.340264874335266,0.4459433730712311,0.3358867131575636,0.5467016359275811,0.3433737506299569,0.2556748421769283,0.33625278970158584,0.10704485286661389,0.36354689505428384,0.5169320870771932,0.25762964154947054,0.3545068762118584,0.8311658187528653,0.6493721231039228,0.2127406032895985,0.5798515954810004,0.33625278970158584,0.24107353070973336,0.5364233671243331,0.4103166023723534,0.2584196479016648,0.4608960947030193,0.7886705322775989,0.3980476419788336,0.2737638109038895,0.7823744551924285,0.2386702714023673,0.29850949774463637,0.7709831429531901,0.6819570753251764,0.4590694217745318,0.15705324445470065,0.22632255844525148,0.48848498769252124,0.6256650777222528,0.3529532018319717,0.5013226334050114,0.3612600776168739,0.4778425704377152,0.5647383705532465,0.48301068261847907,0.6028365088807076,0.15972573437124898,0.49149110166121296,0.5691000013497127,0.40849389012532245,0.24768553348520264,0.16673390267349483,0.3771651972289954,0.7579994224479989,0.47236278995543485,0.40560612636407223,0.27524760968355066,0.3624684967288072,0.3183401766420259,0.4578388881437043,0.5560922925140123,0.668203703221959,0.2532912062278826,0.31254119944629877,0.26580387018336593,0.3126059620089128,0.16785041498024247,0.5048150683122093,0.46297206877478186,0.246732495052676,0.29294777160155555,0.3626406671872795,0.3229675224549263,0.6239829251957998,0.7808422373162771,0.5371547982543126,0.7909815285673512,0.4052098921989218,0.7842274516157085
MLI,0.48949936790128723,0.5225355420847221,0.5447320905569311,0.6908146969779575,0.5159636520191029,0.5465259530831242,0.45587886755304774,0.4689527251552156,0.49806505525518774,0.5035277350930069,0.4101252571441968,0.3503428577268496,0.4097628473773301,0.3083529950273177,0.6047429459153109,0.5769065359957563,0.506929346513868,0.46110417720676317,0.46394531649092646,0.4775575958373042,0.24211311015497014,0.5091842514936885,0.2395059421769917,0.2773447433727445,0.543013468291927,0.3859614273990217,0.7422241733225191,0.3938072340931161,0.3068485589171228,0.6037498272049249,0.5246067740635632,0.5524105519273133,0.4733050289958165,0.34666463545954257,0.5235074891716396,0.32710850062740315,0.5597577271670338,0.2958806073582631,0.5309543617917365,0.4794181752965656,0.6276858002716738,0.6757817661339153,0.47049980708203826,0.4451735025264593,0.47823003669577985,0.6002980115117575,0.821736313529176,0.6398857572181827,0.5325179230588656,0.6992779548825924,0.6209518630646764,0.3494120640529468,0.3586887458973784,0.42747691439694085,0.48449029945787775,0.4997937091981107,0.42181359298530685,0.2769372660927286,0.379216023009915,0.46732467908995884,0.40432312221426076,0.44440844579643735,0.561324121860345,0.18968902419754288,0.33408123957661556,0.4418367940579379,0.5307970096569039,0.5962177043425342,0.48718144269737407,0.4891938061369789,0.3974701859007497,0.5317133959171966,0.40329974339636154,0.6123050511080452,0.40016489609317224,0.5379433461669105,0.3849653356825223,0.1854186715610032,0.5170924454242513,0.48790708118174825,0.46428056421117647,0.46837328978584336,0.487968007536324,0.424935799122077,0.4551216856811554,0.3763451608584997,0.5322015123037447,0.6021736910375075,0.557595441782404,0.6927293334001,0.41901435022717165,0.43611270932684837,0.5031843376939711,0.6861715535050916,0.48866200087324807,0.5141839654278632,0.4889886036212348,0.3275107870990979,0.4103621745027328,0.4991941195980082,0.49236594242236364,0.0,0.4102373579299534,0.8252130841846533,0.5092678511593177,0.45572719686158963,0.5857462333161084,0.46301635730144497,0.3197996906697698,0.5299338735552993,0.44326106072721716,0.7679054744146254,0.5028790140452885,0.44045615492860624,0.5014988657811298,0.39226199349730284,0.5273875769413316,0.4977135236935199,0.3894148443624199,0.4042718787047069,0.423692154422198,0.46217712641070147,0.6380071021617156,0.5192303532279604,0.5606221391536418,0.31370527363759787,0.43459241797528847,0.31458764995207894,0.8325546111576488,0.40912079053832634,0.48491281216166177,0.41675962123818516,0.6380071021617156,0.46238894429755867,0.10890163914382955,0.2186443844737304,0.44226395009087865,0.5383033579433958,0.801212707646327,0.4337299174220855,0.43823022830958314,0.7460938562153971,0.6032518249142934,0.6101907198992562,0.7244273642483976,0.7373562368747162,0.4736683018476512,0.45354958088648184,0.4652202947967588,0.41946834085826673,0.7501500981038715,0.32945748639565736,0.04450140892923686,0.27850691510555536,0.6628925289803642,0.6395275960291739,0.48506070359322423,0.7479334118812407,0.439651041910729,0.6709961899944488,0.48591596351654115,0.40290037111971083,0.5926011404303382,0.4049152076434687,0.6285758766869163,0.708442376288789,0.45954397654550805,0.61999605102244,0.5146135952416617,0.4094422065560153,0.3817970507290755,0.5684836931411787,0.6197685335215989,0.7317924680622199,0.5053695740751056,0.3442307452840477,0.5731426887531974,0.43996914186841674,0.4403176701728412,0.4366523615868272,0.5121354367846525,0.5841982671021461,0.3707986985903596,0.5756954015003137,0.37185343111543606,0.7331701268305927,0.7660363284078741,0.803498097713434,0.8094110153107745,0.28931963735130134,0.7701640721143379
MLT,0.268930079623214,0.2854362787456378,0.27032339645983405,0.4449639993868853,0.32839782683022956,0.2279240523676321,0.37326621371725277,0.38903028262982775,0.29333368753969863,0.4555534957457887,0.2875461999550535,0.18928147216565092,0.28862408508336573,0.352760697320797,0.4419492856764955,0.26186678770691724,0.2683497983883329,0.29324083076149215,0.24997178183476382,0.3002345068123662,0.36092239204015436,0.1729387421585451,0.3301934563100597,0.19413564726088006,0.49538936861333654,0.4956124744555231,0.631061429190534,0.2861567475251922,0.18270139622693515,0.40405059233902535,0.19093059293752507,0.31304877010268306,0.27822524105008467,0.24038385856394529,0.48971511448181343,0.1250519321424334,0.34407145664599725,0.22731746710671075,0.3337048645950599,0.36632265364926325,0.40509176367212846,0.5822511020913764,0.28631147408044266,0.17131097407544346,0.2965385636883309,0.33633702984464137,0.7859232342670198,0.6442787710223131,0.300766047310958,0.4969189457166355,0.5492219187098687,0.41441360737010163,0.3954716498969892,0.14116291959203273,0.3530792527115092,0.2750748284661696,0.3256714628060728,0.1807209618041809,0.14573590708344725,0.49458474157340293,0.35738652009844,0.35182011809930525,0.4174731439757551,0.27258438446824695,0.36752026744019417,0.27951904109450293,0.34893075217033437,0.5424611453765382,0.3305855830225743,0.13962406883364278,0.2666695836503519,0.3950129425887302,0.22358057994672467,0.3382738890836331,0.3101711917243801,0.4327787807750483,0.3175147847386402,0.3674939974103331,0.3713157216488442,0.4110993469736468,0.3020770329458111,0.23111405647281438,0.2492253107174759,0.29403072094641164,0.17021182050927605,0.09266911409351052,0.3002380458853134,0.3615447721802227,0.4176828767259462,0.4647447986533371,0.21826555555089597,0.2665298609786046,0.29019733313031965,0.6998337442544141,0.277319644051772,0.276733193907517,0.27288509636944935,0.2857959890079423,0.05969758336356293,0.19935633086288096,0.2457700758550014,0.4102373579299534,0.0,0.7830751922265484,0.26907561765091886,0.2851910604344527,0.560326291042304,0.2920731808574754,0.1858490633322333,0.4256080417326762,0.0909341652961613,0.70860871287833,0.32773756411162647,0.31125260452617715,0.5181356968845686,0.3897917486392518,0.497833601995465,0.33788702818182237,0.31971385865600127,0.4645189843250999,0.17390214434881485,0.2835966592553902,0.46600899446043353,0.30755256848709045,0.25625059286419644,0.42903945464785126,0.2953234907645596,0.24686104574829482,0.8325546111576262,0.6174963822085294,0.2856538533464101,0.5171956595676984,0.46600899446043353,0.2963676741166959,0.4653735147807791,0.31194256973783785,0.30603360306555877,0.3689402687204232,0.7749788759486891,0.2860499161215683,0.31283779128301353,0.767348175702997,0.4390215870850987,0.48857866554171675,0.7530414987429292,0.6383947881648725,0.33943471132948805,0.1210438343318728,0.3423800496211463,0.38829985016371765,0.5732437366923174,0.18071099808251506,0.41952446663445764,0.20332412315540657,0.40812151958020293,0.49272521242292455,0.3947013438478315,0.5519865822282453,0.10953306688055209,0.4190881602191629,0.4926540897220952,0.30764622502756395,0.38159863425827445,0.11847299243961273,0.5534381779595413,0.7364738368964243,0.35746460341562647,0.5679005862145402,0.2192279599497559,0.1903466503211328,0.32213346256343306,0.5457440652279189,0.5828585653207821,0.6231670518951475,0.404272716273142,0.11848975563318703,0.43734008054437296,0.2829060250946337,0.1630015727204997,0.4157299551480355,0.3739902729584223,0.38681256505251127,0.3413715009219276,0.46261090143328554,0.4066442405149253,0.5639709947433855,0.7650588364665087,0.7102185055501193,0.7780096870437033,0.26513655233037764,0.7694720828519586
MMR,0.7459824472664952,0.7559154478904999,0.7654357880421576,0.7202993394420701,0.782211189990263,0.7614588440416425,0.8237115746093626,0.8278419153779071,0.7943949603863086,0.8296114123324249,0.8121942043444991,0.7819059387043008,0.8260421137878577,0.8314682873019513,0.8064831837097806,0.7730475812665606,0.7938194601776697,0.7966324684623775,0.7741827279314303,0.7903111102027649,0.8236610866368499,0.7644657415672527,0.8066748320322914,0.7946818574968294,0.8301019159436307,0.8264525352398459,0.8101075818468564,0.8156291168057849,0.7894297242929657,0.7582166221194919,0.7720968131785585,0.7664208410141351,0.7841885135396577,0.7918808088390387,0.8148485786972274,0.7957879291656974,0.7974656062370483,0.7909880876083807,0.7759167920569071,0.8164847441732502,0.747074664853351,0.8263838350410948,0.7894043953172265,0.7680924330973252,0.7737881311409319,0.7801563818895074,0.8325546111576851,0.8323783006507618,0.766467332989301,0.7441517645316925,0.8262844668291485,0.813805768467091,0.8268612509244687,0.7715408913293397,0.8099937583806088,0.7648555403922388,0.8183308356113239,0.7998312962607657,0.7781739995451774,0.8219133927654505,0.8012473308476591,0.8209081838935971,0.7818675815006408,0.8068314531805775,0.832435278849201,0.7969768959116014,0.8004764087317338,0.8324230887224662,0.7982080924955806,0.7704139078956134,0.8104792739607023,0.80134428980226,0.8081492047633803,0.7734689849743173,0.8300676435543034,0.8243172557620394,0.8197994680736124,0.8281531300141877,0.7778021535448865,0.8226303907472419,0.7987368681026019,0.7634463598422011,0.7551673173835227,0.7945673455248164,0.7865641919529412,0.7816581394618374,0.7482834862915343,0.7863149476252203,0.7243973497035419,0.7695617531545969,0.806161122679555,0.7824637848703377,0.7695010080047219,0.8325546111518289,0.7713788460311616,0.7344852529845244,0.7693528045586486,0.791639531130817,0.7784975758008876,0.7660121319490322,0.7941765000992017,0.8252130841846533,0.7830751922265484,0.0,0.7555715500998371,0.799494882352274,0.8325543427931242,0.727208719758433,0.7929236474523342,0.8106505140780966,0.7733375950249103,0.8322835352142035,0.7732891087183187,0.8104229721891731,0.8325410975478063,0.8314730191750738,0.8318772746930665,0.7194503795392002,0.8298222377069682,0.8202073166482639,0.771969752861489,0.7926981054060509,0.800231853845158,0.7965510976761806,0.7473053366113318,0.8243431897207734,0.8109078685411807,0.8076867629790742,0.8325546111576803,0.832551283987328,0.77774855328005,0.8325544067473416,0.800231853845158,0.7985600934441164,0.8290670008797317,0.821060451864458,0.8150827527181019,0.7516398082636125,0.8325546111576849,0.7788270705693656,0.8220703114017033,0.8325546111576848,0.8062318337007006,0.8198622308926451,0.8325546111576823,0.8192641838214928,0.7793155113380144,0.7809578687132508,0.8149688766636207,0.8209107929585138,0.6770795168117947,0.7854844984894428,0.8254884468707591,0.7938560880265118,0.7636456776184647,0.7228240657784454,0.8259421132606563,0.7741835222346214,0.7870245057076097,0.7518637982882952,0.8199202663258855,0.8243132384588944,0.7864247143419087,0.7906291289713698,0.8262481826442143,0.8325546111576795,0.7857771875571652,0.8325354859060414,0.7498201369025583,0.7724052098940717,0.8287830924070103,0.8325546098713701,0.8325546111576605,0.8233225280610225,0.8194960935062892,0.7862346832728542,0.8178032410748293,0.8081868239908715,0.7958420812903855,0.8319361249706761,0.7952516871928969,0.7868346791574802,0.8297569681474014,0.8253479526342662,0.831907633223417,0.7554812203691388,0.8325546111576843,0.8325546096066931,0.8325546111338192,0.7940908142370762,0.8325546111576849
MNE,0.22177244678265945,0.15987330702388863,0.32923246672955275,0.3646466198228556,0.38072376882629944,0.2944312520272459,0.4753780482855746,0.495004931482381,0.399739211918044,0.32621749779721276,0.4520936007303274,0.19973234477012536,0.375180084226419,0.48287636267927453,0.5404783717994899,0.35758144966987887,0.4070808964799567,0.33827960208437535,0.18608100904948577,0.34893381565406045,0.5259544917324914,0.22306746636784722,0.33961002960421055,0.28350738032897593,0.6014627600715448,0.48445664845148434,0.4947205834510203,0.4796666778287233,0.2485800294331738,0.18293569922787187,0.29585340974487184,0.3317509800620822,0.313577029088929,0.2121313099639542,0.3892342896346692,0.3205916390109656,0.46445641012835004,0.2473870897620891,0.3893456764570829,0.45067301625012873,0.19294650571793992,0.6842222173933935,0.33150109387018784,0.17053272685474197,0.10939979000578745,0.41195551023114163,0.8200030584843814,0.5984169719409926,0.3478709786258692,0.29424396367045597,0.652667774247693,0.3794395242524551,0.5801951265676802,0.18332384917370795,0.4746807025749201,0.297049965388692,0.291016136109157,0.33216596480673805,0.1950105463901333,0.43658294511888524,0.25973959941198205,0.450172423930095,0.2338968765326347,0.359030006856966,0.47029383454435264,0.24905653175911532,0.4593491650725314,0.4246845410825906,0.394182588929175,0.2419327809667082,0.433305477374089,0.46320523751859655,0.44461785508568,0.39440063649415524,0.4109955933552822,0.6056727815666832,0.4688477682109278,0.4681656311133558,0.16582778510472812,0.5610279656036353,0.35503692450388613,0.14565109717916522,0.29250499220767434,0.2735614396499473,0.31881395900365855,0.22966141433777892,0.05479511612998692,0.4421961718167177,0.24698275874999615,0.4718822454249464,0.43744770624981727,0.2743456232978571,0.32600077157408963,0.7830236847612643,0.3013481917737724,0.18840010033575108,0.29155222057865166,0.24125622701502336,0.23134104380137877,0.23594068468558052,0.39918452562149603,0.5092678511593177,0.26907561765091886,0.7555715500998371,0.0,0.3540112154304123,0.45972120783180903,0.2146999769688791,0.23914794407226184,0.27933827326895017,0.2198044242365371,0.6274279885436014,0.1464901559976254,0.27591009637865055,0.4689358054542956,0.5368816726230186,0.6234271552079446,0.21041965080629293,0.39857206894860503,0.42468760332355876,0.12481651231669541,0.3485161662727746,0.5345287796259526,0.43059010036206863,0.2559977610955607,0.4250655673495733,0.3468521838606118,0.2995493505577593,0.8325510107223661,0.7173396000471959,0.31900524601464353,0.535889703784124,0.5345287796259526,0.35240436493065297,0.5513584888703476,0.4022016165838623,0.37384923350034865,0.21414927226920835,0.7360830317320709,0.26119054433575223,0.4041883354632447,0.7631699227515609,0.5382470026887639,0.6129921396653187,0.7498886836055241,0.5111622257152101,0.16294921017595093,0.27995080614091933,0.42226052286756305,0.2936633100151469,0.4771039315257172,0.22322515655719027,0.5075688036894505,0.2743714996212326,0.4171900181359488,0.3131311812211955,0.2998923675458942,0.552410309108351,0.3164105148612815,0.394107206993857,0.4210960022655898,0.3208744831975423,0.4486398170585836,0.30897104982463963,0.6574937390504053,0.7290988920766156,0.21493252030783383,0.7172813329802762,0.16615654197926744,0.15963479883313744,0.40578261492511086,0.7203582437330762,0.74734281483572,0.48752635610200956,0.4914490045976567,0.24728406791518584,0.5820983252893563,0.31187355865223426,0.37925940866257807,0.35101402436223034,0.22542097315678333,0.45052514677316785,0.4605341654923058,0.6300986936716825,0.5802865109682789,0.386771772584109,0.7452879501862016,0.7913494539847238,0.7359449939147026,0.26056473649472756,0.7511397821259873
MNG,0.2061513064605185,0.43581634162604893,0.30923078907945384,0.5853059340175372,0.262586605470596,0.325845241098629,0.2636403895824552,0.2647986272898119,0.27886412823127255,0.3999937678243467,0.23313073238285406,0.340264550018717,0.19378214298441238,0.32332943773588046,0.41190311983606337,0.41436907635242154,0.2838596556143609,0.1576628060553918,0.2160084250743972,0.19105742708942516,0.41910858030936027,0.35424869164434897,0.383455372644207,0.3249972577151225,0.41542308112956206,0.504467408653567,0.579293041656941,0.2525857193278498,0.32675770421291334,0.4583926570341773,0.3452046673974616,0.500202864061852,0.1868638886338253,0.3114865400220179,0.4756064135976817,0.2918669493543004,0.3406871899132322,0.34197696077743456,0.27669464343019334,0.24328074301710215,0.48034904965303626,0.472781512968215,0.1883461015049841,0.36792460988353204,0.3210359320904627,0.4315052538065607,0.7905242485108053,0.6351703607815882,0.28239831780406177,0.5194230977016256,0.47515220416564696,0.4321713578754502,0.44312263809735314,0.3498201529990867,0.28894360757549914,0.21998071751234527,0.2783661875835022,0.31299604717152846,0.3342801855385027,0.48959531151989644,0.37039277152952715,0.239649276743181,0.3646660435274952,0.35515016223940193,0.3464737450716029,0.18950878057284895,0.32803553811301245,0.49595962225826196,0.22474982173920646,0.3183355845057368,0.22082147370921443,0.3030669763568381,0.2810084616257481,0.46355828021669204,0.20796105476474483,0.3544666875663047,0.2436276341173716,0.39534184889371793,0.3904757561109768,0.33256619445551966,0.16899278785190175,0.39643572257004495,0.1561436173688999,0.25592186849763915,0.23774178615236485,0.31212080123396896,0.35472823273623705,0.42792693435863505,0.38610056184558644,0.6183334485568442,0.26624270506584363,0.22399228062975057,0.22287968688108456,0.7207531379381802,0.19656880504309188,0.262351031335925,0.19933053153106725,0.365647425476215,0.31053274630133837,0.2721225081184698,0.2635481122248915,0.45572719686158963,0.2851910604344527,0.799494882352274,0.3540112154304123,0.0,0.5265260920686592,0.31266245012260385,0.28837494468681046,0.3639745161353951,0.3300840894012011,0.6730258512495763,0.31132244517571583,0.2533922427451828,0.5050652201614431,0.3208422842938511,0.42262047754429216,0.33373203841700705,0.21070994793437747,0.46931510560574025,0.3223313575585542,0.043927123767312816,0.48692891402943406,0.30589394356853933,0.4148372967443447,0.4394479144267336,0.15289004225387376,0.25908994200050384,0.8325546111576385,0.6532291264897736,0.18908821124541136,0.530552138872966,0.48692891402943406,0.12139553123718676,0.5040610236475209,0.33673963310422445,0.13082189971923844,0.32517816738029526,0.7589583627709553,0.2550146746099673,0.1042482108110137,0.7697314052681784,0.40943804461504957,0.3896514675779078,0.7565103297696903,0.5873754020264185,0.3861257961813013,0.2546408010388636,0.2052962510800661,0.3432983115860118,0.6560883578637388,0.3316620554615275,0.4617852058418862,0.32958175147041796,0.5679205567560192,0.4541346925959435,0.3343536206121118,0.6960457219547247,0.2430900124354104,0.574813191128297,0.4843900046680102,0.2629575838944896,0.4088114526899031,0.21870340998912643,0.4775329733531546,0.7392531366870908,0.4026987212892341,0.4992055287873606,0.29478834775587104,0.3599590007526004,0.22762486059488335,0.4997334844590868,0.5843155370640454,0.5631956548761353,0.29012786167946186,0.3100443466250245,0.3428494862557539,0.09832514883570619,0.23860188836020738,0.3789667003300884,0.3126208259421685,0.39262181074562996,0.2613725034980059,0.39453899991402047,0.3627432556410173,0.5481724491920891,0.76141745578691,0.6212999397806996,0.757326005958078,0.35506110415104847,0.7661506969740652
MOZ,0.5141756588406987,0.5122908261621123,0.6187732272195724,0.6758680770985376,0.588415708431256,0.6165189227174893,0.5570927311195906,0.564129834809249,0.6056753151329042,0.3532112079335742,0.6013959551300102,0.48475060132538256,0.4653343564842607,0.5165452773522733,0.6992090464349586,0.6450831994426409,0.6281598494336598,0.5151401189883789,0.4613578893808625,0.5405012396886912,0.6359567052415142,0.5704247555243925,0.45469263648855107,0.5057341618330324,0.6665112456008025,0.43355500904514266,0.4735093710178516,0.623902010765906,0.49709517425346733,0.4051119042062186,0.6053266351220891,0.6251178027404152,0.5286100757024624,0.42351226813953524,0.2748190307255811,0.5514488105571028,0.6651001058367904,0.47402895479044627,0.6087739879575236,0.5610713567588109,0.45829869616132385,0.7671294575055363,0.5303237198092553,0.523572485186296,0.39786699061403014,0.6647225597364345,0.8325546111576747,0.4701365247436641,0.6058101615939153,0.4967600762011562,0.7378286075186852,0.3966306965402116,0.685769241956845,0.5259401433616842,0.6210052520147156,0.5576137122590973,0.42475872933788733,0.5383641366770159,0.5078326293929608,0.33673830555389983,0.33826725207079383,0.5413716058899861,0.4189746292687698,0.5131919741807875,0.4672833702743349,0.4283303077394228,0.6430211518109813,0.19690507887375092,0.5600539313100377,0.5720283758068258,0.5896497556781446,0.6116612149540175,0.6229639924953854,0.6641457795780967,0.4567989765133454,0.7161549652507675,0.5796916389770369,0.5148325015029783,0.34863531810651577,0.6700682656121537,0.5241498178996488,0.5048459688315938,0.5610714133602012,0.46794693431048034,0.5773316984166349,0.5287539227208701,0.4669349476386885,0.6725930601534771,0.5027221955820613,0.7107992284707779,0.6235446697666446,0.4896604436759687,0.5683103409779525,0.8320954375137979,0.5442427706824711,0.5271804816986998,0.5420412603170414,0.43256236320826386,0.5447545203593387,0.5556558065829676,0.6228244948995904,0.5857462333161084,0.560326291042304,0.8325543427931242,0.45972120783180903,0.5265260920686592,0.0,0.513864463231167,0.4665873111530099,0.4201532322763533,0.5521535869154207,0.48200711053457834,0.4058199687780027,0.43643733440310084,0.2988919003082889,0.5941093792325218,0.6894743769622248,0.5042884989680968,0.4235436199140021,0.3776431923894931,0.47692638147748156,0.534207672089722,0.7064516154757575,0.635222071258034,0.6099852135619902,0.4074571792365594,0.47810598941737714,0.4320419623039799,0.8325546111576697,0.7951104477228156,0.5434956984214288,0.48466126754485184,0.7064516154757575,0.5247697739945452,0.6067562246362944,0.4762727990434738,0.4985496946188375,0.4800121339375531,0.6424823413664494,0.4809471874141994,0.5088997084305297,0.729630597958251,0.6981640867767311,0.7275539394219284,0.7112189174549581,0.43390367619872117,0.36725863967391004,0.5693252493180668,0.5397667677127616,0.40437195055990427,0.7381926721435198,0.49167560758397083,0.57607178504489,0.4972848079437854,0.6865979134499787,0.5440128892023476,0.33221888805820543,0.7557361656206825,0.5834960772062567,0.6766984150834989,0.3132196175494367,0.42648966243908004,0.6654774553517879,0.5597089541866535,0.7431039236191903,0.6805314024347205,0.36117318453174224,0.8031236362220278,0.5393096116986016,0.49457708718435195,0.436942416541013,0.819744097442915,0.8319391740650643,0.611045389388814,0.5916530014694784,0.522096717356922,0.7095008688281748,0.46778449700497793,0.607758017346568,0.2838421539011215,0.38694394921433906,0.658988775929299,0.5028303386649248,0.7339459049687599,0.6561801649389586,0.5388132154266938,0.6963594629305989,0.8323342663867088,0.6623136803167323,0.45549654457957284,0.7055659873755968
MRT,0.16960128044045938,0.30711769207605205,0.3738074515336129,0.47094744734369537,0.3696793753888049,0.3646824928889674,0.4486472985421911,0.46835144516526495,0.4080725433848493,0.35799250032975677,0.4179323083163239,0.2443863247979035,0.3419533892770345,0.4499404384972168,0.5521139555288518,0.434359554296924,0.42302764520410224,0.31075613107146793,0.19688670028089877,0.32552865917644586,0.4430238335361292,0.3205254858934988,0.34434459096414555,0.2695820125052752,0.5745637887452906,0.49938843250942705,0.5300704090200982,0.43236131305948133,0.25491960936542085,0.32823394106765963,0.3700994257534792,0.4133686543602853,0.29561628760844394,0.2440244656038796,0.44268570781397404,0.29317362825300247,0.48456366708862764,0.2651179037850452,0.381145914593692,0.42504537387221125,0.34296090755298553,0.6665506544657449,0.3124530115373249,0.2654531965108473,0.20431760935885737,0.4791885522180461,0.7970603135079626,0.6317194306248004,0.3580914503428614,0.3862580361744122,0.6282147555111061,0.404040207813554,0.4914685264355682,0.2600418927496001,0.45563253906879364,0.2860534573609431,0.23973305133981204,0.2935827002006863,0.24447951083346622,0.47259341993443843,0.3073528353264444,0.42369355542940484,0.2585666486851534,0.3250092163252159,0.44908463369962254,0.23978151195208094,0.4650603506547602,0.4768735536973684,0.37185449087050704,0.31906950269257783,0.4003175282955013,0.44287830045357857,0.40151027977870346,0.47665541238174164,0.3848039048443244,0.5593244971271025,0.4289181838790129,0.43090659269436815,0.27329050699807783,0.52150227411777,0.32804589205186896,0.2730452543645592,0.25486157859288044,0.18851164929783368,0.34187692378505175,0.25635746395383385,0.20301113281506641,0.496638300426645,0.2014555543244934,0.5649726082289926,0.4023735224001189,0.19444459911005535,0.3110664075562829,0.7340027541711386,0.28133971184390383,0.17870939996216856,0.27379415945008806,0.2869753825304267,0.2718485138680901,0.2943079333423926,0.4112485425099836,0.46301635730144497,0.2920731808574754,0.727208719758433,0.2146999769688791,0.31266245012260385,0.513864463231167,0.0,0.24783371914811275,0.28050966474420896,0.2836151679676156,0.6595619330578762,0.1985659698160879,0.23395743326241902,0.5031142636582555,0.4980620619779062,0.589377621082914,0.0791825992077107,0.38209169424068706,0.451813532353557,0.2258107164563028,0.30571210326827136,0.5680150821725606,0.4427704524408743,0.34297520364973644,0.43212453578126475,0.32333079199852405,0.28781791433451537,0.8325546111576513,0.6675778505450161,0.29549291190708055,0.5389615834074245,0.5680150821725606,0.3179171444869171,0.5142929978612965,0.36935748040666033,0.34583911373792575,0.18760820198069372,0.7536722905810078,0.16302513831977974,0.37358093358560646,0.7701507866669586,0.5500511879477578,0.5947173655704712,0.7571949204452624,0.5512526455209069,0.2743023484189116,0.3192986597615171,0.39566944898309914,0.2868576998787315,0.5218853638889539,0.24756193306652083,0.4678997997574943,0.2676067894808554,0.5165799178530494,0.2956130869472107,0.3205317815250964,0.6420553709683927,0.33516379003841146,0.5003549324416788,0.46279205095541043,0.27543281069111264,0.4856654259001619,0.3147996564094695,0.6334313328410379,0.7396836458571827,0.3104532873619911,0.6674876227764052,0.24486763890839314,0.24772422211139447,0.38805002748108763,0.6568930335134184,0.6788978928851823,0.49660831165817954,0.46666480230422763,0.2552658880388197,0.5588910362816703,0.282214758432778,0.373483064841113,0.3636817450824674,0.24741220462955835,0.4766069269899456,0.4323876607272571,0.5861286225257409,0.5275495051659621,0.4329616261361304,0.7601246839064711,0.7746732192905342,0.749257886839769,0.2839734001843366,0.7649645409865927
MUS,0.25862728896996184,0.29834931649592383,0.3551070148388928,0.5153713878324202,0.35647355976633155,0.3411295174416447,0.3734918848749442,0.3951965350609682,0.35012895882993267,0.35701566861629297,0.3242791524690873,0.10320849197295962,0.26249933181847446,0.2990365725716304,0.5091643327561534,0.3961736503727884,0.3597045216009063,0.2846436124281322,0.20748909291352605,0.30543813262935493,0.33897571041583907,0.27902916374685754,0.17660151326356913,0.08462634417355658,0.5164668503166687,0.37305628738581975,0.5994243556910834,0.3358580438146135,0.07658668684789388,0.36731521160625813,0.3213222430554804,0.3909494829005335,0.2806319607536464,0.07461947705645468,0.3754357011649541,0.14817501807807723,0.4329265511180088,0.08836937871809952,0.3736935465345203,0.371765982670406,0.39586797333325063,0.6371700447355254,0.2881664888063545,0.20175462951280249,0.2100420061520432,0.44265617645302685,0.8044495674282428,0.571680410535071,0.35366236396965395,0.4870963665909065,0.5909359083480306,0.27080668193397933,0.41710681706480773,0.17946514370817557,0.38975723013015756,0.29870417809231725,0.23729301608162814,0.13131851027021987,0.12491390364260029,0.3722834798677361,0.2095860011716884,0.3472252583900393,0.3509110969789356,0.15025123538511626,0.2970072488614276,0.21399138797818953,0.4107837021573549,0.4622188672133293,0.34079769715347297,0.26187178285233587,0.3007825016696971,0.41712442012033574,0.30685843797148715,0.4470302733693238,0.2825976475910754,0.5058219303801784,0.32545171693106284,0.2593777532938836,0.2791551090072903,0.45405514933927166,0.29767834909964,0.23301220628502578,0.2840041081350628,0.22545072759975984,0.26278320301673247,0.12840710767463928,0.27013723503079823,0.4577778771882954,0.3666294157705513,0.5539729514902069,0.31085371683180885,0.22722985870693374,0.316414735556766,0.724742240000193,0.29001096057846987,0.2754565263136131,0.2853314494467416,0.1403175122544422,0.16811106376669946,0.2670129523512475,0.3426073675502074,0.3197996906697698,0.1858490633322333,0.7929236474523342,0.23914794407226184,0.28837494468681046,0.4665873111530099,0.24783371914811275,0.0,0.3480854051328109,0.203544913650437,0.6801191803251909,0.2518583724773591,0.23856360073136634,0.41342358298605925,0.3875608015893197,0.5238226476203184,0.2875135707020584,0.26697940896569783,0.3325591154929278,0.14019277235231084,0.2908378391849206,0.5323581762210504,0.38413447055397254,0.3463012288210571,0.285867758295668,0.26619232315831415,0.10782114420960215,0.8325545814865871,0.6038955038581267,0.29565833154636045,0.41425612201650747,0.5323581762210504,0.2943881264980142,0.37739275709249215,0.1863387557855293,0.2908315534556982,0.32043401381966813,0.7594099792632397,0.2264607778667139,0.3072556446849472,0.7389021716347469,0.5068229093985844,0.5531154670618245,0.7192666787648827,0.6011931023110316,0.23654335110145966,0.23885315880028885,0.34208330422833905,0.2782969080974605,0.6121641390825714,0.08538965446551591,0.32174105456657803,0.08077410910024234,0.5051387639435339,0.4598361999765411,0.3011319746266891,0.6341429237045686,0.24468323921378443,0.5056481754603408,0.3719462558126601,0.22921699965166817,0.4535471618044783,0.2064906242525261,0.597533030343499,0.6962610902688698,0.24410896752854772,0.631106407972919,0.26252106032052147,0.16197430317203804,0.26815591464327204,0.6136176365225042,0.653461207587474,0.6001909530058888,0.4170411395763306,0.10279188986603503,0.5098544185011317,0.24903104783841248,0.28439010616470833,0.30343379356438266,0.29331409412679754,0.44793166426101827,0.3085832424925237,0.540752874748887,0.4197527299881393,0.5501448846961898,0.7371080544896932,0.7661835046224739,0.7678017411636072,0.11395287961771544,0.7432953052145952
MWI,0.28748502747477644,0.3753782820266059,0.486287682751858,0.5512754930427057,0.4536554506780207,0.48115698785579963,0.49526551667321905,0.5104697469981657,0.4969492070988146,0.16381288622615084,0.5116794416533069,0.35103098320419435,0.3561501378623645,0.5122753977657187,0.6193685877523608,0.5290205644364561,0.5202900701101816,0.3630734000344863,0.26393260390339374,0.39366922291140316,0.5509454862100238,0.42932109203291124,0.39274929913043877,0.38522366999463,0.6241246029470157,0.5006810417082308,0.39663109294300186,0.5347770732901106,0.3700275440285887,0.311613170457066,0.47684114988924076,0.5020325397822927,0.3716190073098217,0.31260220036992026,0.39351369184289997,0.42796061026755783,0.5688428530420859,0.3572838125956609,0.4764438052070687,0.4689319044625357,0.3452941378077154,0.7148748065778574,0.3828951714520283,0.37787973670464936,0.22109907403211196,0.560814210880045,0.8189593663332883,0.6049456504359734,0.467040682674126,0.34571842590556373,0.6811940906795001,0.4092265201474558,0.6022912666645086,0.38083833496863206,0.5334029483581237,0.3913339391406826,0.1893030785329148,0.4210413793301625,0.3666280081529086,0.44702209524286896,0.29704093102131945,0.47103351793003495,0.10885387769052662,0.4177849046848565,0.4970945197093795,0.25060790265182553,0.546811520081582,0.3463704360207896,0.4340315246723507,0.43378821274791235,0.4968304499936605,0.5029912150618243,0.5196135399039686,0.557623761845429,0.409308433023146,0.6427582043439062,0.5088128548454134,0.49344933580911976,0.23767209028079803,0.5988627747095323,0.38109249127850614,0.3618420618793784,0.38772416492749673,0.2181769628951972,0.4531723662171407,0.3897157056075822,0.2598077149207123,0.5744409527812391,0.20340098690442782,0.625130244293455,0.5188993673045381,0.25934819611200444,0.4111680116683694,0.7832380260623653,0.3749658381316345,0.3103094645060099,0.3700499074933288,0.34018802290906536,0.4045682451519758,0.40393111641782004,0.5131160963861111,0.5299338735552993,0.4256080417326762,0.8106505140780966,0.27933827326895017,0.3639745161353951,0.4201532322763533,0.28050966474420896,0.3480854051328109,0.0,0.4102543280306918,0.5739044599310841,0.17860803198869699,0.18858784885561594,0.468201295889079,0.5660243232608053,0.6486262752077768,0.24052332486812167,0.4002285886402337,0.4422432969747938,0.3285972692653848,0.36810694636501284,0.6280741577171742,0.5325879929701769,0.4647014901297501,0.44028126286168723,0.3516537157258815,0.3507253089837458,0.8325546111576523,0.7251268267549303,0.3797934810147582,0.5574776926414866,0.6280741577171742,0.3679223933443069,0.5690401073594435,0.43358194357419116,0.37293085583734475,0.17449144648146692,0.715569304281961,0.23106308353056232,0.4018104050156934,0.7702361495088368,0.6178276457870778,0.6595677100065518,0.7583468756418151,0.42278264474703237,0.27325202866991144,0.4376673196671504,0.43666884840920434,0.15686984626671607,0.6244834151347582,0.3603883465651901,0.5282465872673046,0.37754151024877103,0.5871952638730978,0.25451207222981065,0.17752313442101558,0.6919966123573678,0.4576492637235844,0.5698746837488167,0.42964705080315657,0.25310393039783224,0.5645769202888573,0.43545741818236294,0.6864530394622627,0.7387787742867257,0.30902337397401314,0.7382361240704889,0.36136758783009837,0.3521692887470268,0.41441700770037837,0.7405048204789393,0.7614611197924243,0.334443774225926,0.5100466017131939,0.3875125629153342,0.6341753570457931,0.2913337131869633,0.4924627168086322,0.27234393796325024,0.11650434860916316,0.5558567405110367,0.4831892835506545,0.6643540834527897,0.6106370179519225,0.3565569654512381,0.7493222474104231,0.8078400172250844,0.6965048653027396,0.3546911804475322,0.7550070586093476
MYS,0.27674605639807354,0.20676213209545538,0.2738891991566831,0.3756979479193264,0.3550721315122153,0.21239453098469696,0.421115961940893,0.4382311148940065,0.32753609218188223,0.4437984612059786,0.35424467910170365,0.16844451803297952,0.340375028493729,0.4076826777436677,0.46782224573931885,0.22486859769507792,0.30407342087993405,0.32842496899712337,0.25434951236851483,0.3332016341298428,0.41688857889588427,0.10705164376461339,0.33901170079663323,0.21471427218993006,0.5369918570546031,0.5019247798935379,0.6113064882719467,0.3637192757685171,0.18890067279339334,0.3538379735223165,0.1599181620501963,0.24258814852060456,0.3071038695006557,0.23891095272625815,0.4797286724155731,0.18939901039474863,0.37098266695876236,0.22610026449960496,0.35864846767805364,0.40904037236969876,0.3455616118452775,0.6206246290650713,0.31830589995944414,0.09414245545697657,0.2711382273807882,0.3140866868694443,0.7974657957140582,0.64195473618381,0.3172540807526321,0.4520864640329793,0.5872185841520453,0.41589819399021405,0.4590451766646724,0.07186547087850186,0.40074695302056307,0.29440997727679424,0.33756317807821307,0.22827772993668582,0.11474211123432061,0.4923101774755406,0.34766162845640686,0.3997279842299697,0.39521047578259205,0.3012049307391974,0.4139425700035973,0.29705139198878366,0.3824718577049109,0.531413577084603,0.36623014496713796,0.10159429556232795,0.33483473867986313,0.4276896270096182,0.30877256115639035,0.2975795724285452,0.36496205060059866,0.49948680017023955,0.3814187795816836,0.40572232770024014,0.33927335256319463,0.46909688774561725,0.3387506434882922,0.1564217927974898,0.2784068509037333,0.3089507989503832,0.2094901136842395,0.09408797897004903,0.2572950937826053,0.35268817874705116,0.39214905955184215,0.4033832297155702,0.302172359105483,0.29077943008535906,0.3137754137499657,0.7248356544403715,0.30097320374278635,0.26769331368975235,0.2946213485148503,0.27465427930797465,0.04993857563243786,0.19426123651540253,0.28839626258316325,0.44326106072721716,0.0909341652961613,0.7733375950249103,0.2198044242365371,0.3300840894012011,0.5521535869154207,0.2836151679676156,0.203544913650437,0.4102543280306918,0.0,0.6985618328882974,0.30736316013774045,0.32452579113196184,0.5194258082352742,0.44934908975476134,0.5450994053492776,0.3203277353922556,0.3666560733775135,0.4655879954176195,0.13165203427083128,0.3264940078986547,0.4711561581495438,0.3411683813014183,0.20969340643039872,0.4388021456309416,0.33463290408536056,0.2796393377685436,0.8325546111576256,0.6455002846281321,0.31321805858411944,0.5301579738822468,0.4711561581495438,0.3357928934053655,0.49335837252187936,0.35046888053936553,0.3501546943581499,0.3509145531574013,0.7704896653722122,0.2990912612620186,0.3643257126841253,0.7684954136785423,0.46499497666764633,0.5342636077535047,0.7546992243363282,0.6211509747690888,0.3071550732189447,0.14895725824364575,0.3858690380150917,0.38373612001002927,0.5297840209016786,0.17363039421765206,0.44933400312857713,0.21768060170182174,0.3439792591502678,0.46302034749889165,0.39283419550006793,0.4944725753826903,0.16868685940405256,0.34861135798166853,0.4879369415875299,0.3333129701805532,0.38742748942487215,0.1852887508742156,0.5916354029636978,0.7378867101165162,0.33073929121257484,0.621239423854391,0.1934240117472105,0.1366672545084599,0.3694729835914944,0.6071161032632506,0.6389319111282526,0.6017948674465501,0.4454339443327733,0.1353786402504724,0.4910741826455672,0.3180636168012015,0.23758229887465157,0.41826053207484903,0.36161511453443107,0.3989261656317334,0.3965583047061772,0.5270033507890438,0.472073325477973,0.5302771825495719,0.7639425757001262,0.741990340806288,0.7724333534005128,0.26296731585813293,0.7684540965974761
NAM,0.6542776205486398,0.6664789003489408,0.7203473928634742,0.723430543162075,0.7056700342357142,0.7180642137899088,0.7131868716915875,0.7132587310063322,0.7263109078789223,0.55081501060292,0.743011760123825,0.6808726059521705,0.6451099797985604,0.755717986037762,0.7709687810301727,0.7337454506760331,0.7380315073553286,0.6663095531072953,0.6303950155755819,0.6803389317706944,0.7749913041224472,0.6976327352224786,0.6988481676390633,0.7003666840090562,0.7797974474903455,0.7376362096231911,0.3135651917720927,0.7565891443957533,0.692323173871897,0.5952463083414462,0.7172134153428326,0.7235274051859788,0.6727655598813592,0.6602723188402848,0.6435288643706256,0.7161021130906847,0.7537653648433136,0.6860222702538428,0.7165047466582752,0.700976492756105,0.6077582025141155,0.8087543116212476,0.6756303898357401,0.6834957589896191,0.6021481744044622,0.74415800869417,0.832554611157672,0.7652646324932219,0.713424636937942,0.5405302118811968,0.8004140966983808,0.6931713710845834,0.7925931251265619,0.6872786237621532,0.743595090541797,0.6850533680993701,0.6103909647130593,0.7159501277199635,0.68598942381415,0.6921288539502937,0.633984200115513,0.7032881065716986,0.561455374751119,0.716497755150062,0.7398126479459474,0.6156593986436671,0.7459474150558081,0.41021274751018244,0.6938967342366301,0.7025613742308998,0.7373558801870367,0.7214711873889953,0.7496613152523602,0.7407268826967919,0.6509392431317728,0.7937357500887314,0.7420234252154639,0.7548342125227716,0.5872670386163578,0.7771484786812172,0.6725034736859735,0.6715294868510656,0.6891444952931101,0.6369110289159691,0.7138478960521437,0.6964435774405109,0.6178428473641808,0.7500857795237027,0.624898339112312,0.7572395806856828,0.7478490610101949,0.6493396726075099,0.6923115888416509,0.8325544533054132,0.6782105024944389,0.6575975577283517,0.6764780527431424,0.6722722523904539,0.6996784095424937,0.6872907991311364,0.7367469662599218,0.7679054744146254,0.70860871287833,0.8322835352142035,0.6274279885436014,0.6730258512495763,0.48200711053457834,0.6595619330578762,0.6801191803251909,0.5739044599310841,0.6985618328882974,0.0,0.5857176853039225,0.6134097373843206,0.6463402993353023,0.7753196129595293,0.8033499888991013,0.644425130970632,0.6423825180000727,0.7017648121056357,0.6634910108890617,0.676707563683879,0.7694062601485291,0.741548861491004,0.7095260270047071,0.7140340182954303,0.6511361733676544,0.6734878540124472,0.8325546111576672,0.8318070314247843,0.678959786651364,0.8092238140514056,0.7694062601485291,0.6712169873482423,0.785298305531823,0.720523701248182,0.660788027300582,0.6143078845573567,0.3983632024151472,0.6435564653994855,0.6692395476789832,0.8325544664911335,0.770457955632097,0.7909219084706298,0.8325494795928559,0.2781687490693367,0.6188994231698242,0.7080988897081582,0.6873503251330525,0.5998215126566548,0.7526668083719131,0.6867072471004704,0.7666361263669601,0.6967666457071365,0.74529857055103,0.6224103020953322,0.538827018914001,0.7784747073046487,0.718821760602634,0.7343608887034055,0.6769715809675192,0.6174128479352811,0.7468188181727039,0.7116650476042197,0.8019732377006555,0.832381434575346,0.6353406908349439,0.8311663406819706,0.6696271079195921,0.6758528352164276,0.6599272548611854,0.8325418131482971,0.8325546052341354,0.6193497862973115,0.7179289220900027,0.6979507965380595,0.7838691732612986,0.6369604927073564,0.7340586282669475,0.5347774869419053,0.5623467267355591,0.7438097904668632,0.7165634225048908,0.7996472648123997,0.8048645944318025,0.4855088109234909,0.8320854448557007,0.8325535136238941,0.6438423406468312,0.6830891031316653,0.8323381628139007
NER,0.18623830551791945,0.28333367685752464,0.3871476406320029,0.4776739222432625,0.37648730439298017,0.3792044797250185,0.4484421861036089,0.46799777943546655,0.4179964386400705,0.2372766057482804,0.4460369781386902,0.25712299237013053,0.323412714499832,0.46176614513196396,0.5605844129257127,0.44428778718321454,0.43971651985462185,0.29766721101040416,0.14152304925043516,0.32150100888326283,0.5208967152583597,0.3237541313142359,0.3352505435235158,0.3079158163035476,0.588229243223755,0.469449553666462,0.4348046938799562,0.4742402375864538,0.2850359695949352,0.22938956590607557,0.37960893146634994,0.4339886177286275,0.2887721936847112,0.21398921351062603,0.3535018141896933,0.34718293857160487,0.4968687805717663,0.27588769136915725,0.3949194371881411,0.4214669434847793,0.26753278419175275,0.6795922078876523,0.3052116347400871,0.27629156537727634,0.0693742643547272,0.48164527862717676,0.8190006641693404,0.5816602903328004,0.37320750843535544,0.3073511750367589,0.6460334457228666,0.3616064704525921,0.5750179570313163,0.27851623852623314,0.4711657482318483,0.2951301767882603,0.21039963611081383,0.349285380855352,0.2678205431811744,0.4112894431634742,0.22555174371953526,0.42080067619638223,0.12506184562060205,0.3617090006310007,0.4456932702278341,0.1712507650754103,0.47728933275042523,0.35441391705263203,0.3701901784629323,0.32821599062890244,0.42791172042977027,0.4475877710318147,0.453526600037879,0.477176519850512,0.36698205694928343,0.5991818175099919,0.4516361609643634,0.45290104083578053,0.1408689398266819,0.5517299900195687,0.3177313107694773,0.2630359348744727,0.2885956462076704,0.20551862716425748,0.3577097802130994,0.29212316807193267,0.1266410382665509,0.4996868380616833,0.194660880479263,0.5644657059245115,0.4494752897025225,0.21641071459663794,0.321667999416566,0.7817067852764026,0.285044869343574,0.18890768688200324,0.2770679070709342,0.259242550930882,0.3036227267459569,0.2936107050873264,0.4310260232819177,0.5028790140452885,0.32773756411162647,0.7732891087183187,0.1464901559976254,0.31132244517571583,0.4058199687780027,0.1985659698160879,0.2518583724773591,0.17860803198869699,0.30736316013774045,0.5857176853039225,0.0,0.19124853857316912,0.4336023757495066,0.5202460785608193,0.61282271969449,0.17582824315540763,0.3516052399220416,0.4035460603564024,0.20911651621347196,0.3092651478562461,0.5689863034066912,0.45692873928237837,0.36374131832812223,0.4033851103147512,0.29602109513154146,0.26936179983503206,0.8325410533198573,0.7178461890099852,0.2969968784128422,0.5239178893211396,0.5689863034066912,0.31058168115794316,0.5465701839993635,0.38095203108153447,0.3264878234198896,0.13406191717317412,0.7159005947234537,0.19933691449050822,0.36118050668868906,0.7618220183316103,0.5586572307628915,0.6132292693455622,0.7486245331499464,0.45147000132094406,0.1736630779670399,0.3355518354205458,0.3878874685635783,0.21152227959593695,0.5560351050861451,0.2702893507562716,0.5008314236083354,0.2995545530590759,0.5169002822284885,0.2709632932596568,0.1999583883846332,0.6412772466902446,0.3623997390676401,0.4985791292774221,0.39247812691156747,0.2514975409388541,0.4904424237188998,0.33955387544777743,0.6512713716946412,0.7267081401701062,0.22261702792809288,0.7103356628628392,0.238400385930728,0.25146276239395443,0.36266116691374395,0.7143974102185724,0.7424512772472982,0.4373759146267844,0.46703582912909625,0.29560768383902253,0.5834350903581582,0.2472322402669953,0.40915704521020907,0.27703113807904883,0.09602524878337781,0.482489299269669,0.43174004736436866,0.6245627176717071,0.5696358439689763,0.3605870221825771,0.7388433519436937,0.78465514632153,0.7130860899591932,0.2780019914956741,0.7451906375785613
NGA,0.22210218503752105,0.3766866290917191,0.4195031404296282,0.5677031394157288,0.3766031473414008,0.4177630039730453,0.38983739448377847,0.40588052179670203,0.4069031840922622,0.2400958763727652,0.3860421329425599,0.2787479288787008,0.21908466826065776,0.38418242395979785,0.5500366271846231,0.47319553289195687,0.4266705838866064,0.2653117041055674,0.1935471360605786,0.3034330723401861,0.429784667218503,0.3718879005027973,0.3236828683367301,0.28022338312982864,0.5379419709760699,0.4567750471348494,0.48404415484580937,0.39909151937748616,0.2750699580907102,0.3672256265871129,0.40873498218131665,0.4800893777777382,0.2830543787738186,0.23103807604213317,0.39227374513249363,0.29207657748637295,0.48863781186375543,0.27967313147901396,0.40179721841202803,0.372028441317864,0.40087896776700255,0.645181779297854,0.29135549968703894,0.3223503649517857,0.21127120990946704,0.5110202114640466,0.8005707486231773,0.5947834610733519,0.3964217209530858,0.4329095909392721,0.6061699687540641,0.3653687396856006,0.4731167159267219,0.3102325790593355,0.43287056101704824,0.3159175580676175,0.09064405712630791,0.2922917236409553,0.2851150620168996,0.42315675304537176,0.2673479351553312,0.3628617401119418,0.22016233105056704,0.3169993866724161,0.3768585624391072,0.15598680168883275,0.46184466662041385,0.38718052393802077,0.34458829639019833,0.3597751168384834,0.368483124825367,0.4250037484598711,0.3779615969094853,0.5183394195316078,0.2788387635709906,0.5281933890179791,0.3814533656358138,0.38047107857394397,0.27406551809881974,0.48957534123330115,0.28375895180171734,0.33701362428815107,0.2985416929784483,0.09818935916846548,0.35049456149558916,0.28538300420927204,0.27327017244040386,0.5206191123159701,0.274467676394294,0.6183800196550068,0.3815832733975183,0.11226346037555872,0.3332621595128019,0.7385306771153922,0.2943038557463383,0.2691393293354401,0.29094235106556476,0.2894467865833367,0.3034285836533196,0.3345709316874151,0.4129233178591267,0.44045615492860624,0.31125260452617715,0.8104229721891731,0.27591009637865055,0.2533922427451828,0.43643733440310084,0.23395743326241902,0.23856360073136634,0.18858784885561594,0.32452579113196184,0.6134097373843206,0.19124853857316912,0.0,0.43921371971068746,0.4445815242942812,0.5543782375965439,0.2365670717014883,0.2764567776123604,0.4063158571774438,0.2659282314096922,0.2616502865259882,0.5788994628522418,0.4438082723700921,0.4181329841637388,0.38086195738562173,0.24110586410826212,0.22686436205778113,0.8325546111576483,0.664764729984139,0.2952940197494292,0.4969425667029595,0.5788994628522418,0.2659965527731174,0.4904789065937808,0.3127717491589604,0.2612774993885923,0.21098122566383867,0.7315581165885914,0.1181363523127494,0.28375626588572284,0.7604001096441451,0.5481017084797493,0.5746175510130266,0.7460041225629713,0.496002951401012,0.28229504515799453,0.33873936443306635,0.3352962458334516,0.17695002780429325,0.6463870447661417,0.2752840276340995,0.4430844591034636,0.2796831023568825,0.5739849445843952,0.3541460494354726,0.16747701879823768,0.6954140083274517,0.3444872264954886,0.5693712050906001,0.41238119234189524,0.10626160694088874,0.5073758652321556,0.3140174495840368,0.611778049521828,0.7254328319644151,0.3083452544971278,0.6440319004453742,0.3136254089879435,0.2995497455874648,0.29095051271681754,0.6348535258217133,0.6629233668013572,0.45872835744578316,0.4197052881174311,0.27719996097142796,0.5369896209244762,0.1770251867859759,0.36826191346656356,0.24995538880540075,0.16123414067223307,0.49578685691342805,0.35777230681311234,0.5547608021057747,0.48509328061328594,0.4582343987681263,0.7457999489777348,0.753483745305664,0.7238749242822669,0.2874377549188421,0.7516173332006841
NIC,0.5098082372633277,0.5107528916980683,0.59704875495483,0.690995894958873,0.5658395153800866,0.596312515660086,0.5101966629007646,0.5195553453730402,0.5706852215713879,0.41645154082455493,0.5449986304682399,0.441626220765225,0.44305200102811343,0.4093892352591318,0.6674682723782946,0.6243327617636968,0.5912418114911518,0.4964121310233535,0.45886703053007505,0.5197483662119735,0.5582559163023044,0.5505940184579741,0.3872625757044472,0.44623758850565476,0.6143073985773263,0.3728958702506876,0.636747019241415,0.5625496781282953,0.44373708842037984,0.4637294176307461,0.5806782370663733,0.6075043551961264,0.510324226112417,0.3772714829345122,0.2748435958457591,0.49442957040649366,0.6318571367396911,0.4203968946559194,0.5852387970872325,0.5285584729605853,0.5158110239926281,0.7329183164869347,0.5096783239690353,0.4970533092480977,0.4077479155180149,0.6443218082265075,0.8270473776858136,0.3843474953829435,0.5842793376273984,0.5880625717071701,0.6967824616532469,0.3391781543868741,0.6139684537338047,0.49454261468057936,0.5760823140369232,0.5411820295855075,0.4254469772848473,0.47510118861024114,0.4681313800489856,0.3012317695238453,0.3014781250555238,0.4965014231615265,0.47972703439276637,0.4408543945618197,0.329447195929451,0.42537800494143563,0.6069038160320771,0.3759000244554444,0.5348783490338128,0.5460878621088702,0.5329993118238869,0.5846398290841455,0.5660610833949127,0.6481820061985777,0.4213258404879477,0.6640548578000989,0.515821834497992,0.4147230575188871,0.3768615543064594,0.6150437538496208,0.503184762016056,0.4882110378072271,0.5408618415611239,0.45717502325300857,0.5398904456345922,0.48511461079839036,0.4877179396212637,0.6498304032572698,0.5315000818156249,0.7080783524393804,0.5693472214479819,0.47556661046881077,0.5493510551521488,0.8017022689026092,0.5281035626084732,0.5270665486106751,0.5267813420911235,0.38620217584462724,0.5057467370994709,0.5374908889868744,0.5838506410531635,0.5014988657811298,0.5181356968845686,0.8325410975478063,0.4689358054542956,0.5050652201614431,0.2988919003082889,0.5031142636582555,0.41342358298605925,0.468201295889079,0.5194258082352742,0.6463402993353023,0.4336023757495066,0.43921371971068746,0.0,0.5111711468280897,0.6293056395705108,0.5080318360949045,0.37782217344488045,0.32631149824573535,0.4512706081982063,0.5128110255090486,0.6826692668834249,0.5989708692538698,0.5968219405036443,0.3161615656710454,0.4568736496353304,0.3681288742147137,0.8325546111576517,0.7313398869471149,0.5259389065487955,0.3324971250105432,0.6826692668834249,0.5050238305881255,0.5238304746334186,0.38585677410584646,0.47652319099290125,0.5070577692624719,0.718386325216587,0.4691560288836654,0.4821409850925067,0.716631716147247,0.6663446773392481,0.688313654778121,0.6993039675122507,0.5912519263946184,0.3701157362234077,0.5341269448452697,0.5103438385031461,0.4186924884681556,0.7582964217682652,0.44335107513926186,0.49175897157844833,0.4387596037504061,0.6814920819971946,0.595682327582644,0.38545814221226743,0.7595862184175178,0.542292874462049,0.6795794181955429,0.2876074418540416,0.41794767550253564,0.6419569488244593,0.5143803632671643,0.7028535615745716,0.659588163607689,0.35766033600826425,0.7516361238396261,0.5328544574827184,0.46402843514703995,0.37819990030791967,0.7597651739111052,0.7851274964803117,0.6935594764376506,0.5576624298853553,0.47285915632112724,0.6664726907873033,0.4578538265925761,0.5613784635846253,0.33058346005104605,0.43245406289152616,0.6348710563515245,0.42182583832276394,0.6854729537914895,0.577397126492452,0.6591535070802568,0.6451117877482202,0.8168777454050955,0.8033886481987945,0.4008472986724336,0.657919628237362
NLD,0.44593620224628067,0.577144272635444,0.40833435553298963,0.7118048354815111,0.32718132103371395,0.46666383157956515,0.17979340842073407,0.1918599659309896,0.2925596094058067,0.5584672267319234,0.1717259109130336,0.44678990859406514,0.32001173446267145,0.1780286176190547,0.3619898702412927,0.5179705591647716,0.3000096415735748,0.2963338029519466,0.4177439925698216,0.29680121997711767,0.3534418732822011,0.4813570066124206,0.4221790902334338,0.39336109987415635,0.26897662383854515,0.4790959951599151,0.7602626019624639,0.19822487970732713,0.4124812171480198,0.632035198805232,0.4466080827711821,0.5965681372929941,0.3202212647034971,0.42463403975602904,0.5489266452749054,0.3540698361564437,0.3313031616729446,0.4265391274971367,0.3346941357848604,0.22341192842251076,0.6552582301817228,0.42031878991741217,0.3055703637141459,0.4941437147554382,0.508331949596237,0.4647760972782803,0.7810818668680407,0.6231930458581013,0.3632643097631745,0.720396146452304,0.36251024071164495,0.46384743347827945,0.36638474578824953,0.4716829124821703,0.22910529132515134,0.3538696237830658,0.4473115627840563,0.35932195856095017,0.44650997823888844,0.5133488400184352,0.4778874716693584,0.18910232152425294,0.5842162517501577,0.37830160767883203,0.26147242097393186,0.38332258507428546,0.30443060829294183,0.6108695942945895,0.281227934144789,0.4385176690565395,0.1808641415595655,0.30480345014329724,0.29631204464883265,0.521909247946291,0.27654425234548624,0.2910477714527263,0.1253929427565095,0.319833786397112,0.5606246420833971,0.18925630524457507,0.28279797176579663,0.5306505590834215,0.38539869718295805,0.44197103145368216,0.31409026156301384,0.4165854323683099,0.5528303669151816,0.43928033532372696,0.5975262526699944,0.7003910521321497,0.29458695752298825,0.4222844808602138,0.33858519214907773,0.6897117121938428,0.34177750439876764,0.46939084059873437,0.34835475325037346,0.4567770333295614,0.4221213255715266,0.3990604022583651,0.29130258705809386,0.39226199349730284,0.3897917486392518,0.8314730191750738,0.5368816726230186,0.3208422842938511,0.5941093792325218,0.4980620619779062,0.3875608015893197,0.5660243232608053,0.44934908975476134,0.7753196129595293,0.5202460785608193,0.4445815242942812,0.5111711468280897,0.0,0.2314732355876266,0.5347677019247892,0.2680427309374433,0.4846842486226443,0.4657941177363195,0.325909063002984,0.4650125821088411,0.30108213601451667,0.5468479228578202,0.42929592825880536,0.27963654436756163,0.3382009506164987,0.8325546111571532,0.5890998355356959,0.3260365356143809,0.45331949631956553,0.4650125821088411,0.3059063819413439,0.4248000151344111,0.3180258093775085,0.2784368462698195,0.5516030974850219,0.8028600031769935,0.44787598372436704,0.2724256775408034,0.7451331762584504,0.36035665421112467,0.3471178590790987,0.7264378579614814,0.7510633023608345,0.5338434283207835,0.35866002201116104,0.23350304791961057,0.5039406558756542,0.7741052219059866,0.42874546727281904,0.3996080502803901,0.4017745337259901,0.66161230258001,0.6679131240810433,0.4998205868293639,0.7635798562903914,0.3415090328512874,0.6790140656933017,0.5239706054288088,0.4068323720621088,0.41881990207999414,0.30981157908294404,0.36627729125411546,0.7060612938771599,0.5269124471349018,0.36137046854218846,0.45945093863787195,0.48355253717436586,0.23478278196975966,0.4146546992330498,0.527305981702849,0.7505770763297376,0.23529404314283237,0.4031224900307586,0.32068693695192657,0.3510492237685492,0.31479129453329446,0.48269937788225387,0.5248724780270609,0.40190955893630675,0.13520895768532185,0.3604952931840461,0.1236626494974234,0.7570635610371983,0.7524971043153618,0.5338261727368492,0.8159914487127253,0.43414322737774536,0.7574554807642104
NOR,0.5340413370353855,0.654294547022588,0.44643216441853595,0.7418254541837169,0.32208366119459303,0.5234759946163784,0.21760789640088052,0.26567832204063097,0.2982966738335293,0.6514676319343171,0.28100302634212215,0.5646365610680409,0.4526671511480429,0.3792761760674609,0.25727526831291075,0.5673260064797678,0.32436098436726857,0.3816754173235887,0.5160971491128624,0.35119422791864946,0.47907707989041187,0.556795150044083,0.5620564890848556,0.5268630520922243,0.126901099678558,0.6103349453971412,0.7942061775691648,0.3271191102087581,0.5400195163707923,0.7067608107812016,0.5099979556916963,0.6542440683490288,0.3818892600132548,0.5559006102263901,0.6630491868685945,0.4842315452992672,0.31037638352588004,0.555506273985409,0.3414614416336662,0.25959635290338823,0.7198441585560567,0.3535683858012277,0.36487221722692925,0.5882589906336546,0.6086551525534292,0.4591400262277415,0.7834008191491602,0.7127350186404422,0.3858388958427434,0.7666161405705761,0.18103457850650828,0.5989075809530386,0.46750878038756793,0.5707479980765541,0.2157586409116703,0.4089019565460235,0.5609660017933751,0.4963375039420021,0.5580022835657814,0.6383195183365922,0.6039886718871609,0.2519014744065639,0.6603555497765488,0.5216325646354966,0.4418169988181111,0.4957237031321778,0.2593958918469708,0.6914857792075195,0.2994479793795018,0.5190470987239773,0.3031238248986861,0.24236033130877013,0.411571523566623,0.5305856180828031,0.42256347534189487,0.3256397608525966,0.26553935967953624,0.48745431663062283,0.6564414914588794,0.1619944835744994,0.3606086888829835,0.619896923309492,0.46734169180815593,0.5518017495015352,0.3964575915325952,0.5307170150372473,0.6327279572854088,0.4047667774486525,0.666786443339849,0.7263501402670932,0.4047728302314057,0.5304038657029848,0.3848052703816361,0.7053196334857473,0.4060115995331663,0.5461161331510271,0.41374894739770024,0.5833096429946676,0.5279468459968358,0.46193479921266795,0.340264874335266,0.5273875769413316,0.497833601995465,0.8318772746930665,0.6234271552079446,0.42262047754429216,0.6894743769622248,0.589377621082914,0.5238226476203184,0.6486262752077768,0.5450994053492776,0.8033499888991013,0.61282271969449,0.5543782375965439,0.6293056395705108,0.2314732355876266,0.0,0.6179498713678153,0.4228601785085888,0.6162477135488449,0.5722801740410385,0.42252649536361403,0.36092033611482216,0.2901832326003294,0.6068126280930302,0.5753448021374263,0.39143191359279494,0.49246030373233396,0.8171162463803492,0.6364607954670229,0.38990783064270634,0.5854763306600869,0.36092033611482216,0.39844936850399865,0.549264043777622,0.4866453623424142,0.388831507777985,0.6288755482226578,0.8178677951001356,0.5539982308086248,0.3902816162170704,0.7793441762738142,0.25810503084098174,0.3129986760850875,0.766689868988344,0.7896182949371026,0.638534964447705,0.4504123478195496,0.3038842488152588,0.6098613875089832,0.7907038597543593,0.5513312669158863,0.53522419114349,0.5344402360068872,0.6939812924400552,0.7182318076998376,0.6029805611295119,0.7783649326885508,0.441651569029615,0.7111964870852979,0.6460059456904521,0.5305486281252146,0.35312260782921506,0.4259523501400692,0.1837238138272557,0.7550661962047598,0.6375466050032105,0.2546821378357819,0.5298949858784525,0.5873100701622145,0.39693159763427965,0.4206077300677168,0.5448434972978169,0.7808749727396878,0.22606938105169708,0.5249141858143361,0.3251765863611757,0.4651877200046408,0.41564743625430334,0.5984001950123822,0.616277574712191,0.33227434826916435,0.32325133966432945,0.3874475397353426,0.25768667570439985,0.7904261340569803,0.7887226714396596,0.3971180542031967,0.8242351345905805,0.5651682450849461,0.791367237950721
NPL,0.17519736020388607,0.3096816682248706,0.3998346705683054,0.469459312021114,0.39161300665674637,0.39065769364715996,0.4762918018690299,0.49556869690436095,0.4375162671627375,0.3341815486202957,0.4585544271703207,0.278483305326697,0.3684206617825086,0.487780948728612,0.5740595542089489,0.4558780178601875,0.45523401115010514,0.3306704169420252,0.2076865573834005,0.3468053257045756,0.49402969231261923,0.344202939752042,0.3687533119013612,0.3155362399645775,0.5993551812290601,0.5111251686748777,0.4979229161959141,0.4777933442113715,0.2976445648821704,0.3043638318672422,0.39670731066871673,0.4298648708192432,0.31694641561051484,0.2705669773371603,0.43741277484638386,0.3475293341242504,0.5113955569909525,0.29905318028897615,0.4045431321796184,0.44870886357127454,0.31976758669016603,0.6859801920558992,0.3345921588374596,0.29244913757667823,0.19655392699075755,0.49776500104798466,0.807005422939187,0.6319892813264015,0.38292947033237945,0.34989088989107586,0.6504357907802185,0.4154865326420508,0.5434859253635722,0.29302369050073485,0.4868136225454626,0.3076776061660207,0.248970044307198,0.3470796210140233,0.2827192816789391,0.47576749110523314,0.31135941584474497,0.45155385886479205,0.20988904573975511,0.36659050571743484,0.48294323551738183,0.24950061484923022,0.49275103240681184,0.4606683108936393,0.394016980751807,0.34857224887374827,0.44200557522324185,0.4631854708079198,0.4511435139016423,0.49242264771827526,0.4144438482373252,0.5958813965067284,0.4677764905039133,0.467495002262091,0.25420224158917804,0.5559919251412655,0.3489335561714363,0.28720658320814385,0.2831640916656359,0.20167221935204552,0.3785461937332861,0.30195333400753416,0.1870811800842595,0.5158542447944839,0.12819409169570586,0.5712209535750866,0.45018178851275953,0.21036242221867826,0.33333865951307995,0.7557282597283831,0.30171070304572295,0.1838653864580837,0.29397137572118864,0.3061265003251006,0.3147704266173203,0.31904570919703934,0.4459433730712311,0.4977135236935199,0.33788702818182237,0.7194503795392002,0.21041965080629293,0.33373203841700705,0.5042884989680968,0.0791825992077107,0.2875135707020584,0.24052332486812167,0.3203277353922556,0.644425130970632,0.17582824315540763,0.2365670717014883,0.5080318360949045,0.5347677019247892,0.6179498713678153,0.0,0.4098358035737908,0.4597497230208973,0.2513644350184457,0.32669893896790786,0.584197928699601,0.47260056038783343,0.36457632345609275,0.44849358656636656,0.34462803059778646,0.32185833065076586,0.8325546111576517,0.6935694758573335,0.31588811926316196,0.5569927907451956,0.584197928699601,0.3377111567512133,0.5438398703888805,0.40670869127914316,0.36781686304817895,0.13187888088276484,0.747248452231732,0.17607337461424433,0.39884102232513585,0.7727429344306995,0.5721587032740777,0.6202262820091293,0.7605700537476708,0.5240247538062103,0.26703234082088645,0.3563967844629374,0.4191532227326443,0.2720198309958307,0.5216270605593973,0.2867734981248843,0.5001101583026226,0.3106487539648188,0.5249023473087442,0.22723298587929033,0.3096650401476688,0.6460151123808068,0.37721593260047737,0.5045033039993034,0.46338593265232003,0.2954867073537961,0.5055370658705273,0.35883071606181816,0.6555086606426077,0.7431123639927723,0.3072862160222383,0.6985686119656,0.2613660111398121,0.27411310996921145,0.41708958087627723,0.6939131894157266,0.7155016169997633,0.4493185115856859,0.4894409951366473,0.3034873506490778,0.588982303350636,0.2969371810255382,0.41777463668610154,0.3652955927964661,0.21746637680080808,0.4969279715337724,0.4665679895756209,0.6201113850407369,0.5684921389265707,0.39165416864337715,0.7600821850534464,0.7886457072725268,0.7396491686328523,0.31113817504548474,0.7649618238486271
NZL,0.32198003704292144,0.470118508803929,0.39913084453186387,0.6498723850252701,0.34687085595010814,0.4156710794034705,0.2550598823763831,0.2543401698263005,0.3419090508742242,0.37993264480407707,0.25923779669558367,0.3385608183031137,0.15824634117985373,0.20539773672745643,0.4717002631723939,0.4769577186630025,0.35445113726782757,0.23874984806918725,0.2814046990545556,0.27598800470670715,0.37670722966451015,0.40809230413748293,0.3259840437471892,0.304016671168222,0.41748789515880486,0.41690982123342235,0.603813305255707,0.26988049578745826,0.31434717843209087,0.4864568739345945,0.4077140728639766,0.5366673029241192,0.27482488462257626,0.28415011854472333,0.40601371955548304,0.2912879552758011,0.41262894489264035,0.32005317753773826,0.3683000303547248,0.27370730567988394,0.5222807411152003,0.5308026785975379,0.26878618442768576,0.3956433008965126,0.3430557924499971,0.49207634545345746,0.7933026886784298,0.5576538003596218,0.3767492033976161,0.5785496421150793,0.506955023186921,0.3589222888855692,0.41661108743137193,0.37570852899785045,0.33085261922625014,0.3241230012024994,0.2773623767262094,0.29329805116678354,0.3458794161759457,0.40500939175758066,0.3185399843488975,0.23375778323305943,0.4178919706709214,0.3081086844883871,0.20533301372160084,0.22177527855136042,0.3870107849706686,0.4194349947261479,0.2933628964420329,0.37477664357553814,0.24479642932848936,0.36561829348218455,0.303524697496484,0.5200041006673727,0.10963642157485218,0.3984602882619493,0.23206134348768173,0.29317194736751034,0.3939488470132527,0.35881249994020975,0.24480684584649098,0.42329442359281577,0.30317800030280173,0.2959926456988395,0.30204787028927305,0.32772609178844786,0.41315097772680875,0.4884269954848372,0.4669989335540613,0.660447611454937,0.300891143542538,0.28696822295027646,0.325928850538179,0.7190876699923948,0.3014746154871957,0.3644359595357236,0.30392634363192245,0.3360106339743205,0.33929467249096873,0.349267199910316,0.3358867131575636,0.3894148443624199,0.31971385865600127,0.8298222377069682,0.39857206894860503,0.21070994793437747,0.4235436199140021,0.38209169424068706,0.26697940896569783,0.4002285886402337,0.3666560733775135,0.6423825180000727,0.3516052399220416,0.2764567776123604,0.37782217344488045,0.2680427309374433,0.4228601785085888,0.4098358035737908,0.0,0.38645130069477207,0.3432148259066084,0.22330941897579096,0.535388681297374,0.371152842579376,0.4787031236570557,0.3390931344506914,0.18002082734468255,0.19304291763495376,0.8325546111576372,0.6314319664112376,0.29133623178651585,0.42760058127121614,0.535388681297374,0.22716494309961713,0.43663084500037613,0.2394680069489237,0.17531829308008973,0.40785780693585005,0.733196336840637,0.30991992804076957,0.14872683048451088,0.7455661291813035,0.4696535476954848,0.45533071753086557,0.728537097936802,0.587046594955238,0.3800035250649108,0.3146512285996078,0.24092000172379438,0.33904650118737656,0.7279020291290829,0.32541343913710874,0.3925113025560175,0.30766774335586855,0.6156930002655514,0.5460988491729718,0.2972591196959931,0.7341213838063448,0.3015498887451207,0.6264875176584507,0.4033709750779025,0.2333919644889945,0.47196123350337166,0.26403849930982004,0.5119602004113353,0.7043328330337929,0.3822060274741004,0.5302897473160207,0.37588765978103916,0.3751367894715536,0.07884429269500456,0.5237804200530454,0.597172650108174,0.6400535904092879,0.31858162139088964,0.31425752016857394,0.41195772040704143,0.18303229792832076,0.29765192577315575,0.2818431179443761,0.3435080215363243,0.45773375789589354,0.15695255966241828,0.43993517237865554,0.32885581012789206,0.6182337537387022,0.729336089903539,0.6643904193620044,0.7552273240167051,0.32329255380302613,0.7362029693917088
OMN,0.4639439443583101,0.4530656557905416,0.5574179628910478,0.6488771627040439,0.5291180336369171,0.5554156076554486,0.4940441376417419,0.5111426694300496,0.5339180512957443,0.3900964002706169,0.5039903262435749,0.36132271752579065,0.4240154668101002,0.3715265430799948,0.6464958586030364,0.5883786289025604,0.5554326573138522,0.4612229453583982,0.417694725439846,0.48295759028237634,0.5097453259236443,0.5038803542205236,0.2445728952812248,0.3639345998367193,0.6066554749032831,0.09385445464655005,0.6552810882516984,0.5233195612053713,0.3623103840568276,0.4365700217323004,0.5388265815387011,0.5640167567606653,0.4710119385079711,0.29238884304958374,0.2209090427475071,0.4328980019025119,0.6032046135080302,0.3252647604692417,0.5483197306992738,0.5063195242875207,0.4866704072543324,0.7322963127803266,0.47202442849744647,0.4371900684611925,0.3706698978467623,0.6120440811802206,0.8325541966379487,0.4498758664723298,0.5446380941370491,0.5888653686159371,0.6904630962632754,0.10119385402364117,0.587758113514505,0.4341438941662231,0.5442540154494555,0.4985275356153909,0.3941204057756662,0.40463141235542227,0.39919439418650343,0.11069093134238818,0.2129539810352182,0.47656275308019796,0.4555406638866988,0.34535615958497096,0.3445590448893717,0.39404262088948483,0.5759614163728024,0.45404776958614373,0.5019678226213298,0.4989330201446749,0.4890193684891644,0.5563338108419676,0.5266981689901316,0.6144805549466741,0.41946921322089226,0.6523027179372881,0.4749659560812098,0.30417252131200095,0.3445827968743234,0.5914495210155214,0.4691182400430643,0.42557990729619,0.49633829942003277,0.41536199980530636,0.4942780007853444,0.42176940258389306,0.4475172964731183,0.6198096402374343,0.4883918565124426,0.6758757713617608,0.5306966523728608,0.43234656006303335,0.508264406982822,0.8245817966172401,0.48625055515720306,0.4803896924538679,0.4843886930495441,0.26702430923765746,0.44864213688274307,0.49298955966740254,0.5467016359275811,0.4042718787047069,0.4645189843250999,0.8202073166482639,0.42468760332355876,0.46931510560574025,0.3776431923894931,0.451813532353557,0.3325591154929278,0.4422432969747938,0.4655879954176195,0.7017648121056357,0.4035460603564024,0.4063158571774438,0.32631149824573535,0.4846842486226443,0.6162477135488449,0.4597497230208973,0.38645130069477207,0.0,0.38799494329339845,0.4753019724601321,0.6602399550724343,0.5653497425492054,0.553882355261441,0.12497973138350779,0.4297580640331012,0.2977006537472237,0.8325546111576542,0.7180286175726497,0.48557379792094446,0.2870385934592923,0.6602399550724343,0.46995262032562446,0.41252401992367616,0.2864696977314585,0.45038600752842806,0.4674336209924371,0.7668579546834788,0.42477939492911465,0.46053697457322945,0.6721860225797861,0.6451416412035983,0.6774591281645044,0.6376283958486352,0.6435201060506304,0.3007419806634792,0.48603703781958624,0.4861006992974492,0.3736738054693427,0.7131314993575264,0.3629661093867377,0.3828495344318113,0.35282963890815094,0.6471839843027054,0.5561854801250188,0.3883193114618238,0.7284490757482359,0.4953714408985257,0.6424235081325602,0.14495288971632908,0.3924992691277489,0.6116283343502996,0.4624958277423837,0.6975548459759198,0.6041500093474539,0.24555757350997512,0.7600845401521936,0.4871166451300392,0.3939595398330073,0.38227228412547853,0.7715649207532348,0.8146938786241752,0.6589922223325397,0.5390954299299818,0.40477808174298013,0.6514355368577163,0.4261386639748642,0.5195155819139391,0.35407465721619696,0.4121326473177115,0.6042736654607549,0.4115424642536256,0.6789370943499191,0.5320077691130854,0.6459768257946046,0.696155080940075,0.8303937962537427,0.7850888091505763,0.29002780083425,0.7047325017654805
OWID_AFR,0.23613691912359058,0.17322775214046865,0.30910195561660203,0.40076293812652625,0.3595010814951895,0.2700851348838796,0.4265701765381225,0.44723568712119016,0.3559154220360292,0.35692859953615375,0.3841724788847954,0.0950058902586298,0.3268651758217575,0.4011357884300155,0.5078042942083163,0.3203686518911376,0.355960966266439,0.31165388495053303,0.19067133690027693,0.32391858873305085,0.43737622377544755,0.18018864495012268,0.26613561279747777,0.17914842507233836,0.5578397808300524,0.437676230747597,0.5609885605792476,0.4049994306407857,0.14183457835267002,0.2730351998783886,0.24887999819186232,0.3011609114526594,0.2918235083849662,0.13898213597831952,0.39262338791153345,0.21795654484984112,0.42315794636599185,0.15350526605449538,0.36983204363955974,0.412055219865098,0.2849221479934229,0.6564417350454641,0.3057389153249124,0.09253408232548263,0.15855902646525105,0.3827804482797893,0.8115948173903762,0.5921687779168436,0.33181507268914034,0.39605205805192223,0.6182175048366384,0.3337913276780319,0.49989863261025064,0.08713777645075917,0.4253369258220167,0.28606112747519585,0.27446661410242845,0.22886595184666983,0.0803192368846199,0.4139921115377754,0.24015538498673147,0.40125888281738,0.3096463325120465,0.26439467413103046,0.3945204242374402,0.23689438312099165,0.4175822003526008,0.4584018006152058,0.3647231039863485,0.18480697924201617,0.36290811208842,0.43640849768551493,0.3654274929661563,0.37075259967261526,0.3552652597700969,0.5516093157478771,0.3992643159917559,0.37805882162141924,0.22806209113474168,0.5048063461282368,0.3262957244838621,0.11163731813124622,0.27665686027319136,0.25563935505748997,0.25605561706764274,0.11736656259828611,0.1699316523476198,0.41231772499089037,0.3183469302294903,0.46544213174285004,0.36102087158234986,0.25354041203785377,0.31081344000745886,0.7525559105044515,0.28777100587629617,0.22375076831092394,0.279758307641682,0.17775286579600924,0.1293312817721838,0.20996491207092913,0.3433737506299569,0.423692154422198,0.17390214434881485,0.771969752861489,0.12481651231669541,0.3223313575585542,0.47692638147748156,0.2258107164563028,0.14019277235231084,0.3285972692653848,0.13165203427083128,0.6634910108890617,0.20911651621347196,0.2659282314096922,0.4512706081982063,0.4657941177363195,0.5722801740410385,0.2513644350184457,0.3432148259066084,0.38799494329339845,0.0,0.3194635579801247,0.5102665173852275,0.3844788508710479,0.2511312700896033,0.3673713374407055,0.3113294921445219,0.22249794565740832,0.8325544781877722,0.6608766143894244,0.30147188815215376,0.48181569051309786,0.5102665173852275,0.3241950874292684,0.47191074422426726,0.31295586426334926,0.3366411165148656,0.27833789993099073,0.7526501122526735,0.24752690040209574,0.36021889123922135,0.7526343829488916,0.5053070695446302,0.5758598382192772,0.7363756302657457,0.569990297946441,0.1912271138223382,0.21099914448302487,0.38392574267469054,0.29832017298280006,0.5282864480284076,0.11554185573592701,0.42403717068311403,0.17170620776901074,0.40982783659566696,0.400226206102826,0.3141473905864841,0.5506123307983991,0.2401411636535809,0.4009156964052872,0.40628632393491737,0.2860538043995607,0.4246062398409101,0.2282958597947117,0.6237742471440322,0.7150625688365122,0.22138277238691795,0.6710441473850687,0.17700096573786872,0.0674280883283206,0.34729572666123265,0.6643244572285519,0.6979019944751337,0.5568471308128055,0.45422858842033054,0.13463172454861713,0.5378431299591047,0.2860769628441515,0.3050533517707298,0.3407199668523665,0.2736852465565203,0.4280199963259121,0.39236707713666485,0.580824437609126,0.5023677961548388,0.4791902194537047,0.7441153084991682,0.7767259529215332,0.7568427846026321,0.18007579243966046,0.7499286681636272
OWID_ASI,0.19816862360941875,0.4304283126569704,0.2952464669673189,0.576090728678938,0.25210020831641766,0.31833468844957313,0.26624568672320925,0.26730128394572356,0.27100034969751996,0.408084313689864,0.23315336678073945,0.339625808408144,0.21125672554889557,0.33266777458621527,0.40398377708322625,0.4090566841233039,0.27552802711328245,0.15299058654361128,0.2106970583650316,0.1831052707880365,0.4254260916859352,0.34727061800953474,0.3879865312735278,0.32721843117274707,0.41503119052768583,0.5107808588704601,0.5809742012377095,0.25579678503474973,0.3277829287964767,0.4542043769351385,0.33723086491228255,0.49503598507655405,0.177860539587038,0.31381528996099106,0.4806095936219268,0.29409389724229595,0.3314682155920976,0.34344520538980877,0.26394943603134274,0.24293547058614562,0.4746010657438548,0.46721632940869473,0.18080466830529957,0.3640156853588515,0.31923613519992994,0.4224170575983924,0.791118167205731,0.6397350372781248,0.26834893476177546,0.5135024683109805,0.47198753072230104,0.4375502905014397,0.449099595139194,0.3464678274594782,0.28494405741705703,0.20588722435407483,0.28784834701972944,0.31629012909140997,0.33256636203579026,0.4955805400358347,0.37444433640120084,0.2425466677958517,0.3641141370201304,0.3598299321715883,0.35812080211401903,0.19218174737253357,0.3207846799427224,0.5037888975097762,0.21878989987013583,0.3114144678705894,0.22123183153328935,0.29670533344138983,0.2854269944144586,0.4550922663914753,0.22619375010180787,0.3559849942762072,0.24709109279888855,0.4042559765674923,0.38961464061308504,0.331738708037993,0.16454186632431486,0.392082829761508,0.14582854403209994,0.26071126739969425,0.23041280761015254,0.3109074773346413,0.34811598445922504,0.418880350819637,0.38002736458811376,0.6124884769876706,0.2700019732451234,0.226703773608513,0.20902732118784345,0.7224463947137536,0.1835092869471876,0.2491262460736373,0.1861768535224499,0.3672919036115126,0.3082344767921396,0.26145871820342104,0.2556748421769283,0.46217712641070147,0.2835966592553902,0.7926981054060509,0.3485161662727746,0.043927123767312816,0.534207672089722,0.30571210326827136,0.2908378391849206,0.36810694636501284,0.3264940078986547,0.676707563683879,0.3092651478562461,0.2616502865259882,0.5128110255090486,0.325909063002984,0.42252649536361403,0.32669893896790786,0.22330941897579096,0.4753019724601321,0.3194635579801247,0.0,0.47966509024581155,0.29792026978107966,0.40701563542798397,0.44695581248526367,0.15748935721123491,0.2661731476822696,0.8325546111576378,0.656346983214188,0.17721735135875086,0.5372151993379908,0.47966509024581155,0.11477748479772219,0.5102095099292262,0.34571429677815385,0.13550003552883635,0.3206569121094501,0.7608881740170116,0.2567649364645186,0.11471309594163759,0.7712163127364483,0.40147510246697854,0.38403362335879715,0.7582609494789764,0.5905538775483984,0.38549142431351147,0.24804881143284896,0.2057167992461867,0.3507898678067033,0.6451485897976624,0.3317912110941373,0.46823695774853336,0.3316382783132799,0.5616106204405821,0.4472359782333286,0.34442349815546053,0.6903666086756166,0.23897936504702028,0.5673985546090689,0.4901401155207258,0.27528624300942073,0.3995411936326603,0.21580057102263922,0.4741691893865208,0.7413914909099132,0.4031260439474923,0.49819899606559037,0.28377386893846057,0.35722947209489103,0.23916561411414927,0.5006175996975785,0.587724840687565,0.5628569784328086,0.2890304135510427,0.31007630217202153,0.33903229705457977,0.11614626178647229,0.2379512771274018,0.38999576888041243,0.31527613446018304,0.38324444941559516,0.27011212652649436,0.39880613899360867,0.36747646009956936,0.543200814727629,0.7631783587029748,0.6175602307045425,0.7591359401309861,0.357218344686609,0.7677949266603623
OWID_DRV,0.5181053943865714,0.5297338629335222,0.37670230271484917,0.5646107573658964,0.2984821758076381,0.43192562109313,0.37579885091996573,0.43113037868410037,0.26890107949537534,0.6512540856964728,0.4070703126564646,0.5295961798583547,0.543339601916353,0.549270389378588,0.22744486958816126,0.4391060544793597,0.3000545089287343,0.42823264019158985,0.4942956411956768,0.38273603241611026,0.6059383478487149,0.44321798747384683,0.5988988122270515,0.5401231458762471,0.2968850758607102,0.6770947451092872,0.7240911958502189,0.4675682896815504,0.5333480733587456,0.5967972327300096,0.398797539790784,0.5141936867601562,0.3913565775400241,0.5531834091222084,0.6667675930821093,0.5089536207330998,0.27895550830291427,0.5505969991015527,0.33414312213190756,0.37243882905433345,0.587384867411865,0.4789681875176477,0.38084555409375737,0.5001161844760308,0.5596901667096598,0.2913674816865341,0.8055536103513545,0.745139760370099,0.346001968130608,0.637223574658562,0.27330785604752056,0.6363835756123888,0.6103035237251299,0.4952097315110302,0.29554746436048257,0.3905857036002701,0.592012979947535,0.5340123289684663,0.5098111994080926,0.6732715278060271,0.6045336208422228,0.380739286007336,0.614110043142114,0.5748916475084492,0.5879233708405067,0.5126007637734326,0.2199223562978548,0.6885068075871617,0.34035305651782066,0.4251670765349566,0.4176685040848206,0.28635484505530556,0.4970263910897258,0.341880828213817,0.5393489028715461,0.4960232761901403,0.42686328441202803,0.6133047318123411,0.5973697770135934,0.3644928753856825,0.41339212976152073,0.5188764365712885,0.47174390680819395,0.5758464345599003,0.3719883305473378,0.495840299933998,0.5451899795800672,0.23822318372476634,0.6165109257406146,0.5502571763867374,0.48178696759136125,0.555616216855712,0.3776214822903858,0.7641112661269256,0.40484582960516896,0.4981820387700527,0.4070169225136149,0.5727699643094081,0.4780230590456408,0.37802765823947476,0.33625278970158584,0.6380071021617156,0.46600899446043353,0.800231853845158,0.5345287796259526,0.48692891402943406,0.7064516154757575,0.5680150821725606,0.5323581762210504,0.6280741577171742,0.4711561581495438,0.7694062601485291,0.5689863034066912,0.5788994628522418,0.6826692668834249,0.4650125821088411,0.36092033611482216,0.584197928699601,0.535388681297374,0.6602399550724343,0.5102665173852275,0.47966509024581155,0.0,0.25397689981823085,0.49582944717845917,0.6459070340691894,0.4605119329611154,0.5459458676383973,0.7984935181702034,0.7319916436983006,0.4018469340595675,0.6855319257663476,0.0,0.457852250257093,0.6644615770496044,0.5864587303137065,0.47343035379082804,0.5878515414733049,0.804815443944661,0.5702965736311777,0.4950252804558511,0.8049236695308014,0.22900520462291582,0.435338738851426,0.7983162227183909,0.7302158826883437,0.5849393447675244,0.40474704163157876,0.40611237771337494,0.6241388199290201,0.6571530412849117,0.5297981298280835,0.6428143731695767,0.5433135316691514,0.5203964871251997,0.6455297834436957,0.6151310904850017,0.6001261855989392,0.42415132971544356,0.5295791030913638,0.6711390562490929,0.5834597112118202,0.1267124431622696,0.4336724540094969,0.28034048482920104,0.7904952713350344,0.5963015735425472,0.45192651188353794,0.4406458097869029,0.5181045207752893,0.5176268111364621,0.5930915068143947,0.668548863335965,0.716822079266722,0.35370849513212826,0.5086196696080837,0.4488086376537326,0.5156047232455704,0.4404005335109296,0.6360643211098895,0.593457084855228,0.1407685347168201,0.48982965980864446,0.5372611241419492,0.49827220658813565,0.6778414367611678,0.802754316207773,0.4913222445364336,0.805077692185223,0.5666619630317459,0.8047402956084744
OWID_EUR,0.3740255174906158,0.453747811880899,0.2239709473727313,0.5450070258543436,0.15213407450641153,0.30353883198877274,0.21717549532908081,0.26161397711921175,0.05765732703462121,0.5579567296961446,0.19352522118516016,0.40062732171043935,0.3765967659396878,0.39262303315402,0.16643775602094205,0.35781654968153365,0.06521942071109237,0.24839116415129814,0.34648947480252634,0.20571356802839205,0.4688350588830945,0.3328706630957041,0.47549765357783913,0.3955795514229437,0.2716619118095348,0.5865217911563666,0.6840681022650886,0.2687032358848624,0.3933767420022274,0.5274611913829677,0.2780119259037689,0.46161497167627585,0.21656958620301597,0.4187802889875703,0.5834934234715093,0.3450647986497469,0.10396934440344538,0.4179246960333997,0.17386976571867144,0.20901773069058924,0.5283894547169491,0.39293873653228095,0.20497003885393264,0.3900817955020961,0.44514435268434416,0.2488951625679778,0.7886008385268785,0.6946793145200882,0.18362648046177177,0.5888650530468839,0.3013677814029779,0.5311753398314437,0.4761900931912093,0.3751019166103946,0.12000077572077457,0.22133229837750787,0.4600958843734512,0.3781228811555086,0.37919402117078876,0.5865873303863135,0.4928365352977754,0.21327156319429505,0.5229606577135218,0.4349986390450862,0.44470777687203855,0.3609283970707221,0.06226230398466685,0.6173881955863781,0.17610448574915097,0.29246797965680543,0.20348920581949453,0.18050333912511005,0.3145162039032753,0.3154189069570009,0.3703100163334327,0.3365104445541758,0.23223287331819772,0.4812390950186792,0.5029041654482348,0.2086437266836751,0.23259095641870775,0.4234499383022188,0.29986874716681383,0.4372030921342551,0.16674525055233508,0.35209827285911105,0.4440613845428454,0.21134664284437707,0.5273768217229127,0.5509006135784057,0.2942968912491395,0.40735751956971394,0.20446906333153844,0.7202939451642503,0.23174949508100845,0.3648704683483351,0.2359834371956202,0.4522856528842985,0.33517205433564234,0.22281521419071673,0.10704485286661389,0.5192303532279604,0.30755256848709045,0.7965510976761806,0.43059010036206863,0.30589394356853933,0.635222071258034,0.4427704524408743,0.38413447055397254,0.5325879929701769,0.3411683813014183,0.741548861491004,0.45692873928237837,0.4438082723700921,0.5989708692538698,0.30108213601451667,0.2901832326003294,0.47260056038783343,0.371152842579376,0.5653497425492054,0.3844788508710479,0.29792026978107966,0.25397689981823085,0.0,0.40146963720751844,0.5385463143241545,0.2833184005119511,0.39182117860541466,0.8249183755611137,0.665122628124371,0.22549515388959446,0.5968369143938193,0.25397689981823085,0.27495572562137266,0.5592566870488505,0.44331572097100985,0.292046671907689,0.48421497724141116,0.7909848533211918,0.4315057147586872,0.3133813543861677,0.7857524984907281,0.1635209783593727,0.3051128845464911,0.7750926183167716,0.689556718894035,0.48462862790804956,0.22663676453420292,0.22761784892565423,0.5119605376372685,0.6379324503309187,0.39463617213608115,0.527058609572539,0.40193315058513546,0.504419163775075,0.5793214898506419,0.5053074670165413,0.6203806882214177,0.23831746412564125,0.5161292593403426,0.5853625520745293,0.44128355444062745,0.16552774747433618,0.23857570344360884,0.30263834333133977,0.7628176442331952,0.4970091604666265,0.3794024100325128,0.30865396178609794,0.40254816561752965,0.3504120491480788,0.4808143158763142,0.5793155730187608,0.6763055758734946,0.21583312908705535,0.36140072655872535,0.2926705745521736,0.35032755017304557,0.24634364254685642,0.5266557364492329,0.4856350134601479,0.15841612246482206,0.31745242282602854,0.396413099672019,0.3408704979938945,0.6353980035733218,0.7839482661652852,0.49652065038370846,0.793140374194756,0.4390129462389542,0.7871353628391299
OWID_GDR,0.33183215125045795,0.2351556336456108,0.26508632793395326,0.2562835282036747,0.40304004104120794,0.17306114482357157,0.5050600599198506,0.5189429603932979,0.3919977135011264,0.510062550426494,0.4506510103050863,0.3056029614611696,0.44438413392082754,0.526848656742054,0.5029381929494399,0.25732452342020157,0.3716933692165485,0.40993841577239765,0.33107619583650966,0.40431870093699174,0.536879791231667,0.18478914831821155,0.4578856438403188,0.3623169463776401,0.5944612185240248,0.5905386665386213,0.6140946077077252,0.46451874020742295,0.336187033754431,0.35629277329654985,0.22753990472538543,0.2776472192688564,0.37852775901629565,0.3620226610058377,0.5461730703027604,0.3414577392627682,0.4188495924940679,0.35999738893450944,0.394160969923006,0.48477689289618564,0.32464755807413614,0.6432095453574942,0.39238162559522854,0.218561149258905,0.3371915189059686,0.34035025683480996,0.8068937474075176,0.6880070728517779,0.3377116614038889,0.4168529789407906,0.6235749185801223,0.5135517577079917,0.5629594810624153,0.22432054424620107,0.47121253183817763,0.34180065871063314,0.43868257396161087,0.37766096861511494,0.26776818179280865,0.5705449073321193,0.4411184224541445,0.48774595975413526,0.4330251515242304,0.4380448145006359,0.5314669800767391,0.3911404058943013,0.4370772731219071,0.5817757372781546,0.43462353452620994,0.20516282450368445,0.436657181373702,0.47958801641729604,0.41448145581633294,0.31046407769970963,0.47274205382751244,0.5577895146233409,0.4831475649008076,0.5327757831575176,0.38793096818060835,0.5394106512641519,0.4187130981351051,0.23338911247133937,0.3289046524941949,0.4071217207583039,0.30661795894530375,0.26646840696070073,0.27473076477369346,0.3820546544764462,0.41504318571890764,0.3798701876197705,0.40408591392570076,0.3818379258438867,0.36198216627489616,0.7601897469030124,0.3597317107189848,0.29484506598713295,0.3521668075186522,0.38673212874898905,0.23762198626127765,0.24625780235204264,0.36354689505428384,0.5606221391536418,0.25625059286419644,0.7473053366113318,0.2559977610955607,0.4148372967443447,0.6099852135619902,0.34297520364973644,0.3463012288210571,0.4647014901297501,0.20969340643039872,0.7095260270047071,0.36374131832812223,0.4181329841637388,0.5968219405036443,0.5468479228578202,0.6068126280930302,0.36457632345609275,0.4787031236570557,0.553882355261441,0.2511312700896033,0.40701563542798397,0.49582944717845917,0.40146963720751844,0.0,0.5441211014165507,0.4304812017445837,0.4122444043977157,0.832554611157646,0.7114592369289838,0.37685113794600633,0.619775164126305,0.49582944717845917,0.4172696975816365,0.5998241400639273,0.4841944778967402,0.4427325809387307,0.38686843420471284,0.777464489749487,0.39162220226952343,0.4583695979356522,0.7885794767610174,0.500476230124682,0.570747382713388,0.7790293503583459,0.6308289429892004,0.3717338346786036,0.2624362362468887,0.4673221958604171,0.47037830664710967,0.3988956497710489,0.3181844104284893,0.5646724401278075,0.3623569224031604,0.3100781070959396,0.4578975427832622,0.471851729227136,0.45612053676715336,0.2878413302358005,0.3000061328343468,0.5628436697894954,0.44356623439085685,0.4046138483286361,0.3119063727311938,0.6261943199833582,0.7662856698653115,0.4020511923932172,0.6643804471497158,0.21353872374048988,0.258753038114849,0.48219253848674987,0.6617073075858219,0.686588618213349,0.5959424545732702,0.5123927728151069,0.298358436093947,0.5372930582480314,0.41345042027371975,0.3421212424958165,0.5117361265864161,0.42442237783006526,0.41792394261480603,0.506368234181869,0.5746796850683817,0.5688005580754464,0.502401519960275,0.7815043945036385,0.7457771356372243,0.7746243134575912,0.38712732883588585,0.7849334208276596
OWID_GFR,0.4486967497868065,0.4535384629886076,0.5411623944056492,0.6596269774266188,0.5080203217105911,0.540595939109779,0.4552279703775761,0.47208879742147863,0.5070746706317517,0.3893077147243465,0.45855134502896094,0.32343067335807824,0.38319410945486887,0.30181117617337366,0.6252186500035993,0.5747233428634962,0.5277229149005273,0.4345716445840412,0.40221385717413555,0.4582922210538345,0.4358282622430287,0.48850245442891627,0.17288545611814143,0.30690486673678147,0.5708741280348779,0.1396057583352773,0.6760595846174621,0.47229010402685445,0.3126102091549459,0.473092074376277,0.5206657896686481,0.5504555352177015,0.44802557527001147,0.25610552185723684,0.2796312814380813,0.3815603137664389,0.5798090266879161,0.27467587581403596,0.5283001295060706,0.4739973783981635,0.5191233032324779,0.708635228427958,0.44748558863329385,0.41581998486727395,0.36902880053264664,0.5993872093794165,0.828850371934052,0.4654789765829635,0.5268126227466778,0.616619681385489,0.6610835036218773,0.10180625635559969,0.5232503206699323,0.4082057818860748,0.5100441810548365,0.479885801307492,0.3640455378635771,0.3450183819981131,0.36493690881150714,0.19375635775365743,0.20888714074101591,0.4380606874978797,0.4637312911979314,0.26992583121161196,0.27654886750869523,0.37201772673022215,0.5495693952809994,0.4655238493415099,0.4757730717797158,0.478614526739472,0.4429485884536947,0.5321340304118363,0.47899888652027095,0.6052768106173388,0.3733564095544377,0.611579138760609,0.42459617378544084,0.21021443116066174,0.3656798823428235,0.5489142433116543,0.4418128875581706,0.4134798402118364,0.4749358598004269,0.3859978954006437,0.46439216120595894,0.38381154819336255,0.45091457020658193,0.6054963691313462,0.49016677354258353,0.6776815660996885,0.485891818191708,0.4043507060739219,0.4883727124548665,0.7916862348670148,0.4660033368025908,0.4707813643930525,0.4647792529125026,0.23002528018898324,0.4157356750597158,0.4762192467037851,0.5169320870771932,0.31370527363759787,0.42903945464785126,0.8243431897207734,0.4250655673495733,0.4394479144267336,0.4074571792365594,0.43212453578126475,0.285867758295668,0.44028126286168723,0.4388021456309416,0.7140340182954303,0.4033851103147512,0.38086195738562173,0.3161615656710454,0.42929592825880536,0.5753448021374263,0.44849358656636656,0.3390931344506914,0.12497973138350779,0.3673713374407055,0.44695581248526367,0.6459070340691894,0.5385463143241545,0.5441211014165507,0.0,0.39779156781369784,0.24451552956303035,0.8325546111576203,0.6489727390776557,0.46376708893534824,0.2469777681006966,0.6459070340691894,0.4419123448993492,0.32559191250952807,0.20074759506302656,0.41707694730171063,0.46617434478475,0.7724533308119663,0.3976170103498449,0.4233749319422894,0.6789301320354179,0.6237773622429547,0.6495397875231719,0.6466345648306276,0.6631203316871489,0.3168547285296775,0.457729863445657,0.4535053201414314,0.3491891826446639,0.7283114748967116,0.3191414994623901,0.2914179039107365,0.29657276730468185,0.64667128702603,0.5706063603191938,0.3761008017830681,0.7355061569396042,0.4619341319954993,0.6465174451540512,0.21926970885152278,0.35520536257796087,0.5961030708113525,0.4247863284073876,0.6687680122988613,0.6135631573077563,0.2764179634572736,0.7172512495599247,0.47679296131609283,0.3690774170908274,0.3330269849170066,0.7168289472476148,0.7651807056639542,0.6779858419399257,0.5076679125832495,0.3606891152064192,0.6198253630412575,0.3972382100307722,0.4819558085158482,0.32742510017556375,0.41048084765621123,0.5877273387780448,0.35650419760524604,0.6418268929233037,0.4710881300501392,0.670946376597102,0.6994408855985891,0.8189921284999816,0.791274318851408,0.23845563704179545,0.7077832488836663
OWID_NAM,0.24376534591964566,0.43040323219864735,0.3091309953005177,0.5972020847506448,0.22698554994153988,0.36482462875663,0.1997403466941395,0.21087069212982693,0.24657863289381407,0.3673781350428068,0.2119631036040881,0.3237487762478896,0.18860935313568375,0.28262394525584544,0.38824892255159965,0.43854859058885104,0.26964193987469154,0.07655273587611258,0.19279414417126867,0.13591656812534875,0.4128937007616003,0.3567707161979263,0.3511196922631722,0.30712278676433924,0.378393565690994,0.4682138472002683,0.5671441289525291,0.26089972152754143,0.30954054282250276,0.4455130278632605,0.34864821156595127,0.5034425853668172,0.1386641848076401,0.2824188234257659,0.4347296855393636,0.2898241491075401,0.325413301807026,0.319241295734384,0.24270756684989206,0.17767282921533034,0.4742694331618512,0.49267585461761765,0.13453449454302002,0.3632621518247781,0.3014819374104892,0.412412440594397,0.795255638317712,0.604037047829365,0.25438462368939935,0.5193778501230901,0.4534352278892579,0.3938535008693714,0.44798852788674837,0.34574022595590015,0.2537013734127669,0.19103795838649956,0.2569706256897321,0.30180846444534765,0.3243941841013002,0.44892991516089853,0.3306673884082644,0.17081720496239347,0.356913315339572,0.3317693980475968,0.31752043390728013,0.14074022304042355,0.30036324891912114,0.45112992564453774,0.17173538334642738,0.32130466887845005,0.19997943630076356,0.26179039399362114,0.30777368978058967,0.4523440990521114,0.19930860813148166,0.39110053565912084,0.2048382696704179,0.36475274841231176,0.36561962610995474,0.31334896413564944,0.09186044871293403,0.3887511035871795,0.23125940835677836,0.2537681972451215,0.22525376526675683,0.30779929345315515,0.35160158890796145,0.4042027708596637,0.39697442469882516,0.6260956643523244,0.29956646848765306,0.23571820332870155,0.189195169325859,0.7273287303354485,0.1604064877979933,0.2708362382549618,0.16601026463460244,0.3371598969730168,0.31302618820765166,0.2546592022131631,0.25762964154947054,0.43459241797528847,0.2953234907645596,0.8109078685411807,0.3468521838606118,0.15289004225387376,0.47810598941737714,0.32333079199852405,0.26619232315831415,0.3516537157258815,0.33463290408536056,0.6511361733676544,0.29602109513154146,0.24110586410826212,0.4568736496353304,0.27963654436756163,0.39143191359279494,0.34462803059778646,0.18002082734468255,0.4297580640331012,0.3113294921445219,0.15748935721123491,0.4605119329611154,0.2833184005119511,0.4304812017445837,0.39779156781369784,0.0,0.22006163999536157,0.8325546111576243,0.65231245901511,0.14535468320833503,0.49582755419577623,0.4605119329611154,0.11602944875572467,0.48337781990465367,0.3024631566638246,0.09846443661937743,0.3351575082924066,0.7457803689383365,0.2597953498376852,0.15417868004145888,0.7606576204440108,0.3859700643674318,0.4128138629230477,0.7460772090698833,0.5678162529254337,0.3597225274970421,0.25397885870968423,0.12391099735217741,0.31826963375272066,0.6732760794765736,0.31506299750076244,0.4387955573895792,0.3100866627876176,0.5778449360365597,0.4700785692628334,0.2957048084167636,0.7029436893736335,0.26185902433359126,0.5817199888990363,0.44320580907091,0.23663413538151665,0.38342277776046757,0.22088779789082033,0.45778783108026744,0.7260407684978947,0.3730731845607933,0.4995735029096513,0.28826334142299664,0.3486520872193414,0.16131773249807976,0.5320969284045428,0.609669803934206,0.5742610503887228,0.23431920528535313,0.30167262290743757,0.3842157110848466,0.13495653759387372,0.27615875714946775,0.3279256410994379,0.2932343970633637,0.36576098382114547,0.1963565369978718,0.4453446780553926,0.34525991649125,0.5524593158121858,0.7486981653623809,0.6161216223084962,0.7491493653498039,0.3280441981118305,0.7542845391399605
OWID_OCE,0.2722401799377533,0.37229200393411405,0.3869673739116055,0.582625980832849,0.35333887897602967,0.38947919525435654,0.3292838607860651,0.3499843565201137,0.3544066905381348,0.3447618389389351,0.2997967247141607,0.1990057684427696,0.21369882341300597,0.2315523095823192,0.5100168621165896,0.4466306135355782,0.37203461690899997,0.2571575088472652,0.21544464795452953,0.28765446773424225,0.33890100145510027,0.3418616854791855,0.18324937426130802,0.16262950906616067,0.4851195010387361,0.33850636050733435,0.6043679967491609,0.3123504218131317,0.17111058601608947,0.40842003244222336,0.3706796270513038,0.4621529877623964,0.2696622653804332,0.12383012934258285,0.3429253782457559,0.19904128669993637,0.4427082594304011,0.1675422255448022,0.3758494427484302,0.33523729438285893,0.44708830817794526,0.6159705946972532,0.27231443307434416,0.2882966684858272,0.24144716115215287,0.4786152784735672,0.8034581673448432,0.5378648528451098,0.3694717173557233,0.5274568673918075,0.569821490576846,0.24633797251614425,0.4134406657410445,0.26759517598148364,0.3717151683598071,0.3060750910375382,0.22493049164431592,0.18085582962250218,0.22118582696832223,0.333807440387968,0.19834706551069353,0.3019643101860767,0.3608039626257032,0.17646764957078195,0.22676405391691273,0.1842642127053749,0.4122938082930012,0.4382255512283868,0.3193084347469536,0.3183853787090895,0.27718272486539963,0.3990658733585072,0.3079282935130367,0.4915140639662068,0.22172197746763292,0.4817550716593435,0.2838010106801459,0.21869426260935731,0.30180714274969894,0.4264709816435724,0.26952501845666293,0.3143862428584608,0.29291949731488065,0.22744425083619932,0.2861535975428694,0.21627118175287424,0.32228548636392723,0.4858998119184106,0.39328482616123706,0.6100886823803724,0.31268472627197547,0.22819048914600118,0.3188405225193368,0.7291245334753833,0.28873030115926296,0.30335931986337245,0.28660086875860336,0.1860465109295164,0.24583209310693194,0.3064251702020247,0.3545068762118584,0.31458764995207894,0.24686104574829482,0.8076867629790742,0.2995493505577593,0.25908994200050384,0.4320419623039799,0.28781791433451537,0.10782114420960215,0.3507253089837458,0.2796393377685436,0.6734878540124472,0.26936179983503206,0.22686436205778113,0.3681288742147137,0.3382009506164987,0.49246030373233396,0.32185833065076586,0.19304291763495376,0.2977006537472237,0.22249794565740832,0.2661731476822696,0.5459458676383973,0.39182117860541466,0.4122444043977157,0.24451552956303035,0.22006163999536157,0.0,0.8325414188556745,0.6129366162736194,0.2878917947820463,0.37307812816831626,0.5459458676383973,0.26480923682978674,0.3699188262112874,0.13400547852050282,0.24556933665604716,0.3394148873024263,0.7542920389526501,0.23588799398298235,0.25960896138071493,0.7272809725387037,0.5078780510919171,0.5354302323797908,0.7061066852420228,0.599167204471165,0.2680091024136714,0.2777626693341283,0.3029616860532932,0.2732927555368802,0.6655354200112782,0.1837161795201624,0.3141798944690627,0.16149749484704787,0.5638201092903379,0.4860096147011938,0.27708794530792646,0.6875254657302063,0.27697529576851565,0.5672533321213715,0.33445468374726534,0.2027758078707772,0.47345549504528633,0.2297539644770207,0.5766839202131562,0.6796655005844717,0.26586040224378804,0.6107302804049256,0.3117244364041753,0.25192009330889936,0.19152962209358873,0.5987422979352945,0.6466304814814484,0.6135838718097705,0.3833356612776522,0.19282349180081498,0.49283467145391596,0.21146469811088137,0.30092776154059137,0.27130642247657577,0.2891982969510097,0.462468813684217,0.24152132974847518,0.5195623310438036,0.38232837748539117,0.5807798977933946,0.7227962750518716,0.7447300644964802,0.768013590376809,0.168535861907866,0.7298916463074567
OWID_PMA,0.8325546111576402,0.8325546111576387,0.8325546111576306,0.8325507404382642,0.820660809950393,0.8325546111576393,0.8265541113508926,0.8325546111576276,0.8235656598860064,0.8325546111576574,0.8305741201931218,0.8325546111576395,0.8325546111576441,0.8325546111576223,0.8271097700190312,0.8325546111576417,0.8292194623849277,0.8325546111576231,0.8320212995881776,0.8325543875329993,0.832554611157644,0.8324816319041559,0.8325546111576476,0.8325546111576402,0.8100113257309717,0.8325546111576548,0.8325546111576644,0.8323697227962318,0.8325546111576396,0.8325546111576522,0.8324116253541785,0.8325546111576534,0.8276372410725821,0.8325546018268591,0.8325546111576562,0.8325546111576346,0.8314958516197228,0.8325546111576425,0.832554611157622,0.8325546111572383,0.8325546111576514,0.8325546111575172,0.8270824573706276,0.8325546111576327,0.8325518423700672,0.8325546111542671,0.8325546111576819,0.8325546111576615,0.8325546111576231,0.8325546111576582,0.8075315947696449,0.832554611157652,0.8325546111576427,0.832554611157632,0.8225594228466019,0.8325546111576198,0.8325546111576507,0.8325546111576385,0.8325546111576358,0.8325546111576557,0.8325546111538232,0.824858617977893,0.8325546111576336,0.832554611157644,0.8325546111576402,0.8325546111576198,0.8200479562800121,0.8325546111576573,0.8225923821577229,0.8324563831368772,0.831094827554862,0.8197900676963176,0.8325546111576304,0.8267106442654016,0.8325546111576417,0.8325436842387358,0.829811721953971,0.8325545075098304,0.8325546111459076,0.8258362509701119,0.8325546111576213,0.8325546111576371,0.8325546111576393,0.8325546111576502,0.8312526271193231,0.8325546111576329,0.8325438880893087,0.8325546102217943,0.8325546111576528,0.8325546111576444,0.8325546111576281,0.832554611157648,0.832554611157621,0.8325546111576648,0.832554611157621,0.832554611157631,0.8325546111576198,0.832554611157646,0.8325546111576286,0.8299329046436156,0.8311658187528653,0.8325546111576488,0.8325546111576262,0.8325546111576803,0.8325510107223661,0.8325546111576385,0.8325546111576697,0.8325546111576513,0.8325545814865871,0.8325546111576523,0.8325546111576256,0.8325546111576672,0.8325410533198573,0.8325546111576483,0.8325546111576517,0.8325546111571532,0.8171162463803492,0.8325546111576517,0.8325546111576372,0.8325546111576542,0.8325544781877722,0.8325546111576378,0.7984935181702034,0.8249183755611137,0.832554611157646,0.8325546111576203,0.8325546111576243,0.8325414188556745,0.0,0.8325546111576537,0.832554611157621,0.8325546111576545,0.7984935181702034,0.8325546111576327,0.8325546111576512,0.8325542567519663,0.832554611157633,0.8325546111576445,0.8325546111576818,0.8325546111576498,0.8325546111576378,0.8325546111576817,0.827348205865035,0.8325546111317691,0.832554611157679,0.8325546111576642,0.8325546111576247,0.8322663993914098,0.8325546111576231,0.8325546111576552,0.8325546111576513,0.8325546111576394,0.8325546111576494,0.832554611157641,0.832554611157642,0.8325546111576505,0.8325546111576472,0.8325546111576421,0.8325516075843465,0.8324971257603477,0.8325546111576559,0.8325546111576495,0.8107320174712921,0.8324517984001844,0.8094295619653514,0.8325546111576764,0.8325546111576501,0.8249183084777582,0.8314719656606296,0.8325546111576375,0.8325546111576303,0.8325546111576412,0.8325546111576573,0.8325546111576653,0.8325546111575596,0.8325546111576354,0.8325546111576047,0.8325546111576385,0.8325546111576211,0.8325546111576534,0.8325546111576319,0.8102049887082557,0.8325546111576222,0.8325546111576302,0.8307384810989475,0.832554611157662,0.832554611157681,0.8325546111576222,0.8325546111576817,0.8325546111576446,0.8325546111576817
OWID_RVN,0.6852440423909798,0.7171409996325538,0.6945542241555818,0.7913096256985801,0.6807916079934136,0.6974101005299211,0.6420379907363282,0.6443998258050442,0.6619354165949206,0.7087398374632121,0.595539186742727,0.6129550980494397,0.6328260582272177,0.579866383797034,0.7048952805230746,0.7100888115587872,0.6586822962338887,0.6619498527318256,0.6819854176329142,0.6671323604785278,0.4325988592018546,0.6868577021462828,0.5755221592328953,0.5606767598661716,0.6618479459738597,0.704579200400077,0.8312014044769784,0.566851383666963,0.5815819695344029,0.7954013340050252,0.6846766929583435,0.6983664248085701,0.6688340041312398,0.6350321731853565,0.7834978214935924,0.5643607255408263,0.6842388083850294,0.5873438820888033,0.6854699903650578,0.6573092883215859,0.799860378829229,0.7249622381325741,0.6659427812036715,0.6588069743660908,0.7089906181827008,0.7206774896312651,0.8322220343900298,0.8170254418629269,0.6890222803647609,0.825645093974626,0.6902133363351952,0.6735675305762803,0.46813708089379086,0.6454707775527764,0.642738353527168,0.680294396910268,0.6539821933025693,0.5412687345703001,0.620712569546066,0.7575191072829576,0.6923425223871786,0.6406102610336274,0.7480503530830771,0.5150565768318542,0.6048166540737604,0.6716971069514996,0.6704753417001525,0.7727180634909508,0.6670226702409195,0.6711189869771793,0.5930154092954637,0.681624570740848,0.5742851925125567,0.731372808409724,0.6265688352331288,0.6233783014762557,0.5902198172161911,0.5383802304582296,0.7466979700365959,0.613957614689158,0.6613196640577219,0.6819415099508638,0.6705061040491734,0.649339437879178,0.6426218539969095,0.6091606132594999,0.728378441849287,0.7182903705614055,0.7335948815029828,0.7798613482502494,0.5870547244868511,0.6521324423154548,0.6788800848671573,0.6567041828554704,0.6756500369641527,0.7004573303620181,0.6767916301575905,0.6245989900752942,0.6251092953090206,0.6828963254338863,0.6493721231039228,0.40912079053832634,0.6174963822085294,0.832551283987328,0.7173396000471959,0.6532291264897736,0.7951104477228156,0.6675778505450161,0.6038955038581267,0.7251268267549303,0.6455002846281321,0.8318070314247843,0.7178461890099852,0.664764729984139,0.7313398869471149,0.5890998355356959,0.6364607954670229,0.6935694758573335,0.6314319664112376,0.7180286175726497,0.6608766143894244,0.656346983214188,0.7319916436983006,0.665122628124371,0.7114592369289838,0.6489727390776557,0.65231245901511,0.6129366162736194,0.8325546111576537,0.0,0.6725332612056151,0.6770836068126539,0.7319916436983006,0.65893340142412,0.4119132632209917,0.5606792129272041,0.6497127131130565,0.7248531758819847,0.832232374340483,0.6531194756583681,0.6413760610989899,0.8233478411180702,0.7041539212622064,0.6895446405566404,0.8194418811629869,0.8309635896358609,0.7239831723353749,0.6452786784292655,0.6540925466415058,0.6483605490267239,0.8185765872340426,0.5973159124816478,0.4263175453270591,0.5659593379777139,0.7647876473831635,0.7804384103476031,0.7052038165127741,0.8082434250965854,0.6278939278591964,0.7750785886469163,0.7669781638405231,0.6395367177172367,0.7130003810047192,0.6141617295711538,0.6939852484135395,0.818999262121186,0.726078299923794,0.6134177071272701,0.6988448292885835,0.6460698980688334,0.6279061742693905,0.5082025924420929,0.5205272935743718,0.8241972347044046,0.664766869473839,0.5914226832284227,0.6663134279618956,0.6575538214368061,0.6149425033796163,0.6762812167685207,0.7212823400597976,0.7084932553207162,0.6084185801809943,0.6469708735283591,0.536884312578012,0.8303657552332679,0.8293685148292453,0.8123055224485928,0.8324237583702376,0.5937493448858742,0.8295126449007584
OWID_SAM,0.20799281358123342,0.39954646991311676,0.23264177796803345,0.5356213361821301,0.1425586758405906,0.30805472518886795,0.2307287974515339,0.2592565887308355,0.18763842507055511,0.42286617519419095,0.2261172313862313,0.3294955962564536,0.2812237366970019,0.3624152419656446,0.33028799340204257,0.39779878099664195,0.21514678335244183,0.08093355429843284,0.17947147633644098,0.07434940700538725,0.45595194672084144,0.31585931207592927,0.39594409209317616,0.3318049211023777,0.3747052244495618,0.5240220106112204,0.5791272696112176,0.2894055416790248,0.3264175713905631,0.4256824953743816,0.302221637588041,0.4698171165339062,0.07254568303827513,0.31356132877769355,0.48478227796556944,0.3080856847943832,0.265348929215717,0.3411346380422425,0.13388264337847441,0.18315367476908959,0.441468826344302,0.4778804899374559,0.08387257386367475,0.3424756584596659,0.30363979274730646,0.3435851084690481,0.7971638766291308,0.646062282835269,0.1450100052339515,0.48346982902238667,0.42752826403420024,0.44599717537868655,0.48396552419065664,0.32863467117584816,0.22814638124697365,0.06442016750229371,0.3198207155259647,0.3302309815692557,0.3205160827080062,0.5048133301391129,0.37607439787340063,0.20920618939592783,0.3621728165826345,0.37364157790596286,0.40154430644782135,0.19095695932379958,0.2453031454209847,0.5130941082582642,0.13111933330470207,0.2823685156928914,0.21872530981052243,0.21329830001546643,0.3268190378963082,0.3928369382547015,0.29925112266420734,0.40183800185977564,0.24537990274617652,0.4343814103901625,0.37330991975112227,0.3111802487453735,0.0758025403680143,0.36590947931343243,0.17970034658778028,0.2902332509990219,0.18516205108542422,0.30527218020764585,0.3164674936602019,0.33244973480316053,0.37028003831123096,0.5855975284664182,0.31316448037490774,0.26007376732595255,0.05239940220948393,0.7354742500703507,0.028409393448418894,0.20668316209368376,0.046271994930477844,0.36243089761758235,0.3009559035217619,0.1827971477240726,0.2127406032895985,0.48491281216166177,0.2856538533464101,0.77774855328005,0.31900524601464353,0.18908821124541136,0.5434956984214288,0.29549291190708055,0.29565833154636045,0.3797934810147582,0.31321805858411944,0.678959786651364,0.2969968784128422,0.2952940197494292,0.5259389065487955,0.3260365356143809,0.38990783064270634,0.31588811926316196,0.29133623178651585,0.48557379792094446,0.30147188815215376,0.17721735135875086,0.4018469340595675,0.22549515388959446,0.37685113794600633,0.46376708893534824,0.14535468320833503,0.2878917947820463,0.832554611157621,0.6725332612056151,0.0,0.5534838717461781,0.4018469340595675,0.14510554419563587,0.5312082254561453,0.37547860634911845,0.1838364896410685,0.3173567224911108,0.7619688006174662,0.28088795012293716,0.23525311664846388,0.7741147934855045,0.32785747790583425,0.39756064525106205,0.7618143185819556,0.591335265039782,0.36936585027597285,0.22103143555528992,0.1564808387130803,0.37083521270021785,0.6019210561006386,0.32590521976338155,0.4899196659915641,0.33440339584842177,0.5338763016573959,0.4335068782117637,0.36699838752078356,0.6632979941323798,0.24408222119047743,0.532452625294014,0.49792825835863397,0.31604041733410576,0.309640116936521,0.2155333527533629,0.43072975088289417,0.745453751796382,0.39061343326867953,0.4893056800761977,0.21988672949459667,0.3383542189193739,0.2747942130937317,0.5431446868760654,0.6214603761084736,0.563170589471303,0.22749537677921722,0.3087572365156197,0.3763905325668731,0.20666522692536862,0.2705310646195348,0.4119508255135389,0.32263413117617423,0.290902650607497,0.2818068157005192,0.4553846481791519,0.3839108886139063,0.5210207653047892,0.7654349387024274,0.5849123964887146,0.7602014456251279,0.35603177939564257,0.769913773431619
OWID_SML,0.5513122229322227,0.5559386229221323,0.6112407196570088,0.7267017724716116,0.5833451468044657,0.6121682698754886,0.516199203102424,0.5279164084101962,0.5739044460636032,0.5186233061437031,0.5217031100609361,0.4486569396429502,0.4794684420702797,0.33579775141714835,0.6633084100216298,0.6366610679504852,0.5890242249304339,0.5281604818335057,0.5145352683487795,0.5458149520393649,0.49465637710277965,0.5727474193506219,0.35463231044484617,0.42889002150596117,0.5926360646370096,0.28297480209305387,0.7915196915354091,0.5287864877708643,0.4361568117796695,0.5699656184310453,0.5937259419685075,0.6240296642928453,0.5404015331084984,0.3974962282137163,0.350011130261135,0.4754716371851614,0.6297050011591728,0.4145288297533918,0.5989497381143118,0.5439691894371587,0.6129485410420922,0.7185619080578576,0.5378997054039069,0.5178697848288908,0.4911512354463815,0.6548805688224066,0.823090102773007,0.35250510992781925,0.6001197051607857,0.7149601651573757,0.6775459511208912,0.3094710579503962,0.5570789401410928,0.5099271623942953,0.5662842844562683,0.5675837676870559,0.4833300259276858,0.4484310391895164,0.47649188884947724,0.2880810596773678,0.3603506086553124,0.506636952449591,0.580145381544686,0.40010565020625105,0.2923001666998954,0.48838767529515514,0.6042225096335135,0.56474730871895,0.5548795841697473,0.5619084427240633,0.5109245738622095,0.5957498124537475,0.5393789248256379,0.6627892236541202,0.4586433375560469,0.6341778070610341,0.4865261209174956,0.3095441984353359,0.4850305204319211,0.5848755793007676,0.531892323232661,0.5210756132042017,0.5627395764810987,0.4992599098311666,0.5431304184023865,0.4862287668320472,0.5608199772770244,0.657347452487101,0.5980171003895867,0.7275529839793461,0.5463304588106705,0.5115732874957779,0.572122643242276,0.7829111176993641,0.5566441217913365,0.5706883278668048,0.5564004952632667,0.3923335610945879,0.5103622084678615,0.5637787739080263,0.5798515954810004,0.41675962123818516,0.5171956595676984,0.8325544067473416,0.535889703784124,0.530552138872966,0.48466126754485184,0.5389615834074245,0.41425612201650747,0.5574776926414866,0.5301579738822468,0.8092238140514056,0.5239178893211396,0.4969425667029595,0.3324971250105432,0.45331949631956553,0.5854763306600869,0.5569927907451956,0.42760058127121614,0.2870385934592923,0.48181569051309786,0.5372151993379908,0.6855319257663476,0.5968369143938193,0.619775164126305,0.2469777681006966,0.49582755419577623,0.37307812816831626,0.8325546111576545,0.6770836068126539,0.5534838717461781,0.0,0.6855319257663476,0.5330864056352137,0.425137422498704,0.3255989108775217,0.5088443587244088,0.5760410467426439,0.8233701978418252,0.5085332924678154,0.5083839904285775,0.6460115786666429,0.662215389088843,0.6730613204472934,0.6191310475823301,0.7771854018645452,0.4470322657713514,0.5405957237047914,0.5312500416231948,0.4855201560026822,0.7860043471191914,0.4430869025904638,0.40362547990836706,0.4237157448601446,0.702327199071283,0.6694613778351837,0.4967244600946866,0.7765857937001721,0.5399725384513019,0.7075933980759257,0.3034532208975855,0.4689348239004087,0.6495686246041651,0.5103499910021592,0.684123615063321,0.5608760119006022,0.4162190586449385,0.7151149164695969,0.571286222034711,0.48420917172654077,0.4164975141831046,0.7180263865463515,0.7543939882244854,0.7646914683482197,0.5672366421907343,0.46782505393715523,0.6487926578589546,0.5028957108803671,0.5501182983609113,0.4501630439997776,0.5319779217840217,0.6426648433979838,0.411868162484977,0.6586933190113073,0.4939419949249718,0.7806601830172435,0.6033707679522534,0.808291971062596,0.8313465496045463,0.3942004764893675,0.6165911819376797
OWID_TUS,0.5181053943865714,0.5297338629335222,0.37670230271484917,0.5646107573658964,0.2984821758076381,0.43192562109313,0.37579885091996573,0.43113037868410037,0.26890107949537534,0.6512540856964728,0.4070703126564646,0.5295961798583547,0.543339601916353,0.549270389378588,0.22744486958816126,0.4391060544793597,0.3000545089287343,0.42823264019158985,0.4942956411956768,0.38273603241611026,0.6059383478487149,0.44321798747384683,0.5988988122270515,0.5401231458762471,0.2968850758607102,0.6770947451092872,0.7240911958502189,0.4675682896815504,0.5333480733587456,0.5967972327300096,0.398797539790784,0.5141936867601562,0.3913565775400241,0.5531834091222084,0.6667675930821093,0.5089536207330998,0.27895550830291427,0.5505969991015527,0.33414312213190756,0.37243882905433345,0.587384867411865,0.4789681875176477,0.38084555409375737,0.5001161844760308,0.5596901667096598,0.2913674816865341,0.8055536103513545,0.745139760370099,0.346001968130608,0.637223574658562,0.27330785604752056,0.6363835756123888,0.6103035237251299,0.4952097315110302,0.29554746436048257,0.3905857036002701,0.592012979947535,0.5340123289684663,0.5098111994080926,0.6732715278060271,0.6045336208422228,0.380739286007336,0.614110043142114,0.5748916475084492,0.5879233708405067,0.5126007637734326,0.2199223562978548,0.6885068075871617,0.34035305651782066,0.4251670765349566,0.4176685040848206,0.28635484505530556,0.4970263910897258,0.341880828213817,0.5393489028715461,0.4960232761901403,0.42686328441202803,0.6133047318123411,0.5973697770135934,0.3644928753856825,0.41339212976152073,0.5188764365712885,0.47174390680819395,0.5758464345599003,0.3719883305473378,0.495840299933998,0.5451899795800672,0.23822318372476634,0.6165109257406146,0.5502571763867374,0.48178696759136125,0.555616216855712,0.3776214822903858,0.7641112661269256,0.40484582960516896,0.4981820387700527,0.4070169225136149,0.5727699643094081,0.4780230590456408,0.37802765823947476,0.33625278970158584,0.6380071021617156,0.46600899446043353,0.800231853845158,0.5345287796259526,0.48692891402943406,0.7064516154757575,0.5680150821725606,0.5323581762210504,0.6280741577171742,0.4711561581495438,0.7694062601485291,0.5689863034066912,0.5788994628522418,0.6826692668834249,0.4650125821088411,0.36092033611482216,0.584197928699601,0.535388681297374,0.6602399550724343,0.5102665173852275,0.47966509024581155,0.0,0.25397689981823085,0.49582944717845917,0.6459070340691894,0.4605119329611154,0.5459458676383973,0.7984935181702034,0.7319916436983006,0.4018469340595675,0.6855319257663476,0.0,0.457852250257093,0.6644615770496044,0.5864587303137065,0.47343035379082804,0.5878515414733049,0.804815443944661,0.5702965736311777,0.4950252804558511,0.8049236695308014,0.22900520462291582,0.435338738851426,0.7983162227183909,0.7302158826883437,0.5849393447675244,0.40474704163157876,0.40611237771337494,0.6241388199290201,0.6571530412849117,0.5297981298280835,0.6428143731695767,0.5433135316691514,0.5203964871251997,0.6455297834436957,0.6151310904850017,0.6001261855989392,0.42415132971544356,0.5295791030913638,0.6711390562490929,0.5834597112118202,0.1267124431622696,0.4336724540094969,0.28034048482920104,0.7904952713350344,0.5963015735425472,0.45192651188353794,0.4406458097869029,0.5181045207752893,0.5176268111364621,0.5930915068143947,0.668548863335965,0.716822079266722,0.35370849513212826,0.5086196696080837,0.4488086376537326,0.5156047232455704,0.4404005335109296,0.6360643211098895,0.593457084855228,0.1407685347168201,0.48982965980864446,0.5372611241419492,0.49827220658813565,0.6778414367611678,0.802754316207773,0.4913222445364336,0.805077692185223,0.5666619630317459,0.8047402956084744
OWID_WRL,0.22298862869006514,0.43386377745373855,0.2716177857818546,0.5819810596905207,0.22332048105253147,0.33840747196295723,0.23163115474634222,0.2251127100152456,0.24536215383504278,0.4019855035178064,0.21738838575663624,0.34297811440059195,0.2220557867913504,0.32413829512866865,0.37589403522056625,0.42171599585520436,0.2566219847605313,0.1095449113567423,0.2058283456398791,0.14682264620086388,0.43042823313088446,0.3510424245406298,0.3863480995623629,0.33101967164633417,0.3885200763446995,0.505960415919621,0.5777959071652936,0.2578559645787972,0.3315759709980248,0.4547533969302415,0.3367927829350812,0.4998361505500847,0.14790152009797827,0.3145715390477132,0.4742311796558797,0.3034773883329825,0.3067734166541683,0.34526248182704977,0.23322723122663777,0.202964724106577,0.4766299612734005,0.4508080602813987,0.14813207224741196,0.3695104158206441,0.3204148010916019,0.4064768113224174,0.7931724042802376,0.6343946224784244,0.242706474870937,0.5159491826310032,0.4489517589914795,0.43317720936727083,0.4567337005147211,0.352719769618298,0.25732180373258356,0.18250597218423897,0.28886973728088117,0.3224465344025475,0.3378502884484297,0.4894937917699362,0.37048045925261847,0.20749001072628506,0.36558188926134416,0.36145270878627894,0.35985903739828967,0.18018003659804252,0.2954668265464512,0.4943564746837143,0.18294543881887854,0.31454264237046803,0.2075382540472201,0.2643012719910061,0.30371181373809314,0.4459471800553114,0.23677741254965967,0.3652375258239813,0.22702812738839076,0.40337576297117494,0.3882106076952677,0.311487947503396,0.12094367598676883,0.39590529993513085,0.18984229822085377,0.2688749893684904,0.22034870252882713,0.3185712162890317,0.35256842244824704,0.3987303905890837,0.38857116211423504,0.6166374665793706,0.2908086354765476,0.24102673922147133,0.180762696443705,0.7260646778813875,0.156308240161321,0.24857746903422293,0.16145193409780798,0.36679100416341726,0.3177768619238912,0.2506826340063354,0.24107353070973336,0.46238894429755867,0.2963676741166959,0.7985600934441164,0.35240436493065297,0.12139553123718676,0.5247697739945452,0.3179171444869171,0.2943881264980142,0.3679223933443069,0.3357928934053655,0.6712169873482423,0.31058168115794316,0.2659965527731174,0.5050238305881255,0.3059063819413439,0.39844936850399865,0.3377111567512133,0.22716494309961713,0.46995262032562446,0.3241950874292684,0.11477748479772219,0.457852250257093,0.27495572562137266,0.4172696975816365,0.4419123448993492,0.11602944875572467,0.26480923682978674,0.8325546111576327,0.65893340142412,0.14510554419563587,0.5330864056352137,0.457852250257093,0.0,0.5097526711159704,0.34495749523467023,0.06898668857918365,0.32981241716735504,0.7578448359521089,0.26760901506766605,0.15273659558635486,0.769914095064177,0.3734096210999747,0.37056530764545,0.7567975468447865,0.5856513330929982,0.3842679933218866,0.2475830248751727,0.16019670664545868,0.3487044279837171,0.6526334615307959,0.33549056772333924,0.46783608504988006,0.33482261646954664,0.5670513185940871,0.4553022150355804,0.33874157258071413,0.6935240061236488,0.24935562900345687,0.5710467502670643,0.4838667665035309,0.2761583160180965,0.3777574501554692,0.21977092451563365,0.45145487311870386,0.7394554113774872,0.40095993671637054,0.48646054012577306,0.28119569348858076,0.36119999316531287,0.2145178592508792,0.5093666811848898,0.5989971880083299,0.5652491998227533,0.2516527609967948,0.31680593603343865,0.3415726219834134,0.14535548224136688,0.2594006018332374,0.38163902753320944,0.3138260643944513,0.36009513163724954,0.24776661167930614,0.42119853568949256,0.35783287247399737,0.5457161564194798,0.7610038560951089,0.6003416049613725,0.7565306142921229,0.35752590074844576,0.7657705891444887
OWID_YAR,0.5365158827877821,0.557574068190028,0.5849883177923639,0.7161153287830068,0.5578623696485288,0.5869903560932562,0.4957012489137491,0.5068955902503612,0.540237013805656,0.530827607104345,0.45811355893179356,0.4038638323315478,0.46039317883709024,0.3464922212368096,0.6345439855942399,0.612928181971985,0.5490928502632512,0.5086924505563424,0.5130051540432315,0.5235932489482321,0.31515898485184735,0.5519256611521673,0.2723756574334728,0.34390112595406386,0.5676848968663913,0.3803160856209855,0.7682678143548505,0.444568088204891,0.36822383772126305,0.6366604704384355,0.5661577608987607,0.5916457111920772,0.5205678833252408,0.39674062792919346,0.549075311135679,0.39290332313265386,0.5958420634119488,0.3515635549072252,0.5715347647086666,0.520508179955196,0.659648092267993,0.6959078261165079,0.5175144674311364,0.4920261615178944,0.5224077430719214,0.6328514281085271,0.831158611318882,0.6546825599572323,0.5737983108640723,0.7314416560553223,0.6437609676715645,0.3588583993119301,0.4159865075327201,0.47722806560433595,0.5246171319770666,0.5451465089339211,0.4738162836432684,0.3485389846585147,0.4333789057386706,0.4822097584177914,0.4394495544768197,0.48682831198723064,0.5990303115117082,0.2650492828784247,0.3713520772795416,0.4916221707716853,0.568613539335376,0.6225446113802086,0.5308322493684642,0.5344003837272735,0.44746044481998876,0.5693329394936154,0.45863971561859596,0.6437703305483101,0.44817391540266105,0.5735005057541475,0.4305823702482326,0.22250321111710278,0.5532641971409427,0.5235979112188507,0.511104311981343,0.5095308608833591,0.5352019954010514,0.4787366913555858,0.5035805666734866,0.4337380905409204,0.5736425865951158,0.6340859393436744,0.5959996388651286,0.7151500610466116,0.4724610191927306,0.48885009319932066,0.547732590701065,0.7371323069050317,0.5349776281243065,0.558869309809379,0.5354285642046359,0.36509752933924466,0.4645153294933571,0.5443644824537438,0.5364233671243331,0.10890163914382955,0.4653735147807791,0.8290670008797317,0.5513584888703476,0.5040610236475209,0.6067562246362944,0.5142929978612965,0.37739275709249215,0.5690401073594435,0.49335837252187936,0.785298305531823,0.5465701839993635,0.4904789065937808,0.5238304746334186,0.4248000151344111,0.549264043777622,0.5438398703888805,0.43663084500037613,0.41252401992367616,0.47191074422426726,0.5102095099292262,0.6644615770496044,0.5592566870488505,0.5998241400639273,0.32559191250952807,0.48337781990465367,0.3699188262112874,0.8325546111576512,0.4119132632209917,0.5312082254561453,0.425137422498704,0.6644615770496044,0.5097526711159704,0.0,0.2716846956988904,0.48985362192577214,0.5789147278098091,0.8094672865812798,0.48703663416546716,0.4851365881938014,0.7463894704697814,0.6332553385811713,0.6383116322242982,0.7236249101546178,0.7631131374304846,0.5079542553640293,0.5027310528404838,0.5088756633671428,0.46211533654455256,0.769926883486919,0.3870125341628805,0.07921332361295987,0.34287293670320396,0.6889789779757595,0.6704162617975424,0.5260649282332304,0.7643529848161905,0.49101926980738936,0.6967008430441538,0.5048362109543115,0.4563846476307723,0.6254406243362566,0.4591444312020263,0.6512571314658794,0.7094944584175303,0.48748714763443507,0.6456191059760277,0.5589845986271991,0.4572331787211445,0.42859046120084077,0.598681244223649,0.6644644405934916,0.7544007973746206,0.542449672918032,0.40523217162759045,0.6058840019167707,0.48960076590869345,0.4918069165185019,0.47965758348948895,0.5538465821464966,0.617862299963669,0.4133389418168121,0.6080311471400762,0.39929613014356474,0.7624881850317542,0.7726120450313978,0.8156860018303966,0.816879245120148,0.33701469827859165,0.776262492514549
OWID_YPR,0.3743671974153224,0.4479497918806189,0.46159943119646324,0.6457154308509845,0.42365762201035145,0.4640124177732823,0.3592146305570518,0.37650975522643454,0.41257916856488175,0.4126566911177092,0.32696007512822756,0.2615293297322795,0.2731120776501133,0.18411475290090856,0.5480400971376572,0.5068376716906394,0.4274118344890579,0.3418246929016743,0.3341022104358822,0.367652497197044,0.27772381038074895,0.42074546881503083,0.16984551513235596,0.19286337113870455,0.4906451036291373,0.29463301531703584,0.6792083857446255,0.3241562433925429,0.2182193602376412,0.5033029039381707,0.4420274897155279,0.5113040948537364,0.35908792369334547,0.21035398352040577,0.38799657750751343,0.2339571755593105,0.4914950168817697,0.21147568364441463,0.44432484432191277,0.38169340846811906,0.5391267279756319,0.6339991878795052,0.35688787325071814,0.3597457941555437,0.3525479070457705,0.5362187261711059,0.8035308648258545,0.5456188519779424,0.444834265673365,0.6225322536923915,0.5818374600500426,0.23957351249658296,0.36961878162745254,0.3381464322046295,0.407663282289645,0.3958012418281805,0.30012378632977504,0.19483162912605,0.28764292920719914,0.339347550431758,0.2677737096777247,0.3396006809748236,0.4576684001737834,0.14628038098954654,0.18956502838568773,0.29959503072573507,0.45872764965245316,0.500429783460559,0.3856813375845828,0.39695924830733115,0.30822331358820554,0.4497020979496842,0.32797234424430494,0.5505466565383247,0.26311525954248705,0.4906958680420548,0.2955945270104586,0.08958447809463228,0.40008163132827984,0.4352938401551738,0.34851020620742834,0.38840691039435826,0.38109273967478785,0.30685998722014857,0.35763427792690644,0.27980921847523516,0.427534199094904,0.5396052641891442,0.477235024113024,0.654836423659571,0.340457776241524,0.31331597493744595,0.4024137329269031,0.7155769849056669,0.3797227074966406,0.40737833796860645,0.37955757905955795,0.23512236742761022,0.31375767718107367,0.3979212663522711,0.4103166023723534,0.2186443844737304,0.31194256973783785,0.821060451864458,0.4022016165838623,0.33673963310422445,0.4762727990434738,0.36935748040666033,0.1863387557855293,0.43358194357419116,0.35046888053936553,0.720523701248182,0.38095203108153447,0.3127717491589604,0.38585677410584646,0.3180258093775085,0.4866453623424142,0.40670869127914316,0.2394680069489237,0.2864696977314585,0.31295586426334926,0.34571429677815385,0.5864587303137065,0.44331572097100985,0.4841944778967402,0.20074759506302656,0.3024631566638246,0.13400547852050282,0.8325542567519663,0.5606792129272041,0.37547860634911845,0.3255989108775217,0.5864587303137065,0.34495749523467023,0.2716846956988904,0.0,0.3173827470439466,0.4350571806396767,0.776832427785408,0.3180955452586796,0.31713145584531777,0.7160801596783176,0.5461984862885194,0.5592100241511789,0.6908668171378041,0.6705816234468832,0.3576437700376985,0.35449461526895437,0.3581098654754818,0.3376352032076541,0.7200474625519098,0.2399672938290289,0.2165048604544007,0.19463145636727877,0.6155239215743993,0.5680881195725901,0.3591119320884012,0.7246486331616897,0.3435738205119995,0.6239868812254462,0.3535715230903273,0.27038809061738767,0.5274512646440406,0.2992541151704488,0.5894539590517198,0.6653050635455823,0.3412015165608082,0.6077868651088277,0.41223415532627433,0.32305488492564016,0.2322760195416895,0.5842411410490687,0.6344908070464889,0.6790599531243448,0.4202573526739206,0.24856342800812178,0.5173391808995528,0.30470840572468705,0.3516054453532329,0.32515552749574955,0.39121688120424886,0.5167776808921226,0.24629503057964444,0.5285367177730029,0.3425536306398892,0.6693303697724863,0.7279157667635744,0.761486214567531,0.7912018804760975,0.2056219134500352,0.7345285139448003
OWID_ZAN,0.25986535519334664,0.4524617502791351,0.3073913507746486,0.6102848892632357,0.2519354179333436,0.3653191270655686,0.21192504011185936,0.2020803278722832,0.2629209470107588,0.3884794384852852,0.2102027698016542,0.34782890402351385,0.18648323015037352,0.28734926969141067,0.39108247812150954,0.440930270611765,0.2750600902000213,0.12979606984118267,0.22916626668162704,0.17286230751775297,0.4127725102684922,0.372520591138204,0.3733758535927915,0.32719062400249954,0.38004438745878116,0.4844608444339292,0.5811806482415446,0.245983603987104,0.3314689155315546,0.4713647181013839,0.35871543195597294,0.51651498477015,0.17793896906006168,0.3111738693654216,0.45893143434135514,0.30130120323904963,0.3261495188839328,0.34332046839300084,0.26680814586540874,0.19633631925380773,0.4977505568812729,0.4564330239472971,0.1728694353917687,0.384099762584406,0.3326873812196609,0.42871176767328933,0.7920521172210222,0.617242641915946,0.27976566289238763,0.5400938930564294,0.45064169070084953,0.4164251478287059,0.44096268273559247,0.3658976457764069,0.261346610172334,0.22439991002496462,0.27717148930692326,0.31592700160456094,0.34622447734845746,0.469697406516572,0.3605877407634844,0.18737862621112902,0.3814619293829108,0.3488924110348999,0.3219412946179522,0.18253916041273793,0.3101782048990683,0.47087580767337384,0.19905489071066768,0.33518385336408996,0.19992712811148491,0.2788895853470402,0.29781569431078914,0.4678196657520914,0.1909136258345523,0.3591713700521521,0.20685957279841874,0.3744934797394442,0.3958619220194881,0.30548975342046314,0.13773919009554347,0.4115772716887463,0.22913098385426278,0.2735508741820608,0.23869652206058165,0.326029647795373,0.378365007109186,0.4199832110105458,0.41871494140830284,0.6345616320824866,0.28741431018016167,0.2528455637243608,0.22134780693494302,0.7219748221674466,0.19765605390492347,0.2908177773527111,0.2029068904096993,0.3638659264411081,0.32871512546505605,0.28090739566538275,0.2584196479016648,0.44226395009087865,0.30603360306555877,0.8150827527181019,0.37384923350034865,0.13082189971923844,0.4985496946188375,0.34583911373792575,0.2908315534556982,0.37293085583734475,0.3501546943581499,0.660788027300582,0.3264878234198896,0.2612774993885923,0.47652319099290125,0.2784368462698195,0.388831507777985,0.36781686304817895,0.17531829308008973,0.45038600752842806,0.3366411165148656,0.13550003552883635,0.47343035379082804,0.292046671907689,0.4427325809387307,0.41707694730171063,0.09846443661937743,0.24556933665604716,0.832554611157633,0.6497127131130565,0.1838364896410685,0.5088443587244088,0.47343035379082804,0.06898668857918365,0.48985362192577214,0.3173827470439466,0.0,0.35805168717025604,0.7512286273060607,0.2800455544577354,0.11731237654125873,0.7643496156468488,0.38872168380437977,0.37697620612803207,0.7502773124424714,0.5820217274798354,0.38979442420374927,0.2658592673154452,0.15151410877130958,0.3403873033304985,0.6846098230772912,0.3380965032075871,0.44744115657317374,0.33134803479917513,0.5867762751134787,0.488377577438608,0.3185823688761761,0.7102827677001876,0.2622133925391626,0.593489881262181,0.4651969995294231,0.2531877297163761,0.3995689987315028,0.2285470058404483,0.4537276982075971,0.7314341286701808,0.40211936604280996,0.48364765791407516,0.31476581999694636,0.3722831240363897,0.16316384267154807,0.502124124886912,0.592295122188225,0.5834385480562393,0.24679824263163178,0.32042045529344093,0.3449560193330711,0.1364419305717497,0.26575341465559654,0.3500351170667099,0.319957535978254,0.38221407643054517,0.20640465473199887,0.4155317114017403,0.33585846904925587,0.5697008437420754,0.754161812539626,0.6052095267068729,0.7525870316921938,0.35305735053024395,0.7593816833157007
PAK,0.17479154238912942,0.33150810215640236,0.41480452872314083,0.4862992703390215,0.3971841269681166,0.4068690592625748,0.47978789247011816,0.4976376174775663,0.44855547302499205,0.2844600581182695,0.47671994223337993,0.32307711787270726,0.35675840358097327,0.5077420745841617,0.5788585783995466,0.4674738094315217,0.4687035687802127,0.32418469603714695,0.19765584759699312,0.34576720061209915,0.5451327793196405,0.36329556706878025,0.3998170878759582,0.3651938646909078,0.6057962313029603,0.5237088901347405,0.4438868777256764,0.5004604938946394,0.3459710913426057,0.28712068100833354,0.4132707256467553,0.46288561768710645,0.31684541788540255,0.29613193568715396,0.4265280559198565,0.3896784474472625,0.5203557140218126,0.3431045398457945,0.4138139465218485,0.4475052457185118,0.30773658330225656,0.6851381264995645,0.33421084764145764,0.3279541551085624,0.18378973352109707,0.5067046929077129,0.8174287662073555,0.6288165420333331,0.3960661660776622,0.315553976456819,0.6551045917056569,0.4289091077947326,0.5891677292601316,0.33002869512739635,0.49750049828119425,0.31587446711384587,0.24231129477483246,0.39595669407669665,0.3261793598137846,0.47645109780045564,0.3160272975737449,0.4545037801644235,0.12040708990017893,0.4143668748682485,0.4989437081113561,0.22741413778592806,0.5024610390579656,0.423787312685581,0.39401462445487945,0.3686313973287919,0.46107636368513183,0.4644327041496892,0.47741459571182476,0.5021290710550808,0.41117827079601643,0.6089166183130877,0.48432370233768435,0.49876224165179756,0.2369191040631431,0.5697970488291831,0.3439719570660177,0.3186271583142451,0.29842018841616397,0.20946110106691962,0.3967023903952444,0.3429682837302649,0.17979861149584767,0.5235510214283705,0.10502743675832205,0.5806078229339132,0.47400741293962534,0.21137811497649373,0.341056273388093,0.7804229218890846,0.30537680293962194,0.19430408281936432,0.2980999797909465,0.33568024838645444,0.34932429323203273,0.3321932747196801,0.4608960947030193,0.5383033579433958,0.3689402687204232,0.7516398082636125,0.21414927226920835,0.32517816738029526,0.4800121339375531,0.18760820198069372,0.32043401381966813,0.17449144648146692,0.3509145531574013,0.6143078845573567,0.13406191717317412,0.21098122566383867,0.5070577692624719,0.5516030974850219,0.6288755482226578,0.13187888088276484,0.40785780693585005,0.4674336209924371,0.27833789993099073,0.3206569121094501,0.5878515414733049,0.48421497724141116,0.38686843420471284,0.46617434478475,0.3351575082924066,0.3394148873024263,0.8325546111576445,0.7248531758819847,0.3173567224911108,0.5760410467426439,0.5878515414733049,0.32981241716735504,0.5789147278098091,0.4350571806396767,0.35805168717025604,0.0,0.7340884836769297,0.19248046683636383,0.3914047918873763,0.7756936362516668,0.5770813431024462,0.6242738696171101,0.7645133721752768,0.4754673590368399,0.26761954180544656,0.37709798847239967,0.4158966609402794,0.2452078652863676,0.5501247825619686,0.3336107241823473,0.5379802956148957,0.35950099856494455,0.5354215629592304,0.1755240459518302,0.26380175570304765,0.6561484692062789,0.3999356463732926,0.5165488113198102,0.4605050693938204,0.29178876829393907,0.5132203110014731,0.38268114241463924,0.6597583799838577,0.7468823803892416,0.3099198893997104,0.7118500638192027,0.2741797748714159,0.31372533878472025,0.41869285204812434,0.7138900299881517,0.7370666934428705,0.3762394854575016,0.48905272138736033,0.34855040491172057,0.5962112037971727,0.2752412281766217,0.43939513822904075,0.35412510062830954,0.1462785909872659,0.5044417321033163,0.47740888593276326,0.6296027262740018,0.5919770283967152,0.34357191342024646,0.7586685539074757,0.7826348652731548,0.7204091164786388,0.3486033943301624,0.7637038878038961
PAN,0.7514176100401804,0.7552223828640817,0.7820985183373576,0.7860289352445471,0.7745920921922421,0.7811082332297679,0.773350925217028,0.77269876215947,0.7834644754318203,0.7034743725208944,0.7902514385159023,0.760706172085869,0.743162290366436,0.7919620623397877,0.8051378044279979,0.7884587638739369,0.789365553041433,0.7549542792364674,0.73772184945933,0.7619365573185582,0.805233069962177,0.7706597065827886,0.7675970228737128,0.7697274650852163,0.8061343953572078,0.7846641768229786,0.5752736935515265,0.7968506990873154,0.7660153524740353,0.7187808871178797,0.780142798416083,0.7836200135933747,0.758366993791777,0.7491859794062525,0.736621202054057,0.7778291012968844,0.797104571684298,0.7625848109006539,0.7800506904262233,0.7697236553806542,0.7261156534720563,0.8220669437431326,0.7593959846944454,0.763100896534058,0.72213139772036,0.7933405857655693,0.8325546111576867,0.7971985783785456,0.7787725837571798,0.6936003385148577,0.8179121306310384,0.7635058141992628,0.8137897675755642,0.7648067750587155,0.7909115344856458,0.7652468254671436,0.7298659144802496,0.7773678274516858,0.7636550674339914,0.7612063838221322,0.7342160910763206,0.7688758452582324,0.7083545069372597,0.7768936290068956,0.7803952716251282,0.7293974252061575,0.7929608619202145,0.6202602720017794,0.7679820792652866,0.772789513424482,0.7875070859225614,0.7815571778953959,0.794074542101427,0.7919815813189225,0.7408017401777159,0.8148051321596655,0.7886668442196553,0.7934211492665543,0.7133204804225446,0.8065633582258448,0.7577497780789209,0.7572777006305053,0.7673236061524307,0.7426416570902433,0.777521753349437,0.7687973631950521,0.7325410646289231,0.7959745451401774,0.7395364769221228,0.8004662410644615,0.7933345307604318,0.7484841927114583,0.7686162545352295,0.8325545777073894,0.7618046976632737,0.7531930570169955,0.7610176159247086,0.7553299336356261,0.7707039062046684,0.7656700324843314,0.7886705322775989,0.801212707646327,0.7749788759486891,0.8325546111576849,0.7360830317320709,0.7589583627709553,0.6424823413664494,0.7536722905810078,0.7594099792632397,0.715569304281961,0.7704896653722122,0.3983632024151472,0.7159005947234537,0.7315581165885914,0.718386325216587,0.8028600031769935,0.8178677951001356,0.747248452231732,0.733196336840637,0.7668579546834788,0.7526501122526735,0.7608881740170116,0.804815443944661,0.7909848533211918,0.777464489749487,0.7724533308119663,0.7457803689383365,0.7542920389526501,0.8325546111576818,0.832232374340483,0.7619688006174662,0.8233701978418252,0.804815443944661,0.7578448359521089,0.8094672865812798,0.776832427785408,0.7512286273060607,0.7340884836769297,0.0,0.7458842671831875,0.7548860646575287,0.8325546110163052,0.804899880277063,0.8139485179058147,0.8325545239023984,0.5543495016865373,0.7289767873055134,0.7749365349925057,0.7634094346924479,0.7253368131898843,0.8012081824521052,0.7634365512354613,0.8004814940242247,0.7679254560108651,0.7947811141848852,0.7408399503769697,0.6940559361993266,0.8106809529298616,0.7799727007620819,0.7900140955212633,0.7534896446392805,0.7320601555905851,0.7943782885136839,0.7760368877991795,0.8187024205541695,0.8325411009171002,0.736651799531911,0.8319212298299986,0.7579387571350394,0.7588537596681305,0.7419850305944201,0.8325512443685834,0.8325546106139091,0.7462345774264257,0.7779133225523337,0.7692155722283707,0.8106100111652264,0.7413046340635826,0.7871278116378773,0.6869160241253086,0.7063820975644336,0.7928994872761506,0.7714073219274787,0.8176502930343709,0.818743500501916,0.6676854596285693,0.8325489244605788,0.8325542311476093,0.8110233946148788,0.7607450672141535,0.8325536206326918
PER,0.1865088847698043,0.35820990948013076,0.39764609249225313,0.540752827715486,0.3629174381857869,0.3946449588929431,0.3992018914983191,0.41746333266462593,0.39537605482780114,0.3054565034262261,0.3775159141877555,0.2571279476849975,0.2564647569263174,0.3933445788602082,0.5422833283202229,0.455270999223007,0.4125490129858147,0.2667117228417687,0.18601053809221096,0.2971363004395274,0.4068923061919189,0.34988920887759845,0.32417702136666593,0.2570140263124898,0.5403569045769621,0.47178708054756635,0.5161636060683905,0.3873724053156656,0.25174111818436284,0.3673207417191483,0.3885652215963997,0.45553426100152744,0.2737706177637477,0.22841388602665266,0.41947385577239515,0.265312482799284,0.47699580665628527,0.2639215816984154,0.3842670367382163,0.37926516756056877,0.39383295026230125,0.6437888514448632,0.2851728293586597,0.29751664347975454,0.21464518501765564,0.49597850959278905,0.7937561113627749,0.6132561660058239,0.3749241001221156,0.43062077626130585,0.6035842508539048,0.37943003085216176,0.44823850050818903,0.284346584594649,0.4266657419604966,0.29397039963859417,0.134263984637203,0.26583105253833533,0.25909293402031097,0.44576735996811706,0.2864268003454781,0.3725867686895937,0.24126951704215138,0.30230385742517085,0.3924929963175534,0.17973689298771492,0.4516660785670196,0.44098293321220405,0.3412518744310319,0.33799402693151526,0.35945467470995174,0.41999643942579706,0.35998368498571404,0.5018383325507483,0.3099948384359452,0.5198206628642142,0.3798239001033905,0.384099139372949,0.28597241965339726,0.4839013718295506,0.2851670241876841,0.3160021577420233,0.26842339775877266,0.04474764052395891,0.3332007817971845,0.2578179124383064,0.2567251208397225,0.5073314262017544,0.2397587703207865,0.6019378321024487,0.36429069525393465,0.09754178213496945,0.3133828271024623,0.7253518568505265,0.2761078743587729,0.2334014308601994,0.27172349994901673,0.285794598316711,0.27693683246326106,0.3138262336036167,0.3980476419788336,0.4337299174220855,0.2860499161215683,0.7788270705693656,0.26119054433575223,0.2550146746099673,0.4809471874141994,0.16302513831977974,0.2264607778667139,0.23106308353056232,0.2990912612620186,0.6435564653994855,0.19933691449050822,0.1181363523127494,0.4691560288836654,0.44787598372436704,0.5539982308086248,0.17607337461424433,0.30991992804076957,0.42477939492911465,0.24752690040209574,0.2567649364645186,0.5702965736311777,0.4315057147586872,0.39162220226952343,0.3976170103498449,0.2597953498376852,0.23588799398298235,0.8325546111576498,0.6531194756583681,0.28088795012293716,0.5085332924678154,0.5702965736311777,0.26760901506766605,0.48703663416546716,0.3180955452586796,0.2800455544577354,0.19248046683636383,0.7458842671831875,0.0,0.30491547266907904,0.7640584551019529,0.5402391062883841,0.5697947258525952,0.7499983892884383,0.5325391506340602,0.2883653507685019,0.3186219541242437,0.34479302884695934,0.2244470683905132,0.6121730929814729,0.252303684747292,0.43876284083933664,0.25832844070000854,0.5559130839630595,0.3288214635181777,0.24816048905922744,0.6796913750779898,0.3239574688511495,0.5489946533216159,0.436734609047708,0.15733130559091377,0.49408363288855817,0.29526569559023025,0.6090678621292699,0.7309473611562255,0.3166408134617858,0.635863869854803,0.2876726018191412,0.27689062593520736,0.3192000574206219,0.6224387655845829,0.6477182590588803,0.4786882081717382,0.4255243540006908,0.2495160299339514,0.5302195581217503,0.20371978273140895,0.34967510267601415,0.3076157430007404,0.20229199275835424,0.4826445063270872,0.3722599800847782,0.5478416196525593,0.4806081343147537,0.4617615121851114,0.7530889897173775,0.7534144195061001,0.7410739566330442,0.27903816594008485,0.7583923071682832
PHL,0.2842840075454067,0.47652860579379247,0.34401344900111974,0.6299273199377354,0.29086063984741584,0.3681025999897042,0.2293382710406607,0.21972031487392504,0.2903787636916827,0.4100467749602799,0.21356437289230076,0.36710078908131716,0.16995998819143332,0.27759332492722333,0.4103440751047866,0.44485833214497666,0.2943401024932865,0.1873066970761225,0.27119278166314426,0.22188467928113004,0.4010465289513716,0.3931729082033322,0.3856995720485528,0.33916678190215255,0.38677215683968047,0.4894688018175569,0.6019331700332445,0.2291083906852879,0.3465994713629783,0.5003315026465434,0.37742566472027905,0.5312859162044665,0.22738458098706385,0.3323579942940464,0.4753553581960664,0.30463038010418986,0.34605214232886805,0.3602823022149151,0.3061761004133449,0.2266101729629163,0.5260255469576488,0.4512939896714204,0.2211653610789333,0.4042107527709314,0.3645399495348939,0.45356010915967204,0.7877551785986315,0.6216985187768155,0.3190633697693678,0.5691903128754284,0.45687637515862656,0.4289085283082921,0.422963042625767,0.3844878500200422,0.2788970752608365,0.2710736590794424,0.29721084228032413,0.32082248494354526,0.3644055570539371,0.4804117654991047,0.38273954932786997,0.20906824826189163,0.41497059850103113,0.35556832215675227,0.3046416970016092,0.22567836033500815,0.3317090489239245,0.4841553982430291,0.23962898479182726,0.3546557196449007,0.20404501068326197,0.3099019226884116,0.2765648072337239,0.49017819092485565,0.1566116441034552,0.3276386957795689,0.20940344583106762,0.3685933766517152,0.4256983342507104,0.304386041940736,0.191647939747529,0.4346089510513433,0.23169361476279735,0.2967948593024034,0.2610778026489627,0.3399168900268991,0.41088182016899016,0.4452585868431964,0.451499265806304,0.646331697432326,0.26426815072356236,0.27426622228205244,0.26787039492693326,0.7136078267172477,0.24780907073408978,0.33226325329805595,0.2524014796673304,0.38372814437100455,0.3413680910580487,0.31599106187968584,0.2737638109038895,0.43823022830958314,0.31283779128301353,0.8220703114017033,0.4041883354632447,0.1042482108110137,0.5088997084305297,0.37358093358560646,0.3072556446849472,0.4018104050156934,0.3643257126841253,0.6692395476789832,0.36118050668868906,0.28375626588572284,0.4821409850925067,0.2724256775408034,0.3902816162170704,0.39884102232513585,0.14872683048451088,0.46053697457322945,0.36021889123922135,0.11471309594163759,0.4950252804558511,0.3133813543861677,0.4583695979356522,0.4233749319422894,0.15417868004145888,0.25960896138071493,0.8325546111576378,0.6413760610989899,0.23525311664846388,0.5083839904285775,0.4950252804558511,0.15273659558635486,0.4851365881938014,0.31713145584531777,0.11731237654125873,0.3914047918873763,0.7548860646575287,0.30491547266907904,0.0,0.7648946604186742,0.40801085729391573,0.3696973873529323,0.750787510738219,0.5997875134269979,0.4174476014184363,0.2846129105541746,0.19074290548590125,0.36372402836788953,0.7031957033433102,0.355363175680872,0.44438207128154605,0.3447213290772816,0.59921677395365,0.520306317044623,0.33869140878012144,0.7208082579824583,0.26677411536391266,0.6103703896918014,0.47773624855520946,0.26456955353444117,0.42600091140380775,0.23930432972550983,0.4592934570911957,0.7323247196511107,0.42709420318530317,0.4733000514356758,0.35003511892614547,0.39373904363777595,0.17339753793082796,0.47381711093709805,0.5685384444295292,0.6066802599898824,0.270784665703453,0.33338997257210634,0.32268919047691735,0.13840877639222665,0.2509908913622415,0.3617250166458234,0.3533509855492058,0.40959093715513656,0.20661807819851377,0.3740274172694862,0.3211845656670048,0.5977914160667229,0.755962202168824,0.6048245425901805,0.7570281219342453,0.37040386299816114,0.7610516842098921
PNG,0.7725916590266613,0.7659394659378195,0.7877995835656072,0.8095547617447223,0.7813356549320158,0.7877960512243802,0.7653012415993319,0.7689694197359199,0.7794989268055572,0.7580710919676872,0.7690591897730222,0.746905484525593,0.7583924574867102,0.715221067158326,0.8012886808194436,0.7933676294395549,0.7841821954303593,0.7682948156570412,0.7628188875676148,0.7724371343272948,0.769622643451259,0.7769237916137691,0.7209286513712866,0.7459689353789205,0.7823737513661599,0.6707934218868891,0.83251512965156,0.7730996881874512,0.7463817184370148,0.7540589675067881,0.7833485747045503,0.7891529855325355,0.7708415499556907,0.7307607674647456,0.6636044554733252,0.7593644818786518,0.7936535583566882,0.7389640514055109,0.785232313344993,0.7724433166450538,0.7690814477742133,0.8154338699522531,0.7703502490230059,0.7630145064002716,0.7518897651792334,0.7974097123928777,0.8325546111576866,0.5797239186341597,0.7852492028081346,0.8126167003088561,0.8060870207679155,0.6929435720608571,0.7858739381970012,0.7622518480247301,0.7782655902662329,0.777225325736519,0.7574904884613894,0.7530804056494047,0.7547723286883129,0.6527852469564207,0.7099347313077086,0.7629925422337599,0.7747787221460477,0.7399841572882997,0.7127528685018858,0.7572347885229189,0.7872710585218379,0.7694773745151924,0.7747278305710888,0.7754073994184506,0.7663159410701103,0.7845710400415415,0.7763671643610894,0.7985196747496959,0.7536436619675969,0.7994775076967812,0.7585635196862167,0.7094830170283077,0.7406543013812142,0.785092914864011,0.7692740616482402,0.7605167614694043,0.7767920974822781,0.7619372682413794,0.7725270574534983,0.7589784486665754,0.7701046552920516,0.7983489526374047,0.77984183746991,0.8111097094729021,0.777527578349897,0.765001656920104,0.7785551479558802,0.8325369672604918,0.7747041472631565,0.7763755957115174,0.7745435976380279,0.7273510723508402,0.7646484196659755,0.7754522111316761,0.7823744551924285,0.7460938562153971,0.767348175702997,0.8325546111576848,0.7631699227515609,0.7697314052681784,0.729630597958251,0.7701507866669586,0.7389021716347469,0.7702361495088368,0.7684954136785423,0.8325544664911335,0.7618220183316103,0.7604001096441451,0.716631716147247,0.7451331762584504,0.7793441762738142,0.7727429344306995,0.7455661291813035,0.6721860225797861,0.7526343829488916,0.7712163127364483,0.8049236695308014,0.7857524984907281,0.7885794767610174,0.6789301320354179,0.7606576204440108,0.7272809725387037,0.8325546111576817,0.8233478411180702,0.7741147934855045,0.6460115786666429,0.8049236695308014,0.769914095064177,0.7463894704697814,0.7160801596783176,0.7643496156468488,0.7756936362516668,0.8325546110163052,0.7640584551019529,0.7648946604186742,0.0,0.8010474977916924,0.8055490073554815,0.3044194970188166,0.8324817461479792,0.7299488403201407,0.7716544591041858,0.7695212352602239,0.7545393481918996,0.8227539115649287,0.7469424752834293,0.7412294670377351,0.743937123512884,0.8058792416447271,0.7955570947335099,0.7572129670562145,0.8210124449147365,0.772949720709387,0.8059966479003275,0.6538343046705968,0.7554004120759293,0.7966773005461817,0.7655102121382454,0.8078060633643063,0.2242629407638292,0.7169707309561849,0.8242689391459761,0.7763539481894659,0.7539556198526559,0.7422633718472241,0.8314352002407795,0.8325492158181087,0.8181838809709685,0.778018416695431,0.7551126911332422,0.800572210891001,0.7623737521338234,0.7768026601441546,0.7468390423212898,0.7645146587106068,0.7951686664591061,0.739112432949155,0.8049791404889092,0.7576042384090008,0.8316619004804593,0.8289609751782628,0.8325313735615779,0.8325546111576864,0.7317550322929467,0.829233539593402
POL,0.4837976541677005,0.5531927569829914,0.31475457516337263,0.607197408401946,0.2443096316582212,0.407110219705683,0.2767146070492567,0.302616807682256,0.1997832528322476,0.6401719553861719,0.30091708538638307,0.520340840039077,0.48138660500415664,0.4822248251114361,0.004509122678664067,0.4438513727067189,0.20422866595490935,0.3492235553361035,0.46364036116669743,0.3057041507054033,0.5561592407397294,0.44711393265388527,0.5778697832099459,0.5155945340853388,0.24827247711821632,0.6595838911912657,0.7292517884819003,0.36901053837820436,0.5145596796345541,0.6136791489925888,0.3890423759453508,0.5460584105250565,0.3309846492822689,0.5347465388523446,0.6591672566909215,0.47120275021942026,0.13437146305664152,0.5344238543001268,0.2330013362609269,0.26170341133214514,0.611697204906305,0.32773012383780187,0.3190941610603732,0.506313079163226,0.5519627497507821,0.2938170853919062,0.7938009283569896,0.7379647424478489,0.2649723127148381,0.6569754581484095,0.2259303201655846,0.6200912705794576,0.5518511977011171,0.49538666424553635,0.19568299352977722,0.3273476673760196,0.5629255483431324,0.4987176742052259,0.5019156792515831,0.6609433829376364,0.5918255733275831,0.29253183692155804,0.6086143348008829,0.5444304233276773,0.5334493236364407,0.472290567164395,0.1430817151047205,0.6810825345624894,0.2652131123702214,0.41504351043171156,0.318514816394033,0.20656858685251311,0.42414602339400953,0.3807119999490322,0.4693415258026812,0.3735912966454341,0.327699372108242,0.5728226633021668,0.5981047122171003,0.23613758933238058,0.32899532492646955,0.53257590768309,0.41124516212434675,0.5448862475449396,0.3116421122386014,0.47938768767768186,0.5472708721652699,0.22831317886639854,0.6128450170096122,0.5994776876768089,0.40564371474672517,0.5183819855204992,0.30167515738109224,0.7397479789671889,0.33762025431005593,0.47251906057114684,0.3441711023196326,0.561497984675073,0.46315635831483026,0.3525644989622815,0.2386702714023673,0.6032518249142934,0.4390215870850987,0.8062318337007006,0.5382470026887639,0.40943804461504957,0.6981640867767311,0.5500511879477578,0.5068229093985844,0.6178276457870778,0.46499497666764633,0.770457955632097,0.5586572307628915,0.5481017084797493,0.6663446773392481,0.36035665421112467,0.25810503084098174,0.5721587032740777,0.4696535476954848,0.6451416412035983,0.5053070695446302,0.40147510246697854,0.22900520462291582,0.1635209783593727,0.500476230124682,0.6237773622429547,0.3859700643674318,0.5078780510919171,0.827348205865035,0.7041539212622064,0.32785747790583425,0.662215389088843,0.22900520462291582,0.3734096210999747,0.6332553385811713,0.5461984862885194,0.38872168380437977,0.5770813431024462,0.804899880277063,0.5402391062883841,0.40801085729391573,0.8010474977916924,0.0,0.2758519247661844,0.7934713126155405,0.7336081159460934,0.585129338844852,0.3643320281413244,0.29828386339646906,0.6065430687421137,0.6837485116755577,0.5156984549595519,0.6100637416519867,0.5210458494710095,0.5639616272265912,0.6495913214196005,0.595315380665737,0.6540711768427212,0.37392477217407943,0.5769001616308269,0.6602756402250491,0.5462530073135488,0.19883452507156302,0.37806687444104775,0.2208334939470622,0.7850060205991645,0.5951194053565472,0.34146897626457473,0.4269477995532476,0.5196519803613824,0.4475042547483085,0.49685743360822265,0.6055373004545395,0.7220966400671771,0.23097546280982473,0.4878307881264917,0.306733255560595,0.4580684909093229,0.37196806791305054,0.6146017845280007,0.5793717540044946,0.19133500105504078,0.40435869723427736,0.4294222221869083,0.40080664705582186,0.6919053208129521,0.8001127349240088,0.38408856978266037,0.8061606727366759,0.5509804642403083,0.8022471194915369
PRK,0.5163819059326921,0.6422162478674449,0.3795492565360683,0.6963080697319518,0.3728979725823108,0.45878303652532143,0.33621333095363337,0.2908640769213969,0.3346348789649354,0.6782400467901675,0.3042557912957765,0.5843166095198948,0.4676327024786164,0.4667999844090683,0.2776008448020434,0.509759866921484,0.30299379940859333,0.3953910378107954,0.517496888742245,0.38468322947057865,0.5434990495416541,0.5298401858611206,0.6169743220040861,0.5608082547584747,0.33830108894994515,0.6838804326845509,0.7662948958963043,0.3233467156562556,0.567725701430099,0.6911201690545956,0.46948624668727534,0.6325729839921157,0.4086702881025419,0.5860350082258324,0.699235036048157,0.5030055048888323,0.26244181870228533,0.5884116653401295,0.3495316152211614,0.3335758707951378,0.6952491737129616,0.1218177208021821,0.39840023246480705,0.5851605076270078,0.6123091322328497,0.4516107693616944,0.7789967657170238,0.756723795318833,0.3732812008440954,0.7275320250360705,0.3198881548326437,0.6568870901555837,0.5174371841884247,0.5697091954937887,0.2932155663483029,0.4111351218952162,0.5898884970438509,0.5301080506792549,0.5686918780345219,0.6934917621854233,0.6398642607415734,0.3490410861521991,0.6578585054897228,0.5751328269585478,0.5200737433964162,0.5104000564930381,0.309521169607876,0.7128181688427075,0.36351410706762294,0.4908926851430595,0.3222045243164916,0.34621903042479446,0.39831181398544274,0.5148632785982205,0.4430206242215034,0.2225575117811135,0.3321417078028398,0.5773440721197647,0.6614596746922949,0.24356010345095677,0.38300699153088924,0.6162819892559055,0.4194701220048749,0.5723883235911699,0.37950634978914255,0.538436919099657,0.6182460730711082,0.4183881787596678,0.6633175509449372,0.6838957982303454,0.37812115442416994,0.5404781583871398,0.3882994645779689,0.7161871254922967,0.40946922667557534,0.5238544127644049,0.41742924291987243,0.6177455635283692,0.5245722035189304,0.45209732841202094,0.29850949774463637,0.6101907198992562,0.48857866554171675,0.8198622308926451,0.6129921396653187,0.3896514675779078,0.7275539394219284,0.5947173655704712,0.5531154670618245,0.6595677100065518,0.5342636077535047,0.7909219084706298,0.6132292693455622,0.5746175510130266,0.688313654778121,0.3471178590790987,0.3129986760850875,0.6202262820091293,0.45533071753086557,0.6774591281645044,0.5758598382192772,0.38403362335879715,0.435338738851426,0.3051128845464911,0.570747382713388,0.6495397875231719,0.4128138629230477,0.5354302323797908,0.8325546111317691,0.6895446405566404,0.39756064525106205,0.6730613204472934,0.435338738851426,0.37056530764545,0.6383116322242982,0.5592100241511789,0.37697620612803207,0.6242738696171101,0.8139485179058147,0.5697947258525952,0.3696973873529323,0.8055490073554815,0.2758519247661844,0.0,0.7986797620720508,0.7675030671841265,0.6509109696284272,0.4250970674251825,0.34117203789418504,0.6432453968779949,0.7466970155821177,0.5745606545635774,0.6192074963112548,0.5686736020492095,0.6503055948432589,0.7008497961206717,0.6279079959031747,0.7340656165022593,0.4073578059109077,0.6689347538770414,0.6952655076493355,0.5634670122076382,0.4038164888221253,0.41169302589848666,0.30858104261177505,0.791878316547506,0.6579007592661275,0.2911441931976639,0.5113112962162819,0.5944003082207812,0.4397244691007121,0.377651661740403,0.5312111793444128,0.7591880875237819,0.31926865215481676,0.5412408724561124,0.10591960658531085,0.46175481032566223,0.37089412461389804,0.6424100836612956,0.6233865376294822,0.3916806396874847,0.39892188496982395,0.28375864066002443,0.36030604636925473,0.7482358012982396,0.8069453246285155,0.37740548313602246,0.8159194565112469,0.6031066235108653,0.8085994369681239
PRT,0.7602611156416021,0.752525296802211,0.777906265764907,0.8045426311982015,0.7702453151443232,0.7779377501512297,0.7511590659646383,0.755486493742741,0.7677597723431544,0.7439542712096231,0.7545734686864998,0.7287552987457778,0.7432108521502805,0.691843944670536,0.7937625407429992,0.784560833630066,0.7731983702204293,0.7549752192422927,0.7490141593281969,0.7598031299192272,0.7538105326370869,0.7650848435781356,0.6963826876331551,0.7269896468599221,0.7709587779605158,0.6330099652775046,0.8323812664002928,0.7590465276218863,0.7277488522716309,0.7413526014811185,0.7725488528170686,0.7795229557745358,0.7579904012748098,0.7102266111838687,0.6348824309762787,0.7430119205014764,0.7845869914554495,0.7188863279003523,0.7748179831955324,0.7596620059858339,0.7586350759933688,0.8107773249390805,0.757379200008766,0.7483859457974312,0.7369602437913294,0.7893931456348341,0.832554611157684,0.5847630541569973,0.7748820572760587,0.8103656055836161,0.7992060407413377,0.6628220073610791,0.7736315315255415,0.7473405743091214,0.7659898646499312,0.7655028704653414,0.742507918271174,0.7352621110959046,0.7382148098425025,0.6163983768101191,0.6871132644866684,0.7484813277967787,0.764038654787788,0.7190828515686735,0.6907446268522435,0.7424986363909223,0.7769135694360255,0.7590551586427445,0.7624307434383937,0.7631158677194524,0.7513367880716207,0.7739975862888004,0.7631768684613723,0.7908159616879171,0.737682202534876,0.7909293638280569,0.7420779288613522,0.681380755436914,0.7248682289070523,0.7735434637560096,0.7560878820438128,0.7457042280085912,0.7648730220811094,0.7475134192836441,0.7593878040611077,0.7430712793232386,0.7581626152199301,0.7904620951023872,0.769403001316754,0.8061442440770477,0.7646710983846903,0.7510645492306021,0.7670155282478758,0.8325205786586248,0.762536653780274,0.7648366204192559,0.762368228975341,0.705282021531098,0.7499460802667557,0.7634391231376035,0.7709831429531901,0.7244273642483976,0.7530414987429292,0.8325546111576823,0.7498886836055241,0.7565103297696903,0.7112189174549581,0.7571949204452624,0.7192666787648827,0.7583468756418151,0.7546992243363282,0.8325494795928559,0.7486245331499464,0.7460041225629713,0.6993039675122507,0.7264378579614814,0.766689868988344,0.7605700537476708,0.728537097936802,0.6376283958486352,0.7363756302657457,0.7582609494789764,0.7983162227183909,0.7750926183167716,0.7790293503583459,0.6466345648306276,0.7460772090698833,0.7061066852420228,0.832554611157679,0.8194418811629869,0.7618143185819556,0.6191310475823301,0.7983162227183909,0.7567975468447865,0.7236249101546178,0.6908668171378041,0.7502773124424714,0.7645133721752768,0.8325545239023984,0.7499983892884383,0.750787510738219,0.3044194970188166,0.7934713126155405,0.7986797620720508,0.0,0.8322681535861891,0.7110428954573643,0.758409552227141,0.7562646353357676,0.7390495158479019,0.8204640267768074,0.7286124821185148,0.7183605961684586,0.7246122046073413,0.7998284823386927,0.7883292415614263,0.7432081323079351,0.8181996446628257,0.7597234961106614,0.8001168282040834,0.6194524788513135,0.7398911210903415,0.7884495375433443,0.7508079884443813,0.8013144390998576,0.21779977378651968,0.6947345540596396,0.8211112708216798,0.7647575238006127,0.7375323627252086,0.7246722379769086,0.8306447513932705,0.83254105205533,0.8152858180836646,0.7661929806886821,0.7382852684433727,0.7925814820367926,0.7481376515463481,0.7641112946395018,0.730866345157586,0.751804477881726,0.7866373290152451,0.7204999258201843,0.797710127902776,0.7386722200132946,0.8310582617856406,0.8248161863672088,0.8325168213010075,0.8325546102160842,0.710203411956834,0.825313601559379
PRY,0.5442115506378954,0.5697493689333489,0.6506108697634507,0.645539482909348,0.6327513498636558,0.6463983507844336,0.6661270596479897,0.6715447706202224,0.667325179601495,0.4132040870063636,0.6974211088764214,0.5982005560840505,0.5695858810247495,0.7240615453677189,0.7344151356147933,0.6718460832631175,0.6836808378212311,0.5796494170241129,0.5195318867436063,0.5981249258525233,0.7466548048261812,0.6174589824766835,0.6329315337776104,0.6303919728356796,0.7586317758308508,0.6957754079627108,0.1105834913330527,0.7176405826651916,0.6171127540098525,0.46418527347820276,0.6477651253217795,0.6554786496802295,0.5851830078393315,0.5726272184789478,0.5604434973200009,0.6531117763527318,0.7071372992466445,0.608666130586334,0.6470282304604236,0.6421695978864632,0.47979171971462403,0.7955043997529053,0.5916009653376797,0.5978717229295478,0.48003450425283056,0.6886060821984213,0.8325546111576692,0.7260033151275999,0.6404798477801759,0.3760852514563386,0.783806036888645,0.6283374535969991,0.7727928771149786,0.6043222625404714,0.6975008511091135,0.5973316998650908,0.49641420887791626,0.6543106837504622,0.604399885045768,0.6312921215469344,0.5399659316626982,0.6502313748489994,0.40322455508522326,0.6577445198967051,0.7025112145557671,0.5074863475972755,0.6971037324367287,0.32422627761423667,0.6214438524826772,0.6261592305656958,0.6888121593151124,0.6618390064265458,0.7048831630267963,0.682023433887425,0.595402205102614,0.7733663302283239,0.699981996227943,0.7208109781254493,0.46028887081048026,0.7495597870667419,0.5899800216943375,0.5791517346475074,0.6016497009078341,0.525645628265943,0.6470310359460117,0.6205094609977355,0.4929569589051908,0.6987078153556504,0.4873531739871954,0.7049735136798113,0.7016126359004532,0.5430808167222423,0.6093220778793297,0.8325535327496608,0.5884794400631752,0.5478195923646447,0.5853932169717491,0.5892922059502432,0.6242212864180644,0.6024692801975489,0.6819570753251764,0.7373562368747162,0.6383947881648725,0.8192641838214928,0.5111622257152101,0.5873754020264185,0.43390367619872117,0.5512526455209069,0.6011931023110316,0.42278264474703237,0.6211509747690888,0.2781687490693367,0.45147000132094406,0.496002951401012,0.5912519263946184,0.7510633023608345,0.7896182949371026,0.5240247538062103,0.587046594955238,0.6435201060506304,0.569990297946441,0.5905538775483984,0.7302158826883437,0.689556718894035,0.6308289429892004,0.6631203316871489,0.5678162529254337,0.599167204471165,0.8325546111576642,0.8309635896358609,0.591335265039782,0.7771854018645452,0.7302158826883437,0.5856513330929982,0.7631131374304846,0.6705816234468832,0.5820217274798354,0.4754673590368399,0.5543495016865373,0.5325391506340602,0.5997875134269979,0.8324817461479792,0.7336081159460934,0.7675030671841265,0.8322681535861891,0.0,0.5075704856195254,0.637091434400802,0.6215948889151952,0.47637266119123295,0.6834653490852775,0.607753237365902,0.7356886188632172,0.624983976469179,0.6864105554779943,0.4752363943730696,0.41336351671504995,0.7366585719092683,0.6542117055861161,0.6679163709102081,0.6094513093823675,0.5183314565246805,0.6940189692869759,0.6451918931761706,0.7859504908044523,0.8305080459483368,0.5339180533419888,0.8300436789404209,0.5715864655901982,0.588000805339926,0.6060983156191463,0.8324952506307058,0.8325544865068898,0.4670551608915443,0.6676453567166055,0.6241007246795516,0.7567314605671388,0.5384482733789381,0.6786239375566676,0.4468812381516135,0.41803403531191846,0.68977247686416,0.6763407974458313,0.7821483220901909,0.7908009183597038,0.3044843010655063,0.8208370869270899,0.832550955522151,0.6216754781241157,0.6056277747810564,0.823408377430538
QAT,0.2949230431012942,0.23086866466412811,0.417709137827287,0.46278399758888905,0.43014532802197775,0.39831115042795645,0.4838763388803457,0.5045892939089787,0.4492452278998902,0.2690250956096854,0.4785788033576875,0.21476117754043492,0.37804993877264176,0.45442976124469076,0.5870518215604179,0.4480902605490213,0.4667932382762633,0.36928370040395386,0.23986159337911964,0.3873336101301169,0.5303579164899271,0.32864425212194287,0.26443568648021515,0.2852785048926048,0.6163354160644289,0.3743927837025106,0.5041894660442814,0.5080359748110969,0.2565512257571236,0.18518550188650096,0.3905615630433649,0.4056479264899811,0.35786468540384425,0.1741796236110471,0.2614285826983476,0.3551871985690296,0.5224633320342763,0.22646124887826397,0.4458926984723118,0.46886570509236136,0.23824330222958331,0.717529014458736,0.3703178132642999,0.2513797824232757,0.12207430541782985,0.4902228965706305,0.8301669097735915,0.5159778543173702,0.4195941272843638,0.3497835459323821,0.6812939677669606,0.2604769000812114,0.5993928328503946,0.2607108438313371,0.5051918634293437,0.36318157913839455,0.282797641396317,0.3467187050605362,0.24376419179335293,0.30965278726878637,0.13028046278588412,0.4585486976229573,0.24942851043704398,0.3332649441300532,0.4274095935241706,0.2634405383905364,0.506380977035234,0.36373031000866246,0.4267039650408929,0.33923769225493206,0.45958465371016943,0.49635472244343304,0.4841130428018758,0.47931676924548733,0.4043386185552116,0.6419899928669267,0.4794927425240034,0.42120858871887223,0.07465382020668797,0.5872987540835242,0.3848127796902742,0.21572977607392219,0.36267384227778887,0.2897240662780254,0.3836800125629649,0.28624176544359753,0.1854352607424684,0.512103391399862,0.288927570563195,0.5430903191208943,0.48086083411347186,0.3066516397994931,0.38626597283476494,0.8069124911291737,0.35866149306156997,0.2867523495332858,0.3514896619238091,0.16956376130667097,0.3051219672072631,0.32802176816858547,0.4590694217745318,0.4736683018476512,0.33943471132948805,0.7793155113380144,0.16294921017595093,0.3861257961813013,0.36725863967391004,0.2743023484189116,0.23654335110145966,0.27325202866991144,0.3071550732189447,0.6188994231698242,0.1736630779670399,0.28229504515799453,0.3701157362234077,0.5338434283207835,0.638534964447705,0.26703234082088645,0.3800035250649108,0.3007419806634792,0.1912271138223382,0.38549142431351147,0.5849393447675244,0.48462862790804956,0.3717338346786036,0.3168547285296775,0.3597225274970421,0.2680091024136714,0.8325546111576247,0.7239831723353749,0.36936585027597285,0.4470322657713514,0.5849393447675244,0.3842679933218866,0.5079542553640293,0.3576437700376985,0.38979442420374927,0.26761954180544656,0.7289767873055134,0.2883653507685019,0.4174476014184363,0.7299488403201407,0.585129338844852,0.6509109696284272,0.7110428954573643,0.5075704856195254,0.0,0.356608025556777,0.4403146627902455,0.2518557368655455,0.5565662190318169,0.23636582082869229,0.464361451174125,0.27037089656358626,0.5005974923313893,0.3608986414441065,0.266528166770846,0.6119496475291946,0.38558209121938997,0.48097977490449584,0.29207192789680336,0.31158488425120895,0.51131420172097,0.3641388478963189,0.6871846816788706,0.6824650513732531,0.06863461273285901,0.7553932700228724,0.2853821059654646,0.20889743912311917,0.38598554735445467,0.7624911038739146,0.7924198423727865,0.5168375596451621,0.5106387133977561,0.28676779675884323,0.6220501282895606,0.33110827679526017,0.4372643885015839,0.28699196718640513,0.22634534356614652,0.5087846137392725,0.44570010414895633,0.6671815421885224,0.5865740071241626,0.4362562774553616,0.7127707682726155,0.822977260081791,0.739496377137031,0.21137767216133685,0.7206222171578137
ROU,0.26097663127500104,0.3000354413042624,0.18741860460319001,0.4391167941501416,0.25768879869348,0.1823635077328872,0.32180271530990523,0.33746604081535636,0.21561271652038597,0.4690595392729194,0.24160071481305206,0.24108836086937513,0.30400728952694933,0.3560942489412455,0.36759983608818747,0.24236428616714947,0.17988687883280013,0.238453048371059,0.229539787838613,0.23696376762432228,0.4134028771941484,0.15510962763954667,0.36901955482316795,0.2572325458506358,0.4451658631114168,0.5181936030888431,0.6288541980691671,0.2664256665701478,0.24386570863994997,0.4069781429883727,0.13116434777878636,0.3299431480419932,0.21666674314094983,0.28065863663278734,0.5023397733177231,0.20670823909293395,0.2581559563426244,0.27735341288718285,0.25806519225294994,0.3080674124805593,0.40540510888216263,0.5202201814847061,0.22474330288099467,0.21270052767329153,0.3113303379105418,0.2660336728062913,0.7916477929642447,0.6520888001600788,0.22028636898867685,0.49272499663033176,0.4943594462110659,0.4405036965220281,0.44258910345907204,0.19326388013480097,0.29043443094622623,0.20560278582364053,0.35659823233955834,0.25206562821285217,0.20599312948978896,0.5116675483648536,0.3814641357051519,0.30116271981429804,0.42305572881054637,0.3266519777164581,0.3877514871473863,0.2642629817769337,0.2755031238115347,0.549622133168009,0.2667611792728309,0.1018281953713227,0.22412398162915817,0.33077506430721687,0.2537469413964524,0.2830248126987817,0.3149521233472151,0.3986593144945864,0.2801923812297385,0.4088071425234093,0.3831875075583392,0.3600810294688426,0.24444748560668714,0.25809904520117377,0.21405077067422218,0.3274160933190216,0.07207404317040585,0.1745156239296778,0.3050280525601377,0.28808771059411464,0.42600873766826314,0.46267671698835444,0.23535568371957707,0.2974583493383236,0.2182471508926471,0.7181084627220221,0.21242025367172268,0.2500163799619427,0.20871478676021626,0.32179767710007967,0.14562361166818902,0.11775934587111236,0.15705324445470065,0.45354958088648184,0.1210438343318728,0.7809578687132508,0.27995080614091933,0.2546408010388636,0.5693252493180668,0.3192986597615171,0.23885315880028885,0.4376673196671504,0.14895725824364575,0.7080988897081582,0.3355518354205458,0.33873936443306635,0.5341269448452697,0.35866002201116104,0.4504123478195496,0.3563967844629374,0.3146512285996078,0.48603703781958624,0.21099914448302487,0.24804881143284896,0.40474704163157876,0.22663676453420292,0.2624362362468887,0.457729863445657,0.25397885870968423,0.2777626693341283,0.8322663993914098,0.6452786784292655,0.22103143555528992,0.5405957237047914,0.40474704163157876,0.2475830248751727,0.5027310528404838,0.35449461526895437,0.2658592673154452,0.37709798847239967,0.7749365349925057,0.3186219541242437,0.2846129105541746,0.7716544591041858,0.3643320281413244,0.4250970674251825,0.758409552227141,0.637091434400802,0.356608025556777,0.0,0.28574129017732675,0.4113743105493786,0.5666721071315765,0.23847422655986805,0.46075073085620255,0.2629198064895732,0.40349381498914505,0.49314550571578875,0.41192087684128753,0.5485542276723169,0.06799655901603707,0.4112668628297128,0.5083243794279706,0.3427521950934217,0.31023093914474226,0.08542517587666379,0.497426385270664,0.7424477222436293,0.3756916464847754,0.5257861395991874,0.17274706467828443,0.2329306752214742,0.3071215295852903,0.5325388455763999,0.5973502800261072,0.6204415323981507,0.34522256245437444,0.19679412254834408,0.3814977369060055,0.2697714349742226,0.14980137302133764,0.43868834024925485,0.3814367921896411,0.31621122453379097,0.3173128244653195,0.44238914652389705,0.38753838970433857,0.5592862088989974,0.7677618404541161,0.6532964484257426,0.7772545379832161,0.3082006450965662,0.7720181565405015
RUS,0.3184559620129396,0.4879434507356395,0.30478354011390935,0.626687610273478,0.19264586114012644,0.38629096233571997,0.12972113896230278,0.1416664812335635,0.20158751385207063,0.45080788403683775,0.1770579143201182,0.3921726655209353,0.25762829222548006,0.3026169042892385,0.30036085096223486,0.45656787696839574,0.22808835535692132,0.10963873501561992,0.28332682373587165,0.13331876850351684,0.43109117686094733,0.3995810023658443,0.41458222750859675,0.36975896954915277,0.2947832184759832,0.5133741697855396,0.6220006852090032,0.2465281440362171,0.3752526293571805,0.5145423284378935,0.3713842309999246,0.5370213677026193,0.16603511096078902,0.3648512971345633,0.5000996985326484,0.3391584692514552,0.25801447775019376,0.38820721280713233,0.18575923961337307,0.09128224703698029,0.5366602963655637,0.41834243366956714,0.15179353963489495,0.42208169564206055,0.39109838410947284,0.3885098062507498,0.7911906969030793,0.636936586827428,0.2200299465048281,0.579685877003425,0.36417955605738367,0.45575415458283125,0.45173035864231625,0.4046435907896332,0.17932570884832286,0.20303037198068888,0.3490498824662402,0.3544836588026815,0.3883910958066955,0.5051329939123455,0.41315609688497723,0.11754056637033918,0.44191797083984097,0.3870624423259919,0.35420840907348516,0.24909779352094863,0.23428550629421815,0.5185784854906968,0.13353792714169688,0.3605532457807174,0.17984054047243067,0.19094181314856742,0.31840954306430835,0.450271341126515,0.25104714335782,0.34440857463647295,0.1712669666880365,0.40481831048363986,0.4488155543831081,0.2302054437657678,0.09685132407700406,0.44998150841028506,0.27382090985561514,0.3413870658119837,0.23683251471075442,0.3667575560651052,0.42745490246128665,0.3628557720059406,0.4691617621038082,0.6441614796485593,0.30744071618928626,0.3194309791768358,0.17953077506347542,0.7219167458857356,0.17990495987769486,0.33651433943954495,0.19156934136645457,0.4100891350330712,0.36680941677571083,0.285658891527076,0.22632255844525148,0.4652202947967588,0.3423800496211463,0.8149688766636207,0.42226052286756305,0.2052962510800661,0.5397667677127616,0.39566944898309914,0.34208330422833905,0.43666884840920434,0.3858690380150917,0.6873503251330525,0.3878874685635783,0.3352962458334516,0.5103438385031461,0.23350304791961057,0.3038842488152588,0.4191532227326443,0.24092000172379438,0.4861006992974492,0.38392574267469054,0.2057167992461867,0.40611237771337494,0.22761784892565423,0.4673221958604171,0.4535053201414314,0.12391099735217741,0.3029616860532932,0.8325546111576231,0.6540925466415058,0.1564808387130803,0.5312500416231948,0.40611237771337494,0.16019670664545868,0.5088756633671428,0.3581098654754818,0.15151410877130958,0.4158966609402794,0.7634094346924479,0.34479302884695934,0.19074290548590125,0.7695212352602239,0.29828386339646906,0.34117203789418504,0.7562646353357676,0.6215948889151952,0.4403146627902455,0.28574129017732675,0.0,0.40587908040344856,0.6956684155931618,0.38227242940160644,0.47092843996819495,0.37461275814632466,0.5990462513857138,0.5326062398853307,0.3881149499942444,0.715678867043638,0.2902028019933935,0.6067108739779166,0.5025906292265385,0.3253060582311234,0.33724037827864395,0.2582652287046202,0.3670132667663193,0.7389833117571784,0.4497993679876427,0.42026706153766114,0.34003299650255875,0.4141759141173335,0.21422094641113798,0.4914389270911998,0.587973489407903,0.6235606178068798,0.13668663665529004,0.3622763118963199,0.3271615947864603,0.22888615501315757,0.2899783813456562,0.41030507954341916,0.38811485979421273,0.3157755518385857,0.1957408620316359,0.4082665328346149,0.3081661028073352,0.6093882692180139,0.7614672155052662,0.5279052464758861,0.7673413189949801,0.3982257747677371,0.7661848184851437
RWA,0.30110118393529617,0.3730602280753879,0.4824516524717854,0.5786734335363268,0.4435907098610694,0.4790527096072302,0.4538496990958846,0.47019216078358833,0.47462026793049056,0.155275740553626,0.4637440457244225,0.2911903347821936,0.3091185624904967,0.4323884634642896,0.6082061421017778,0.5268507399155677,0.49849838155344744,0.34361959310152324,0.2619316463658641,0.3777717105187566,0.4703550812497505,0.4215383184831066,0.28864201466914435,0.30734199344643054,0.591489332828341,0.42732809827307977,0.4652877319855889,0.48243664216867127,0.2989183677779986,0.34887656678689766,0.4672633176910623,0.4930990967845326,0.3581025538329916,0.24463083966305987,0.361554470603698,0.3675543213159493,0.5543654498451752,0.2769109096766752,0.46866234350211716,0.4388275132596226,0.38802768194911963,0.7052660935362522,0.3658487489048947,0.3526841669449902,0.2245848789223921,0.5592288248635569,0.8316556085305804,0.5779415119549007,0.46225878189109243,0.42194850094570385,0.66240088397212,0.32859142049245926,0.539221436278816,0.3502044238044777,0.5012222598973161,0.387761753240226,0.15987578505919023,0.3474304282717679,0.3197294519470626,0.3928304426301987,0.23500505772903452,0.42906963523259944,0.21303209386446742,0.32003263283035166,0.41828676868544745,0.23179712799326455,0.5267196373241722,0.3504371828071916,0.41462532984383643,0.41917534197037953,0.44709341605567665,0.4877308665729675,0.4725910562750849,0.5600844377876566,0.3536996560627925,0.6117040156727378,0.4525055203340056,0.3951864691595199,0.2461762956183278,0.5598490984511391,0.3601959488815675,0.34310764264915733,0.3823572036496381,0.2039628626111091,0.42511143735175394,0.34322119860814587,0.2926570686021573,0.5708061531503924,0.27503615464033054,0.6365130723024703,0.4756048699719539,0.24879807828869002,0.405143978936487,0.7497884780992564,0.3690593168998766,0.33048787452092987,0.365277397354428,0.25791326361572864,0.3683546296124171,0.3973074406002151,0.48848498769252124,0.41946834085826673,0.38829985016371765,0.8209107929585138,0.2936633100151469,0.3432983115860118,0.40437195055990427,0.2868576998787315,0.2782969080974605,0.15686984626671607,0.38373612001002927,0.5998215126566548,0.21152227959593695,0.17695002780429325,0.4186924884681556,0.5039406558756542,0.6098613875089832,0.2720198309958307,0.33904650118737656,0.3736738054693427,0.29832017298280006,0.3507898678067033,0.6241388199290201,0.5119605376372685,0.47037830664710967,0.3491891826446639,0.31826963375272066,0.2732927555368802,0.8325546111576552,0.6483605490267239,0.37083521270021785,0.4855201560026822,0.6241388199290201,0.3487044279837171,0.46211533654455256,0.3376352032076541,0.3403873033304985,0.2452078652863676,0.7253368131898843,0.2244470683905132,0.36372402836788953,0.7545393481918996,0.6065430687421137,0.6432453968779949,0.7390495158479019,0.47637266119123295,0.2518557368655455,0.4113743105493786,0.40587908040344856,0.0,0.6543993590432653,0.2951744465150334,0.41659660412249633,0.2981792731808128,0.5982257165891486,0.3503750040905269,0.1728327567265971,0.7040121049824405,0.4256327436194857,0.5863460646943209,0.3817899863099045,0.20662886095767058,0.5598352148755522,0.3946591682127579,0.6689248061400236,0.7171050555007519,0.2734849839391616,0.7100735139323103,0.3688981724035125,0.31364668581461175,0.35113451449411126,0.7016135723077064,0.7291920981293964,0.4335271575289228,0.4823900134729471,0.3309851051058633,0.6128654219194712,0.26789889689458607,0.457216043141174,0.2187251204401633,0.17310716902585077,0.5500878446850974,0.4174323993039601,0.6393539321746264,0.5449624758678873,0.44656212884189717,0.739492417908952,0.8150384324303651,0.7169301710196889,0.26614716914666564,0.7457190533533578
SAU,0.5458563420944911,0.4543132876349834,0.5084101493927108,0.2979051351698233,0.6121336112663345,0.47404911737791705,0.7293377456734497,0.740859697609635,0.6306751959686361,0.6688472953564631,0.6992373002290311,0.5663478880503688,0.7030753340055959,0.7656331210552111,0.6849666576811162,0.5249685662464395,0.6247311841626938,0.6443941225312809,0.5671538755309578,0.6317154032259241,0.749137344225381,0.4924431954147717,0.6649827812314539,0.6200400916024561,0.7750555938490098,0.7433000220729274,0.6568705883435514,0.7151751224899536,0.5980518086922563,0.4781216725952841,0.524132429348834,0.49158060883292365,0.6107012809773085,0.6062837686922888,0.6853952210841362,0.6272064536273405,0.6419781556572662,0.603514354879017,0.5952040422670949,0.7048073978948706,0.43307567561315735,0.7819884493645105,0.6247302053837867,0.5067220151370808,0.5469157992805974,0.5603981888983408,0.831942460061324,0.7790338907940332,0.5479910582593687,0.4513192724111316,0.7755479276389193,0.6892364829182848,0.7692099291734413,0.5219581747478791,0.6936570596766214,0.5623564877465468,0.6594792962744235,0.6430394258771708,0.5508804065448777,0.7171922455426071,0.6361084733992266,0.717892545560962,0.5801620890020216,0.6694471587246289,0.7677395544934076,0.6285423588660226,0.6563786363813753,0.7150323998721878,0.655036271413036,0.5188464039606484,0.691260536423479,0.6744233178761723,0.6842491253805054,0.5276271704696377,0.7268866431566667,0.7634304926659843,0.7253098175522867,0.7532937279975143,0.5535605507833283,0.7492146667011994,0.6511636092814366,0.48696648956383176,0.5548620305597004,0.630425328289465,0.592418119922802,0.5662656666750882,0.4670079172556395,0.5902401073246906,0.5309508595492417,0.5057249532675615,0.6760360878755921,0.6193580762694765,0.5789510477870571,0.8286574870158574,0.583912968687678,0.4908771119967718,0.5768365405877087,0.60463624795874,0.5527661194899463,0.5197250104831107,0.6256650777222528,0.7501500981038715,0.5732437366923174,0.6770795168117947,0.4771039315257172,0.6560883578637388,0.7381926721435198,0.5218853638889539,0.6121641390825714,0.6244834151347582,0.5297840209016786,0.7526668083719131,0.5560351050861451,0.6463870447661417,0.7582964217682652,0.7741052219059866,0.7907038597543593,0.5216270605593973,0.7279020291290829,0.7131314993575264,0.5282864480284076,0.6451485897976624,0.6571530412849117,0.6379324503309187,0.3988956497710489,0.7283114748967116,0.6732760794765736,0.6655354200112782,0.8325546111576513,0.8185765872340426,0.6019210561006386,0.7860043471191914,0.6571530412849117,0.6526334615307959,0.769926883486919,0.7200474625519098,0.6846098230772912,0.5501247825619686,0.8012081824521052,0.6121730929814729,0.7031957033433102,0.8227539115649287,0.6837485116755577,0.7466970155821177,0.8204640267768074,0.6834653490852775,0.5565662190318169,0.5666721071315765,0.6956684155931618,0.6543993590432653,0.0,0.5814828201060364,0.7504055592659069,0.6162371447400945,0.47560851024773154,0.5182164026648992,0.6737251704198698,0.5254882503005517,0.5919945565352536,0.4316549003634185,0.7076252002481657,0.6806065829411049,0.5989957385789881,0.6077278098035338,0.7764530861693696,0.8161812681517595,0.5802370106939528,0.8189388012257985,0.47010534698514206,0.5260200199498071,0.7296678165216699,0.8234818547405904,0.8272807079468433,0.6261569843025534,0.719181812039766,0.5856406819763225,0.7351390012270853,0.6582285049052337,0.6310142070855429,0.7079017504240379,0.6099846418772734,0.6071021427982876,0.7488905868645768,0.7708354559090018,0.7887956504709777,0.512208053501111,0.8164491331608661,0.8301265759489715,0.7910079287405545,0.6152715767225521,0.8176857045728972
SDN,0.2846138032841676,0.24793144346416912,0.35256188137129063,0.4697559053532389,0.37888764433233096,0.3264700427303095,0.41334294629852536,0.43455373288175564,0.3661324196896612,0.3750606524044344,0.3596914769649247,0.03261651348356803,0.31699888383321784,0.3513894330570683,0.5181042289073425,0.36976913706995584,0.36815645844051137,0.32485945454811826,0.2399215343947869,0.33942612484792106,0.35061693969656677,0.2489798517720771,0.19471846121228395,0.07269018726653967,0.5439636629491552,0.4013615624064871,0.6028787207143352,0.37112398737134006,0.0315389831169055,0.35110447876184875,0.2992535422968727,0.3345773504495346,0.3136635666470767,0.11200300937503631,0.40339601438126393,0.16276795650055947,0.43823160400055194,0.061298190729574126,0.3919886662362079,0.4088211658117835,0.36915775984782967,0.6578058875232604,0.32271528789617426,0.1487430114343619,0.2233487771960651,0.4231403682988317,0.8065341786304558,0.5932124050652153,0.36454378315765956,0.4704204925491383,0.6117541281671885,0.29930265168195425,0.43246431982154737,0.13070471710051176,0.4172131006893426,0.3204046793601595,0.2681279776356955,0.1432336323149852,0.06713602331864263,0.40283584759208707,0.23769014496540838,0.3891422807766592,0.3636899199852303,0.15980035820214764,0.3513940926806249,0.26206700559026025,0.42451483022271114,0.4818597927329871,0.3735355471956772,0.24050304775219392,0.33758841010137275,0.4433602553593755,0.33541899365734423,0.41926966606812827,0.3381708979459718,0.5340400576907555,0.36768620099172983,0.29997806767745727,0.28342351980361735,0.48345019053869254,0.33694530535700273,0.17799314326062818,0.3097845393649564,0.2539805215272726,0.2722806617828459,0.10071795294827453,0.2609266567297041,0.44498156018415136,0.3646990384812817,0.5123922525047155,0.33792834581751896,0.26342985052884643,0.33928113599331094,0.7205637829318211,0.31747426078169677,0.287941029386392,0.3118833728731848,0.13826562392983327,0.14570301556100754,0.26524940706015804,0.3529532018319717,0.32945748639565736,0.18071099808251506,0.7854844984894428,0.22322515655719027,0.3316620554615275,0.49167560758397083,0.24756193306652083,0.08538965446551591,0.3603883465651901,0.17363039421765206,0.6867072471004704,0.2702893507562716,0.2752840276340995,0.44335107513926186,0.42874546727281904,0.5513312669158863,0.2867734981248843,0.32541343913710874,0.3629661093867377,0.11554185573592701,0.3317912110941373,0.5297981298280835,0.39463617213608115,0.3181844104284893,0.3191414994623901,0.31506299750076244,0.1837161795201624,0.8325546111576394,0.5973159124816478,0.32590521976338155,0.4430869025904638,0.5297981298280835,0.33549056772333924,0.3870125341628805,0.2399672938290289,0.3380965032075871,0.3336107241823473,0.7634365512354613,0.252303684747292,0.355363175680872,0.7469424752834293,0.5156984549595519,0.5745606545635774,0.7286124821185148,0.607753237365902,0.23636582082869229,0.23847422655986805,0.38227242940160644,0.2951744465150334,0.5814828201060364,0.0,0.33306202906792304,0.06229623559487568,0.4640673719241376,0.4555536998385954,0.334060504256559,0.591421712331079,0.25117648082217486,0.4612595353544492,0.4021440660885874,0.2710823335751973,0.4512034600764345,0.2261742897608135,0.618178998591404,0.707654687272311,0.24977510517293766,0.6510643580327674,0.2560579947130708,0.1015713633847654,0.3261284786533276,0.6314993212803768,0.6665293052681501,0.5993003545653459,0.45026062083468393,0.07957108878002063,0.5332300414198696,0.29875325038274153,0.3011314893056188,0.3314091863979156,0.31904041250662823,0.45126338993971354,0.3606125684041741,0.5680762162683315,0.4544929478274874,0.5406116262559316,0.7457594025983318,0.7855276183928243,0.7694405415639695,0.10898782339572623,0.7513981020092189
SEN,0.49280895173169037,0.5196674126416646,0.5503371360473284,0.6911156529362488,0.5215057904252333,0.5518889039132682,0.46187781516661286,0.47531942829725365,0.5050434156820215,0.49581664580532325,0.42138170097155353,0.35189846521630025,0.4155695059209249,0.3110467565344916,0.6115224830321002,0.5819676679371393,0.5152267808677101,0.4659380323319357,0.4656913966881096,0.48273582295476564,0.274572470505516,0.5129940431496223,0.22282590858658063,0.28547533608633346,0.549560736484357,0.3616342921997405,0.7409731568029644,0.40895518426584115,0.31227323229769716,0.5979910817743722,0.5301149602218476,0.5575614369877082,0.47805788302735575,0.3430036579128221,0.5104424293279212,0.34091983672664533,0.5673106942485397,0.29580441394277956,0.5368130432803208,0.4852990027265837,0.6232594933227963,0.6831752553693552,0.4754336671677225,0.4476903068396748,0.4751383790383025,0.6049706697524081,0.8268827716875686,0.6308676118707423,0.5381152501886322,0.6973679506871747,0.6289681699406792,0.32649362713245017,0.38680223526993157,0.4314154517750594,0.49273981175117537,0.5046869719071626,0.42501546006424296,0.2917296261154903,0.38345961393326955,0.4497024240067103,0.39248268843387385,0.45020482736057,0.5587158025628689,0.19946629191471832,0.33394833287856424,0.4432878610202738,0.5382528512493807,0.5901570664211513,0.49274187216622223,0.4943696740862041,0.4085855733548908,0.537540272339461,0.4195978890864602,0.6161228584366863,0.4055594109355255,0.5520470737468489,0.39446323079726203,0.17962759682228152,0.5097210097812185,0.4992924548747377,0.4693663585424988,0.4673199754353551,0.4938739450374491,0.429884918398634,0.4628005574709063,0.383877634086091,0.5309227578177385,0.6072354552650953,0.5571467805999094,0.6941982581602284,0.43407269574392116,0.4414504085973986,0.5084614703681946,0.7121031577471024,0.4934954047481748,0.5167569593458012,0.49368282775186445,0.31682185018346365,0.4178094549699792,0.5035229080516921,0.5013226334050114,0.04450140892923686,0.41952446663445764,0.8254884468707591,0.5075688036894505,0.4617852058418862,0.57607178504489,0.4678997997574943,0.32174105456657803,0.5282465872673046,0.44933400312857713,0.7666361263669601,0.5008314236083354,0.4430844591034636,0.49175897157844833,0.3996080502803901,0.53522419114349,0.5001101583026226,0.3925113025560175,0.3828495344318113,0.42403717068311403,0.46823695774853336,0.6428143731695767,0.527058609572539,0.5646724401278075,0.2914179039107365,0.4387955573895792,0.3141798944690627,0.8325546111576494,0.4263175453270591,0.4899196659915641,0.40362547990836706,0.6428143731695767,0.46783608504988006,0.07921332361295987,0.2165048604544007,0.44744115657317374,0.5379802956148957,0.8004814940242247,0.43876284083933664,0.44438207128154605,0.7412294670377351,0.6100637416519867,0.6192074963112548,0.7183605961684586,0.7356886188632172,0.464361451174125,0.46075073085620255,0.47092843996819495,0.41659660412249633,0.7504055592659069,0.33306202906792304,0.0,0.284578796873407,0.6648378958611626,0.6378932235550961,0.48259256875680556,0.7486519003479017,0.44912313079189353,0.6720162644490107,0.469846368036421,0.4073256657999536,0.5978419240393078,0.4141380833797283,0.6366922078381203,0.7016979142159137,0.4468036911785249,0.6353139168704794,0.5174976879486349,0.4101043621402636,0.3847156100366469,0.5894150567696064,0.6463436109333758,0.7305029256329162,0.511430014756241,0.35263986562863653,0.5836019854369446,0.443897648367886,0.4521685775307659,0.4345299191666878,0.5099266284907116,0.5895818691381792,0.37541472377028673,0.5888289252226958,0.38350824485834334,0.7323081221794605,0.7629106836041508,0.8093314678521204,0.8091241907115323,0.28325101764209804,0.767228363989918
SGP,0.30504932908257454,0.3054569523655993,0.3784175291236287,0.5183951174166643,0.38610988924164336,0.36205314732678745,0.39946515040254854,0.420493029270545,0.37233756654918687,0.3853261876696987,0.3422141652224959,0.09174865487248657,0.3043560309132789,0.3169577515930043,0.5233422810549316,0.407468629884985,0.3778558845354179,0.32587316694267315,0.2616737530102978,0.34268247689482173,0.3023615348833474,0.29687722607291606,0.16678148791556602,0.02173122582830557,0.5308234994970272,0.3844183282278486,0.6225657571068136,0.34777003441371684,0.033765200663879315,0.39634004402651957,0.33713529223220984,0.3777369948913058,0.32091508977695954,0.12237421466888378,0.409692977005471,0.14737765273875617,0.44857008712728275,0.05857335275884135,0.40122857845838905,0.40061518978875776,0.4190889086811622,0.6523475179773636,0.32714920871231623,0.20663840374288395,0.2579659802393541,0.4535398565670239,0.8033121224964771,0.5924557189939514,0.38125882430463487,0.5111850968166191,0.6030696093864216,0.28703985514386493,0.3946588809867997,0.18573042461423217,0.40930016651730355,0.3355974016583943,0.2672081636532583,0.10504262166495475,0.12324782131558695,0.3984286706190685,0.24521598161620228,0.3758807742558925,0.3891246219314943,0.10025739492375818,0.32138707505720177,0.269793793224935,0.42839843468546335,0.4919571285753309,0.3731438291233658,0.2817624475854227,0.32002569076948184,0.4422895561774199,0.3181062008824786,0.4558714128646059,0.3207308470196034,0.5180839352702518,0.34429812707177615,0.25324638198360183,0.3167043924315684,0.4663218282719495,0.3366452129218498,0.2373688823058342,0.32337779529276633,0.25632330459423486,0.28707196813458297,0.13452271971420005,0.30703660251126913,0.4694027533971925,0.39088260103904066,0.5522659411395852,0.32477774279825006,0.268179241162934,0.35114959976601856,0.7042938681429732,0.3292225864031608,0.3174232944804581,0.32507754223310587,0.14701292740559832,0.1818911203151457,0.29823202236952945,0.3612600776168739,0.27850691510555536,0.20332412315540657,0.7938560880265118,0.2743714996212326,0.32958175147041796,0.4972848079437854,0.2676067894808554,0.08077410910024234,0.37754151024877103,0.21768060170182174,0.6967666457071365,0.2995545530590759,0.2796831023568825,0.4387596037504061,0.4017745337259901,0.5344402360068872,0.3106487539648188,0.30766774335586855,0.35282963890815094,0.17170620776901074,0.3316382783132799,0.5433135316691514,0.40193315058513546,0.3623569224031604,0.29657276730468185,0.3100866627876176,0.16149749484704787,0.832554611157641,0.5659593379777139,0.33440339584842177,0.4237157448601446,0.5433135316691514,0.33482261646954664,0.34287293670320396,0.19463145636727877,0.33134803479917513,0.35950099856494455,0.7679254560108651,0.25832844070000854,0.3447213290772816,0.743937123512884,0.5210458494710095,0.5686736020492095,0.7246122046073413,0.624983976469179,0.27037089656358626,0.2629198064895732,0.37461275814632466,0.2981792731808128,0.6162371447400945,0.06229623559487568,0.284578796873407,0.0,0.5069906615774793,0.48410027844375764,0.34228447042283466,0.6281028110161281,0.26589531517380954,0.5073872126662146,0.40119488114536717,0.26303881147339153,0.4687709268658184,0.23225891509514135,0.6098740973517646,0.7036807731456168,0.2761755904487746,0.6346799030113229,0.29747641731042224,0.1625991122868824,0.3067217971738014,0.6085494818836475,0.6451281173179038,0.6197502873546942,0.4418461975418016,0.09825692130517885,0.525701788120707,0.2982468447078946,0.30291890197521154,0.32805834194564554,0.3389156577908176,0.46522980305397604,0.33564373365214617,0.554545511381798,0.42224402821312224,0.572689313910258,0.7458767023886866,0.783073851378054,0.7750615687080318,0.10187971550718807,0.7514768129377457
SLB,0.5089041474713364,0.3087245176791255,0.42188778119477416,0.22983439148546092,0.5413863084301709,0.341940204218537,0.6256254739560505,0.6359262084259197,0.5144284946336566,0.6193462547701348,0.5850999643216734,0.4486287175998148,0.5978264264164099,0.6501490888848102,0.5659881013487528,0.21618709285769838,0.478217881125553,0.5605474417873763,0.5045121420746728,0.5527548746515323,0.6521807407077252,0.2812959471856558,0.5805780041203426,0.5084732845421871,0.6811244725613619,0.6750059549280952,0.6723236542100414,0.5989508906839991,0.48305368498465384,0.45596425416168695,0.28877197357878576,0.18986940982636288,0.535424192656096,0.5141222326387641,0.636101053623248,0.498152631844935,0.4943086317005899,0.5006116747549257,0.5324119731661632,0.6087237808164706,0.4075818037773435,0.7039370301493079,0.5448285440258189,0.3412633939217715,0.4939294682337192,0.3182468901269046,0.8207855714400067,0.7374032583057303,0.49009804865220263,0.5016589379039101,0.693466837349529,0.6187498212100269,0.673625147908403,0.35860742890862757,0.5887764279879046,0.506629731102789,0.5857980806482642,0.5269421862087488,0.4132149392392456,0.6572505144952494,0.5674818722970979,0.6143736185301002,0.559114056223337,0.5710865481339656,0.6528618001387864,0.5491990507154794,0.5378475347366085,0.6636032374847729,0.5709884767853705,0.3192621259873457,0.5757711095621189,0.5947823423911033,0.5584278940465427,0.23388167874131,0.6132324853446173,0.6613264558860947,0.61417612451978,0.6496200242297037,0.5161911926208557,0.6460091723276253,0.5656437637010618,0.3403161869269791,0.5066426282377029,0.5663737892890195,0.4467311819368925,0.4197272344161022,0.4399287992316847,0.3880559064130853,0.5476445392564153,0.09530805456613695,0.5461941085519082,0.5544546241622264,0.5191645130258111,0.7956068155069571,0.5217444458037238,0.4784356580589962,0.5165740713396384,0.5182934732733384,0.38689447261544946,0.40854597465761433,0.4778425704377152,0.6628925289803642,0.40812151958020293,0.7636456776184647,0.4171900181359488,0.5679205567560192,0.6865979134499787,0.5165799178530494,0.5051387639435339,0.5871952638730978,0.3439792591502678,0.74529857055103,0.5169002822284885,0.5739849445843952,0.6814920819971946,0.66161230258001,0.6939812924400552,0.5249023473087442,0.6156930002655514,0.6471839843027054,0.40982783659566696,0.5616106204405821,0.5203964871251997,0.504419163775075,0.3100781070959396,0.64667128702603,0.5778449360365597,0.5638201092903379,0.832554611157642,0.7647876473831635,0.5338763016573959,0.702327199071283,0.5203964871251997,0.5670513185940871,0.6889789779757595,0.6155239215743993,0.5867762751134787,0.5354215629592304,0.7947811141848852,0.5559130839630595,0.59921677395365,0.8058792416447271,0.5639616272265912,0.6503055948432589,0.7998284823386927,0.6864105554779943,0.5005974923313893,0.40349381498914505,0.5990462513857138,0.5982257165891486,0.47560851024773154,0.4640673719241376,0.6648378958611626,0.5069906615774793,0.0,0.5651520005484115,0.6005137562020925,0.1803894248219265,0.4291182417816528,0.0781692089108196,0.6506531510755161,0.5939791469323611,0.47726898368239373,0.46767114538535676,0.6949330007678525,0.7914209373653277,0.5211522024634309,0.7374777491726886,0.4017943415002863,0.3920485633617757,0.6174956618023457,0.7411117064544124,0.7581105349413035,0.6589268274116056,0.6248842110317296,0.4523585044558029,0.6302060782632063,0.5682747085380528,0.4812266341430289,0.6288365485139779,0.5607110908060238,0.5085668805455023,0.6343658992846727,0.6726419167731621,0.6786601737955449,0.5789900811486007,0.8000714783344448,0.7830121207113733,0.7916494920984223,0.5221231051087623,0.8022982199021987
SLE,0.3100307912193146,0.3914128839950587,0.5009293429513806,0.48047458592759495,0.49551204822961753,0.49153964122766386,0.5931916120054155,0.6085141026087085,0.5502398581802407,0.3636662972767067,0.5958556383983892,0.44110696397554755,0.49956579112137767,0.6369440654515117,0.6509571457327848,0.5403035328236957,0.5679755804821833,0.45044567593206536,0.34367726715574276,0.4627911101614861,0.6520869468752033,0.45550218005687027,0.5123111260617038,0.49099305335679694,0.6927164145769044,0.6085584882306496,0.42910770739720283,0.619791515067461,0.4703451883056621,0.31583603864828064,0.503090217461389,0.5128094272901066,0.43813760319964057,0.4314546869401897,0.5011768262944619,0.5200174491774544,0.6048603947795388,0.4636111707969325,0.506173092289096,0.557576206870921,0.3175106051028685,0.7469032145237648,0.45488797545278065,0.42886907644116284,0.3130972970236997,0.5714778783844361,0.8284490565309162,0.6770845527953037,0.4873926442833466,0.27668347391101256,0.7251033646796331,0.5269417209750258,0.6895919107113396,0.4392202116473506,0.6008381378946813,0.42459490886949436,0.3751158000382335,0.5241012532449166,0.44434959791336637,0.5573488107394343,0.4292359021668278,0.5724076571583319,0.2037534545483307,0.5347728224757062,0.6293537685084025,0.37889835548129697,0.5937866797483012,0.48428770157773243,0.5039440331898256,0.47076015719675646,0.5836428794206392,0.5565309728628398,0.5981136304845341,0.558999756758031,0.5486226485140047,0.7023118536394644,0.6067205507777353,0.6215415219343956,0.32193069580226086,0.6692327226432102,0.4667817376197042,0.40381276972228436,0.4153547153372334,0.3456528957992181,0.5122165946900017,0.4673586219081146,0.2722945163202529,0.5898407136920081,0.12165856473724736,0.600059767421133,0.5934526121394935,0.3542790897123975,0.44685699531609946,0.8134517029253515,0.420661629764637,0.3058098237109568,0.4138410257912579,0.4480325023647955,0.47021533284071965,0.4374447853147233,0.5647383705532465,0.6395275960291739,0.49272521242292455,0.7228240657784454,0.3131311812211955,0.4541346925959435,0.5440128892023476,0.2956130869472107,0.4598361999765411,0.25451207222981065,0.46302034749889165,0.6224103020953322,0.2709632932596568,0.3541460494354726,0.595682327582644,0.6679131240810433,0.7182318076998376,0.22723298587929033,0.5460988491729718,0.5561854801250188,0.400226206102826,0.4472359782333286,0.6455297834436957,0.5793214898506419,0.4578975427832622,0.5706063603191938,0.4700785692628334,0.4860096147011938,0.8325546111576505,0.7804384103476031,0.4335068782117637,0.6694613778351837,0.6455297834436957,0.4553022150355804,0.6704162617975424,0.5680881195725901,0.488377577438608,0.1755240459518302,0.7408399503769697,0.3288214635181777,0.520306317044623,0.7955570947335099,0.6495913214196005,0.7008497961206717,0.7883292415614263,0.4752363943730696,0.3608986414441065,0.49314550571578875,0.5326062398853307,0.3503750040905269,0.5182164026648992,0.4555536998385954,0.6378932235550961,0.48410027844375764,0.5651520005484115,0.0,0.3849960098859018,0.6573674010375218,0.5189150254449069,0.5341326574819655,0.5399163454609218,0.42948347755876065,0.5830252552464235,0.5105002995103625,0.7286156984739007,0.7751138522704311,0.3995831428946205,0.7847217416863691,0.3748106670432134,0.4201483125668342,0.5553777705749149,0.7915397708688606,0.8041732649959399,0.2984629087878762,0.5898047542509565,0.47552637483810967,0.6822393430462845,0.4187744931296344,0.5574564612551373,0.4654722098159645,0.27661781839001387,0.5772948184009908,0.6065261879965971,0.7172511471787671,0.7033336600296217,0.28351060303255404,0.777696814106101,0.82098637432126,0.7180851605054369,0.4658504363375066,0.7815658465363761
SLV,0.3088049297441757,0.39669849314340744,0.4796055017108983,0.5921298470435576,0.438345491443864,0.47704774572748304,0.4361603541249053,0.4489068291330893,0.4685844558868907,0.1447487151279815,0.46155893260133,0.33049236590896763,0.2723852159121761,0.4310435749388991,0.5969211238596382,0.5229262147342698,0.49256742264230047,0.33238118833008373,0.2553060757373421,0.3697320322657298,0.5057377636483114,0.42525882709807555,0.34858351325074655,0.3481406732657824,0.579650039506533,0.4479798557259666,0.4136668590262943,0.48268694780127347,0.33856693746776173,0.3445882944065526,0.46646321013771314,0.516353953749234,0.3514106361456306,0.2681215927587725,0.342959390679148,0.38398241363907326,0.5453741170217202,0.3273466092943735,0.4643788452081045,0.42208860838906004,0.38911248724284236,0.6870185297599252,0.35742610036191547,0.3728232963030968,0.21936869599747155,0.5543345406673301,0.8160751381654394,0.5619541223524502,0.4596409679013109,0.411537797174405,0.650072952381754,0.3585381397609463,0.5572149232161753,0.3688632070571132,0.493867588306944,0.38685108145848035,0.16217868016758635,0.3764917480623474,0.346911622541492,0.39207388309947544,0.24696119788101822,0.41140778794707955,0.20615081877943958,0.3744587732257573,0.4067330974506974,0.2081340710917528,0.519166523478168,0.25463439181979763,0.40456955732605526,0.4214271195208943,0.44579799398619063,0.47816921062170037,0.47143932744082634,0.5573559164348336,0.3134976941965597,0.6001584895918757,0.44940653448372997,0.42281307151633035,0.242062628154962,0.5538730035000057,0.34851836347576837,0.3696431073916662,0.3829142284360288,0.2265999988345625,0.4235131234304279,0.3616011367640517,0.29790454843046105,0.564368478651631,0.31960366970796794,0.6394941452054522,0.47281717808074264,0.2551588741072248,0.40302637623568954,0.7736510965402128,0.3668881595773962,0.33910016188731545,0.36359226791256455,0.3111701127608904,0.3795497686291838,0.39632956749034404,0.48301068261847907,0.48506070359322423,0.3947013438478315,0.8259421132606563,0.2998923675458942,0.3343536206121118,0.33221888805820543,0.3205317815250964,0.3011319746266891,0.17752313442101558,0.39283419550006793,0.538827018914001,0.1999583883846332,0.16747701879823768,0.38545814221226743,0.4998205868293639,0.6029805611295119,0.3096650401476688,0.2972591196959931,0.3883193114618238,0.3141473905864841,0.34442349815546053,0.6151310904850017,0.5053074670165413,0.471851729227136,0.3761008017830681,0.2957048084167636,0.27708794530792646,0.8325546111576472,0.7052038165127741,0.36699838752078356,0.4967244600946866,0.6151310904850017,0.33874157258071413,0.5260649282332304,0.3591119320884012,0.3185823688761761,0.26380175570304765,0.6940559361993266,0.24816048905922744,0.33869140878012144,0.7572129670562145,0.595315380665737,0.6279079959031747,0.7432081323079351,0.41336351671504995,0.266528166770846,0.41192087684128753,0.3881149499942444,0.1728327567265971,0.6737251704198698,0.334060504256559,0.48259256875680556,0.34228447042283466,0.6005137562020925,0.3849960098859018,0.0,0.7101499395569757,0.42552980406412744,0.5929367504672342,0.3752368163087723,0.18030393363501845,0.5533011550969195,0.39689181861342776,0.6558753154315903,0.7200203686522233,0.29151333998103207,0.7039825475118461,0.371782523548615,0.3447604335466543,0.3175306176963127,0.7045605121944333,0.7304622034535679,0.46255152528417126,0.46618000716573943,0.3548383200226083,0.5988443630679144,0.2480752474926927,0.45416265219449203,0.14620201708276018,0.14045400303350525,0.5434605351107364,0.40090338187904506,0.6238341004174526,0.5523213420737147,0.43368862998349855,0.7322503181783978,0.7860647754380252,0.6818439856714524,0.32242706313076763,0.7390693756604657
SOM,0.6463510139425134,0.43922242841883397,0.5557361303347412,0.3178835319089654,0.6619054659236491,0.48993641116468045,0.734814361653857,0.7430201752311929,0.6348596701221351,0.7143603432997185,0.7013501862019347,0.576965522948543,0.7210666639643063,0.7568324331790993,0.6555307435157424,0.3667398674733417,0.600418996994997,0.6873186754884116,0.6408917204517077,0.6783078957257578,0.7440157157394736,0.44059461629433616,0.6832864045306003,0.6301247282157058,0.7672275824916924,0.749143981724184,0.7242086710221937,0.7123921378779797,0.6082277318847185,0.5552055931408075,0.4408681123037044,0.31170793027892024,0.6650456356342908,0.6383860460325796,0.7151921878090426,0.6260428277495536,0.6026831728857421,0.620470181122087,0.6522334740458098,0.7208191572999126,0.5067578687699961,0.7709601293378858,0.6723933978821919,0.4845644170130389,0.6206117606578947,0.4313064910440597,0.8299575749588661,0.7828533596266123,0.6170578528348447,0.5799904831644408,0.7667939134130013,0.7088455402157331,0.7600043500167105,0.502277508552063,0.6979676424147383,0.639072436189881,0.7025318266364345,0.6477612611580047,0.5490395520691963,0.7336909276018366,0.6738075322747632,0.7272511543969348,0.6677332057956411,0.6799462448803233,0.758915922189973,0.6791752568046477,0.6470651663175553,0.7401017958150609,0.6903370663346774,0.47448218649287965,0.6948564214367569,0.7021343356910025,0.6769696163575317,0.3547468420486106,0.7338617347825498,0.7532063010974996,0.7270503509199575,0.7484211892054035,0.6247239764932258,0.7434478666125208,0.6905513728688683,0.4762728729130159,0.6437340502354617,0.6881452494833376,0.5842006929147662,0.558223604467272,0.5717418582528216,0.4918537654293665,0.6559191621141829,0.12321216920638277,0.6669312437898797,0.6815308928714209,0.6482386254970722,0.8220897387734675,0.6532454641703602,0.6165445513209157,0.6490884341802832,0.6311866258673181,0.5318885506249585,0.5534277375121736,0.6028365088807076,0.7479334118812407,0.5519865822282453,0.7741835222346214,0.552410309108351,0.6960457219547247,0.7557361656206825,0.6420553709683927,0.6341429237045686,0.6919966123573678,0.4944725753826903,0.7784747073046487,0.6412772466902446,0.6954140083274517,0.7595862184175178,0.7635798562903914,0.7783649326885508,0.6460151123808068,0.7341213838063448,0.7284490757482359,0.5506123307983991,0.6903666086756166,0.6001261855989392,0.6203806882214177,0.45612053676715336,0.7355061569396042,0.7029436893736335,0.6875254657302063,0.8325546111576421,0.8082434250965854,0.6632979941323798,0.7765857937001721,0.6001261855989392,0.6935240061236488,0.7643529848161905,0.7246486331616897,0.7102827677001876,0.6561484692062789,0.8106809529298616,0.6796913750779898,0.7208082579824583,0.8210124449147365,0.6540711768427212,0.7340656165022593,0.8181996446628257,0.7366585719092683,0.6119496475291946,0.5485542276723169,0.715678867043638,0.7040121049824405,0.5254882503005517,0.591421712331079,0.7486519003479017,0.6281028110161281,0.1803894248219265,0.6573674010375218,0.7101499395569757,0.0,0.5699050228083476,0.1974698392617739,0.7280322698588576,0.7116427413267375,0.5812006796335345,0.6058099764300244,0.767281688328048,0.8139292952458049,0.6257161475500215,0.8044973327278498,0.5491328723785691,0.5265994589701058,0.7346546312952419,0.8087350802069382,0.8147535301880189,0.7165548962762414,0.7300835527775273,0.5853084609711802,0.7227159844125172,0.6974949890503895,0.6124761008963705,0.7292838149245723,0.6773525831119339,0.6131337877765675,0.7461126488470354,0.7597117167884543,0.7745111039272297,0.6438634589145193,0.8168598868886869,0.8219659104560586,0.8071040479972709,0.6366017925081072,0.8179976602694952
SRB,0.2748814908611198,0.33874911561388243,0.21758470030169783,0.4727076321793031,0.2797577074176652,0.2022227501807106,0.32126793346813554,0.3304295141736201,0.2317830896983934,0.48689640983927107,0.22145607875712137,0.25941052388794483,0.2842077460425154,0.3378961624666068,0.37718475466261453,0.25663943873483047,0.19054905187557813,0.25289390412324564,0.25798366583754234,0.25582643101495584,0.3826960276755672,0.19633660584621493,0.3746266883586532,0.2569879030116407,0.44226718072602306,0.5230466588140967,0.6474048238829064,0.22516908342534897,0.2508381632309164,0.4425772020237846,0.17021698203869776,0.35572062977785734,0.24051817215483473,0.2953677665570972,0.5188156623114629,0.18415081016464174,0.2693328683347637,0.2883828300271708,0.27939414436688886,0.31295405924011155,0.44326962689441324,0.5073798166776528,0.24573451831150342,0.24330688210536894,0.33965326839854526,0.30152245676957495,0.783238600101115,0.6597762887737766,0.24965450302012235,0.5250131697637631,0.4908536109117837,0.4502365014395533,0.4035192307545855,0.2193962416347991,0.289862530866813,0.23625081970258333,0.36220664112525464,0.2364202708568166,0.225019774733184,0.5228664370123713,0.399628002851673,0.30206853355367935,0.4479036276914272,0.3200865692962137,0.3700960464431893,0.2820702733632982,0.28560535463331344,0.5654175915357734,0.2814830142855777,0.14461837504151104,0.20304864664214217,0.3427362619630443,0.1982001929712154,0.3212070440359837,0.2921581973346631,0.35734710603290387,0.2636586045611824,0.3950046595909588,0.4127246059777509,0.34370227124863795,0.2581956689049107,0.29361916689609086,0.21447869915960918,0.3315704049289266,0.0984288891612922,0.1821872114803385,0.34046670516603844,0.3184159630315667,0.4506645563227225,0.48589691860729256,0.17755165272998247,0.2970438161987015,0.2447463018101285,0.7005968828541687,0.23894522811423902,0.2797726981071016,0.23699303372298094,0.3387917414954202,0.1548000630864463,0.17420243321472326,0.15972573437124898,0.439651041910729,0.10953306688055209,0.7870245057076097,0.3164105148612815,0.2430900124354104,0.5834960772062567,0.33516379003841146,0.24468323921378443,0.4576492637235844,0.16868685940405256,0.718821760602634,0.3623997390676401,0.3444872264954886,0.542292874462049,0.3415090328512874,0.441651569029615,0.37721593260047737,0.3015498887451207,0.4953714408985257,0.2401411636535809,0.23897936504702028,0.42415132971544356,0.23831746412564125,0.2878413302358005,0.4619341319954993,0.26185902433359126,0.27697529576851565,0.8325516075843465,0.6278939278591964,0.24408222119047743,0.5399725384513019,0.42415132971544356,0.24935562900345687,0.49101926980738936,0.3435738205119995,0.2622133925391626,0.3999356463732926,0.7799727007620819,0.3239574688511495,0.26677411536391266,0.772949720709387,0.37392477217407943,0.4073578059109077,0.7597234961106614,0.6542117055861161,0.38558209121938997,0.06799655901603707,0.2902028019933935,0.4256327436194857,0.5919945565352536,0.25117648082217486,0.44912313079189353,0.26589531517380954,0.4291182417816528,0.5189150254449069,0.42552980406412744,0.5699050228083476,0.0,0.44239697054383303,0.521256795497794,0.3402703489749038,0.3362609251103203,0.06269242464634803,0.49345660209369135,0.7444753265279803,0.40167202669551477,0.5044620673657372,0.22254498553712254,0.2611832492762601,0.29884863384752275,0.4933593327420633,0.5588378367047563,0.639405461407664,0.3489246744321917,0.19926904232693768,0.3526288214937579,0.2673163925288999,0.0882155277963436,0.4483305395340674,0.40299755138903276,0.3396936561642854,0.30575459979450814,0.39694472874263803,0.36074796055087244,0.5857646822040202,0.7709040660585672,0.6473677611327254,0.782713748993619,0.3202012489702337,0.7749372054448358
SSD,0.5014442283669751,0.28205952715477656,0.421727265690704,0.17736180218581904,0.5425717600150727,0.34699893207504146,0.6369869531536232,0.6488977830483129,0.5227550414189861,0.6047251809920309,0.6002100674310624,0.4431480863086019,0.6089584373264367,0.6650932650127392,0.5788826103180087,0.24617544547749876,0.49091020394331686,0.5622958232787859,0.4950014516935498,0.5541276278851339,0.6664792281700065,0.2794575891499957,0.578326125962942,0.5102974483652792,0.6957814159953158,0.6736328444057071,0.6510850379011516,0.6174540526458561,0.48240036263425706,0.42291203870070215,0.29791013231955193,0.1865723509988235,0.5345464701801905,0.5091169317549153,0.6248052499515123,0.5082344603024856,0.5082148307324701,0.49699361541560877,0.5335710933668468,0.617331810399549,0.36896734446897056,0.7214212633953935,0.5455129297159175,0.33361789279468645,0.4765716332680268,0.3299536327130309,0.8246608212226975,0.7333976494634703,0.4883140270445558,0.46337636343991406,0.7086712979114658,0.6137231977251851,0.6916765126835286,0.3549661408537407,0.6011323494971802,0.5022752764999747,0.5807322415065861,0.5343756275602762,0.4100989523604887,0.6509293193404222,0.5572488509937997,0.6246376044294731,0.537318058457836,0.574819472411512,0.6680666018039393,0.544801657380345,0.5489300218866795,0.6516987292299161,0.5750429886656294,0.3229049648926271,0.5902697565658516,0.6007421677964786,0.5791774307164178,0.24532984928380927,0.6282977101236773,0.684059254122126,0.6290456171833603,0.660387584545286,0.4937629495182341,0.6636966010414251,0.56839848011361,0.32328061885874565,0.5070584453890958,0.560669719686078,0.45542451597006345,0.42289288202072994,0.41395459594168954,0.399117657671967,0.5217472873377801,0.11988345502703951,0.5671271459039903,0.5514552391487755,0.516959321063671,0.8046754665154061,0.5186149636715203,0.4623593636202739,0.5126195087260766,0.5100112893849723,0.3926877436597297,0.40389990579503077,0.49149110166121296,0.6709961899944488,0.4190881602191629,0.7518637982882952,0.394107206993857,0.574813191128297,0.6766984150834989,0.5003549324416788,0.5056481754603408,0.5698746837488167,0.34861135798166853,0.7343608887034055,0.4985791292774221,0.5693712050906001,0.6795794181955429,0.6790140656933017,0.7111964870852979,0.5045033039993034,0.6264875176584507,0.6424235081325602,0.4009156964052872,0.5673985546090689,0.5295791030913638,0.5161292593403426,0.3000061328343468,0.6465174451540512,0.5817199888990363,0.5672533321213715,0.8324971257603477,0.7750785886469163,0.532452625294014,0.7075933980759257,0.5295791030913638,0.5710467502670643,0.6967008430441538,0.6239868812254462,0.593489881262181,0.5165488113198102,0.7900140955212633,0.5489946533216159,0.6103703896918014,0.8059966479003275,0.5769001616308269,0.6689347538770414,0.8001168282040834,0.6679163709102081,0.48097977490449584,0.4112668628297128,0.6067108739779166,0.5863460646943209,0.4316549003634185,0.4612595353544492,0.6720162644490107,0.5073872126662146,0.0781692089108196,0.5341326574819655,0.5929367504672342,0.1974698392617739,0.44239697054383303,0.0,0.6427953168104409,0.5940846317901116,0.4830247486515076,0.47798543830887275,0.7103670417326854,0.7913912471922555,0.5038582984774919,0.7582099752000155,0.3870341646877092,0.38234098327926413,0.6274830333634183,0.7649653844646928,0.7811633121511534,0.634094687453469,0.634763089524326,0.45546654156430555,0.6506950070147096,0.5717588347568718,0.49971874558508383,0.6235685611968932,0.5455605585655059,0.5131565845343802,0.6478062192590928,0.6978768065099156,0.6988244865372223,0.5455967208376381,0.7985927047125804,0.7971118669789062,0.7854469518343252,0.5171412253053791,0.8009435930720684
STP,0.47076896937171325,0.4583845963485681,0.5702929403119557,0.6449074507400516,0.5426734087427194,0.5677030491672485,0.5153920203267544,0.5314999764838577,0.5536184706428526,0.3810282462463449,0.5380017093282978,0.3968457703633085,0.44090122372185997,0.41764334998666325,0.6615471370195396,0.5999923980323107,0.5762987758913427,0.4742499025750298,0.42254692985851755,0.49649392986345936,0.5653951078448284,0.5171152907838995,0.322029543034147,0.41190290768517407,0.6296346178762074,0.21849235926104638,0.6251592746004555,0.5613202536533585,0.40541034704222134,0.3947225641905497,0.5538340181708419,0.5767490898441597,0.4835877118525754,0.32458255201900915,0.0969082307706506,0.47305522780038534,0.6204717003112518,0.37282275956009997,0.5620291840718142,0.5234380299434492,0.4526506241739117,0.7456873993226191,0.4854647891176279,0.45716691653622343,0.3631406399957095,0.6227856640378105,0.8325546088423368,0.3764349768986066,0.5576203497546675,0.5541545032917862,0.7092571837012008,0.20944296833555948,0.6328998511143319,0.4571731065653848,0.5688099336770606,0.5101688058156271,0.40233515179599594,0.4519580903763717,0.4294715277241062,0.04689036874902806,0.22068136136133448,0.49754266023597915,0.436128164567586,0.4087207037962489,0.3769417797609865,0.39890190760121286,0.5953566316350521,0.41429619242812743,0.5168257546597139,0.515688944639995,0.5236777173586319,0.5709293412744094,0.5615123599407204,0.6231593961228529,0.4383756202168362,0.6787505822153084,0.5119034312036757,0.38482089220751015,0.31707238129690907,0.6220271860314565,0.4829020622706045,0.4402733327218036,0.5100335069096351,0.4274044473463952,0.5173038802190504,0.45321585456623087,0.44009418101444076,0.6314090980350188,0.4810382010535293,0.6780307115253204,0.5634231930924432,0.4451626036480961,0.520851688639663,0.8300695222079086,0.49798106755460764,0.48482748353365346,0.4957469341166482,0.31625289618899316,0.4756001417939556,0.5051124288992928,0.5691000013497127,0.48591596351654115,0.4926540897220952,0.8199202663258855,0.4210960022655898,0.4843900046680102,0.3132196175494367,0.46279205095541043,0.3719462558126601,0.42964705080315657,0.4879369415875299,0.6769715809675192,0.39247812691156747,0.41238119234189524,0.2876074418540416,0.5239706054288088,0.6460059456904521,0.46338593265232003,0.4033709750779025,0.14495288971632908,0.40628632393491737,0.4901401155207258,0.6711390562490929,0.5853625520745293,0.5628436697894954,0.21926970885152278,0.44320580907091,0.33445468374726534,0.8325546111576559,0.7669781638405231,0.49792825835863397,0.3034532208975855,0.6711390562490929,0.4838667665035309,0.5048362109543115,0.3535715230903273,0.4651969995294231,0.4605050693938204,0.7534896446392805,0.436734609047708,0.47773624855520946,0.6538343046705968,0.6602756402250491,0.6952655076493355,0.6194524788513135,0.6094513093823675,0.29207192789680336,0.5083243794279706,0.5025906292265385,0.3817899863099045,0.7076252002481657,0.4021440660885874,0.469846368036421,0.40119488114536717,0.6506531510755161,0.5399163454609218,0.3752368163087723,0.7280322698588576,0.521256795497794,0.6427953168104409,0.0,0.4050535518101833,0.6237162350158545,0.49179177487485404,0.7156487471863043,0.5776719250929927,0.24816808771699195,0.7853346447844092,0.4938754297840137,0.4186383514692836,0.40177807028793217,0.8033461832311583,0.8277396365340645,0.6377643030024008,0.5562223787013117,0.44119846674353,0.672241289688743,0.4367636482811785,0.5476372720410072,0.34815434793690136,0.39778537505932493,0.6167777360649734,0.4415676726684369,0.7018489407689068,0.5846239258905273,0.6189150466923667,0.6682791193183784,0.8317012139293758,0.7766259384096816,0.3435802439155869,0.6786400621175609
SUR,0.27551418240448905,0.4067642240297792,0.43550594044714974,0.6010848667067029,0.38876360954814765,0.435738644715532,0.3673463163922396,0.38089967239548006,0.4061990382329208,0.26167495833432086,0.36189475762801876,0.2811140767755213,0.187080011471876,0.3377846526751599,0.548185319186006,0.4868025127602786,0.42418266855180237,0.27616184391905657,0.23602716250357797,0.3152799952031637,0.3805495327139975,0.39137644582862624,0.30660984856199913,0.26061155513249434,0.5182422630250183,0.4367079024051245,0.5164368277195936,0.36750818511752165,0.2641477645069722,0.4110181080415004,0.42157287956488443,0.494081057387264,0.3003218292176425,0.23231934848158958,0.3933712432282287,0.2672052162800731,0.4878296432389783,0.27232849250376495,0.4145997107512651,0.3607434626661815,0.44621088835868594,0.6363050724611038,0.3037671385038424,0.33842648801573255,0.25671109737123154,0.5225929308160842,0.7921434665320523,0.5849159012718489,0.4131456541040202,0.486418691806076,0.593626308840072,0.3529146913606282,0.4229998054964854,0.3218962486910498,0.42024539304854286,0.3408409726197856,0.09614373679947531,0.2612411943233287,0.2891514283730284,0.41241152280236665,0.2728577837971447,0.34178517422115484,0.2924145532186083,0.2865231437781553,0.33109317052293225,0.18504616506500604,0.45852380930053643,0.3839392636631838,0.3486283876587824,0.3738316928150519,0.34428987763722646,0.42696483761155773,0.34875734549004433,0.5335318819147925,0.23642844170920324,0.5031437893097779,0.3507602767740908,0.33558019991193033,0.3132792916049347,0.4658887249430526,0.2909975534548176,0.3603728129836207,0.32445897561548315,0.1311247338387975,0.35061033947746756,0.2826434376959658,0.3274132753213185,0.5293519383088511,0.34809549605676243,0.6365882110289267,0.35639187898636276,0.16637875444203593,0.35385268597306463,0.7194345831534842,0.31870813367742157,0.3203864839959133,0.31697015182167476,0.29087097723943345,0.30537324867472926,0.3562683819687165,0.40849389012532245,0.40290037111971083,0.30764622502756395,0.8243132384588944,0.3208744831975423,0.2629575838944896,0.42648966243908004,0.27543281069111264,0.22921699965166817,0.25310393039783224,0.3333129701805532,0.6174128479352811,0.2514975409388541,0.10626160694088874,0.41794767550253564,0.4068323720621088,0.5305486281252146,0.2954867073537961,0.2333919644889945,0.3924992691277489,0.2860538043995607,0.27528624300942073,0.5834597112118202,0.44128355444062745,0.44356623439085685,0.35520536257796087,0.23663413538151665,0.2027758078707772,0.8325546111576495,0.6395367177172367,0.31604041733410576,0.4689348239004087,0.5834597112118202,0.2761583160180965,0.4563846476307723,0.27038809061738767,0.2531877297163761,0.29178876829393907,0.7320601555905851,0.15733130559091377,0.26456955353444117,0.7554004120759293,0.5462530073135488,0.5634670122076382,0.7398911210903415,0.5183314565246805,0.31158488425120895,0.3427521950934217,0.3253060582311234,0.20662886095767058,0.6806065829411049,0.2710823335751973,0.4073256657999536,0.26303881147339153,0.5939791469323611,0.42948347755876065,0.18030393363501845,0.7116427413267375,0.3402703489749038,0.5940846317901116,0.4050535518101833,0.0,0.5157820928623457,0.30579546809884345,0.5995680337547407,0.7184782968599313,0.328771088159526,0.6206376922250789,0.3494598435678753,0.3134522624602553,0.24955360028037074,0.6052764122071163,0.6334723511631041,0.5179203565469842,0.4076891826529663,0.2675168956749655,0.5227107830638564,0.19060644036737295,0.35517274860908893,0.22194971509733466,0.22584982906755863,0.5038538829293648,0.3167148150212684,0.5323860979808644,0.4455302190288781,0.5136138341172729,0.7421205758938486,0.7463233954622933,0.7272832931413267,0.28106726047392744,0.7481564314058279
SVK,0.4304392234652628,0.45472970753155434,0.27251066292666704,0.503754195999398,0.20710367426608248,0.3349144893668794,0.32107215838642783,0.3776684381470431,0.17343900670034185,0.593896891771885,0.3365705085777523,0.45029261762208134,0.47547770238396647,0.49666104254836685,0.199027661228497,0.37647319859474465,0.20920743869134628,0.34484882464964817,0.4045381749886249,0.2957385227523575,0.5585867173744835,0.35807268434348494,0.536105875051933,0.46560299950376416,0.3011073407854304,0.6348044831981037,0.6852579175835523,0.40398223268627653,0.4562032354700809,0.5259429830761339,0.3152093445094461,0.45858933403929675,0.2988797236601874,0.4763935393376961,0.616543551676415,0.4324298301201482,0.20843589325596504,0.47582979380163976,0.24395165158075435,0.31045869346812355,0.516709558785486,0.4652500637249243,0.290859731288291,0.4189990583883872,0.4789977322775016,0.23286852179926248,0.8021986332371437,0.7190014155997512,0.24320188464379364,0.5737570804124622,0.30288115196403187,0.58148049929157,0.5690215606063711,0.4129088757841105,0.2328460277325791,0.29079152588482304,0.5233082864424133,0.4615915261186738,0.42813478387523335,0.627197919233283,0.5382755782251164,0.3194610634958841,0.5463729416869836,0.5099240493137979,0.5368044849864806,0.43205109862861396,0.14498956287736406,0.6444648253878791,0.26125374008098323,0.3361379638682883,0.34413030977280623,0.22987481222114145,0.4308260371992098,0.2871159175888394,0.4758368398640903,0.45602090314238225,0.3638826565668,0.563146732194444,0.5250320236950344,0.3244587574896721,0.3313606782637463,0.440036892445632,0.3794435331656937,0.5019663699096252,0.2745582620268716,0.41330077539503585,0.45946577424117896,0.185846879806374,0.5461447390706905,0.5205146954344665,0.41338727665378133,0.4781001452316549,0.28057674120608417,0.7539067361614237,0.30952793454138533,0.4047138585564783,0.3105418691146935,0.5009427510371653,0.39394551908596986,0.2705283056365385,0.24768553348520264,0.5926011404303382,0.38159863425827445,0.7864247143419087,0.4486398170585836,0.4088114526899031,0.6654774553517879,0.4856654259001619,0.4535471618044783,0.5645769202888573,0.38742748942487215,0.7468188181727039,0.4904424237188998,0.5073758652321556,0.6419569488244593,0.41881990207999414,0.35312260782921506,0.5055370658705273,0.47196123350337166,0.6116283343502996,0.4246062398409101,0.3995411936326603,0.1267124431622696,0.16552774747433618,0.4046138483286361,0.5961030708113525,0.38342277776046757,0.47345549504528633,0.8107320174712921,0.7130003810047192,0.309640116936521,0.6495686246041651,0.1267124431622696,0.3777574501554692,0.6254406243362566,0.5274512646440406,0.3995689987315028,0.5132203110014731,0.7943782885136839,0.49408363288855817,0.42600091140380775,0.7966773005461817,0.19883452507156302,0.4038164888221253,0.7884495375433443,0.6940189692869759,0.51131420172097,0.31023093914474226,0.33724037827864395,0.5598352148755522,0.5989957385789881,0.4512034600764345,0.5978419240393078,0.4687709268658184,0.47726898368239373,0.5830252552464235,0.5533011550969195,0.5812006796335345,0.3362609251103203,0.4830247486515076,0.6237162350158545,0.5157820928623457,0.0,0.3444221678753995,0.3079398173945299,0.7783479747566832,0.5266885665209406,0.44837213936684694,0.33811707678799946,0.4372434638316882,0.45417226349610285,0.5717253512951184,0.6501936216447534,0.6755145993452072,0.30427012983019885,0.42813817739399435,0.4069795815882039,0.43888125489299534,0.36118466166959134,0.5796988574581373,0.523373960496541,0.04592809434984224,0.43175042432621763,0.5022113172883284,0.457231925506782,0.6235897676521255,0.7931252118934224,0.5134149847953657,0.7941850260036118,0.49481379870974884,0.7957529441318403
SVN,0.2570640885658262,0.349559692385871,0.23113538261443112,0.5022280116789885,0.2605536776161572,0.2365976098092989,0.29020589375070305,0.30420607761622437,0.22054835296386738,0.46071969771539795,0.1904548727123961,0.23836312043619182,0.253242020371882,0.2970784292404279,0.3811765919477658,0.3047618923271204,0.1966453145398049,0.2172446328970739,0.2266841310833737,0.22451789513975223,0.3542255835338451,0.22476801759107054,0.3364545612768035,0.2230129976555323,0.42611522789263384,0.490991068557317,0.6399592843918608,0.2011366273553241,0.22152626434078956,0.4386573883163381,0.2098699741978468,0.38534350590925504,0.20797009635705804,0.2596656922183581,0.4914814916396904,0.15613446014105778,0.2806569083188226,0.25678717411997887,0.26609544272654884,0.2842895684873438,0.4478150660016491,0.5116293259013381,0.21248402250373108,0.24961869010142504,0.3167973734792869,0.33103442884078316,0.7847176041818382,0.6413558916798193,0.2423176620661225,0.5267288323237385,0.48443144072802724,0.4150807206776316,0.38507478228787956,0.2232207564094019,0.27016023427951347,0.21424750360724826,0.3297006785715416,0.20144786790569483,0.21332664664923728,0.4926581804052386,0.3659251647871827,0.2678387950810054,0.42923057442054346,0.280640556016157,0.3339425211465611,0.24368934290074934,0.28089887894598625,0.5444509311857637,0.25337813773817924,0.17479433779225106,0.16777212605179206,0.32399189281918056,0.18947568567619041,0.3551034635125569,0.26068154398289595,0.35892202337551715,0.2265082694015033,0.3547743632226219,0.3925759228430454,0.3275686443575677,0.2234864657783625,0.2982727715574151,0.20423129080243788,0.30098948992214697,0.09345533899803693,0.1715249144181036,0.33172359260556367,0.3411486909248024,0.435814355760107,0.5230332211906525,0.1744371900749028,0.2690409142969149,0.2233550409613644,0.6983964404182009,0.2120829779715701,0.26548763463418246,0.21037618601542846,0.30756526637298515,0.15932155146646,0.17272877779599627,0.16673390267349483,0.4049152076434687,0.11847299243961273,0.7906291289713698,0.30897104982463963,0.21870340998912643,0.5597089541866535,0.3147996564094695,0.2064906242525261,0.43545741818236294,0.1852887508742156,0.7116650476042197,0.33955387544777743,0.3140174495840368,0.5143803632671643,0.30981157908294404,0.4259523501400692,0.35883071606181816,0.26403849930982004,0.4624958277423837,0.2282958597947117,0.21580057102263922,0.4336724540094969,0.23857570344360884,0.3119063727311938,0.4247863284073876,0.22088779789082033,0.2297539644770207,0.8324517984001844,0.6141617295711538,0.2155333527533629,0.5103499910021592,0.4336724540094969,0.21977092451563365,0.4591444312020263,0.2992541151704488,0.2285470058404483,0.38268114241463924,0.7760368877991795,0.29526569559023025,0.23930432972550983,0.7655102121382454,0.37806687444104775,0.41169302589848666,0.7508079884443813,0.6451918931761706,0.3641388478963189,0.08542517587666379,0.2582652287046202,0.3946591682127579,0.6077278098035338,0.2261742897608135,0.4141380833797283,0.23225891509514135,0.46767114538535676,0.5105002995103625,0.39689181861342776,0.6058099764300244,0.06269242464634803,0.47798543830887275,0.49179177487485404,0.30579546809884345,0.3444221678753995,0.0,0.488047254416709,0.7339282929742733,0.37785386966656737,0.5024292792297553,0.21991151704008916,0.25431842154653567,0.25685358859560253,0.4948798448503398,0.561838813904093,0.6338209977484397,0.3255797505491814,0.1780077386050366,0.35919443307561594,0.2356160161336056,0.10804666868118531,0.4161145905701815,0.3781895733307763,0.34163501687264797,0.2643955842271293,0.4053650515385089,0.3342083056002246,0.5845322670146349,0.7638213393997352,0.652062642821776,0.7801578875317222,0.2865566577708741,0.7683022355745469
SWE,0.5733177162455529,0.6854635152741503,0.46222504210413207,0.7363497082536298,0.33707025766376286,0.5431106036950242,0.3077480830253471,0.34430124520026634,0.3188432896925476,0.700693809770157,0.3614781860716919,0.6277018275646891,0.5270310406866856,0.5028211257908238,0.2180995344837239,0.5825402276764351,0.35138453633277644,0.43523698578649644,0.5617701443542009,0.3977928967026447,0.5725383395576967,0.5886209931709783,0.6465736469509179,0.6029768726510397,0.1389187306389778,0.699559730661757,0.786371336447717,0.4109806745333007,0.6109287310953777,0.7290787970687173,0.5373044013189042,0.6765100951806965,0.4254646941354686,0.6255974016273018,0.7220467838752089,0.5572735345682374,0.31546483410659654,0.627829029771368,0.3597756065378859,0.3218379520297591,0.734634553296654,0.32578992073199775,0.407293206335096,0.6334101264243507,0.652339361074787,0.45806058887025597,0.7857666388526832,0.7667910596219234,0.40387842992399936,0.762633328665027,0.01982546905648118,0.6807982972234984,0.5509090769528245,0.6196140939906492,0.25215923824520414,0.4422094251276388,0.6227685345307619,0.5758520230452421,0.6161416316347536,0.7127104133804276,0.6704170851065868,0.3298034541240408,0.6886487928643751,0.6092573852559647,0.5557658448036156,0.5524592189160323,0.25456518442052545,0.7305136802732413,0.34090992140657,0.5556574943645274,0.38442127014281424,0.26560660101035793,0.4802329864617239,0.5266079975986555,0.507089069800707,0.36981243105932066,0.36426730390266193,0.6001841139691522,0.6964898904069199,0.22885859918150944,0.41430136547503293,0.6609074555351333,0.5053108931920246,0.6100227623585308,0.44385661296810086,0.5907635046565566,0.6613752740677428,0.39597810721258986,0.6935033187931847,0.7232170601437453,0.46922921410088525,0.58607847464978,0.4168357423207752,0.7239638159477645,0.44450042276604496,0.5772759424107603,0.4518938880861217,0.6535318021665107,0.5817889675462238,0.491524779221778,0.3771651972289954,0.6285758766869163,0.5534381779595413,0.8262481826442143,0.6574937390504053,0.4775329733531546,0.7431039236191903,0.6334313328410379,0.597533030343499,0.6864530394622627,0.5916354029636978,0.8019732377006555,0.6512713716946412,0.611778049521828,0.7028535615745716,0.36627729125411546,0.1837238138272557,0.6555086606426077,0.5119602004113353,0.6975548459759198,0.6237742471440322,0.4741691893865208,0.28034048482920104,0.30263834333133977,0.6261943199833582,0.6687680122988613,0.45778783108026744,0.5766839202131562,0.8094295619653514,0.6939852484135395,0.43072975088289417,0.684123615063321,0.28034048482920104,0.45145487311870386,0.6512571314658794,0.5894539590517198,0.4537276982075971,0.6597583799838577,0.8187024205541695,0.6090678621292699,0.4592934570911957,0.8078060633643063,0.2208334939470622,0.30858104261177505,0.8013144390998576,0.7859504908044523,0.6871846816788706,0.497426385270664,0.3670132667663193,0.6689248061400236,0.7764530861693696,0.618178998591404,0.6366922078381203,0.6098740973517646,0.6949330007678525,0.7286156984739007,0.6558753154315903,0.767281688328048,0.49345660209369135,0.7103670417326854,0.7156487471863043,0.5995680337547407,0.3079398173945299,0.488047254416709,0.0,0.7953730992664463,0.6923970010684923,0.2520081406653785,0.5579037200040403,0.6394826266561046,0.4911395694398403,0.45641913501815534,0.5711836864806961,0.7784327916925171,0.2801647899434586,0.5909118330558377,0.34154374973511087,0.5251811950500306,0.47014921769578083,0.6649521349970366,0.6564677537940312,0.28607568289695207,0.4358072696756155,0.41805158660530023,0.38801082565220174,0.777630470969544,0.8104367655268095,0.32854759746634177,0.821010779702007,0.6394925079471784,0.8118399546913434
SWZ,0.743020855107106,0.7336805691647069,0.7653603015908538,0.796371510962796,0.7559889764059269,0.7653180842224792,0.733174171273238,0.7383432592587957,0.7537086505753129,0.7214852927597536,0.7394501242494865,0.7074885730899034,0.7229282953713242,0.6634920086858551,0.7853589776599976,0.7734399069555361,0.7605566101974458,0.7370620392229168,0.7288166570438394,0.7430767134269866,0.7411685430551984,0.7496371063007963,0.6718154307228048,0.7065743564752813,0.758390390989043,0.6034137213852102,0.8312120005884294,0.745450038096871,0.7069864308179048,0.7154117076910951,0.7590157907974028,0.7673201157978957,0.7407218858764695,0.6844848872993635,0.5903550429023829,0.7255007520951597,0.7742057287924071,0.6965591167267521,0.7616738426774983,0.7432515136325072,0.7366469040771625,0.8064874932211155,0.7400519297516197,0.7299553424312933,0.7128131070147584,0.7793410482867046,0.8325546111576813,0.4814232428117977,0.7616530245150478,0.7961801829475396,0.7928765408774596,0.6328276990616285,0.7643075664767335,0.7289661015471642,0.7522718410378548,0.7499241685881075,0.7213337084471256,0.7167666584801586,0.7185276477273189,0.5766826096709158,0.654694568923064,0.7298213832909614,0.7449127758826014,0.6986185364432308,0.6577304449715189,0.7207716953585714,0.7650212352080059,0.7358549402728021,0.7464599453686694,0.7476056890537354,0.7355046834497487,0.7607645157392905,0.7498831252646045,0.7808542660458093,0.7160976059220411,0.7833745829332116,0.7246632697735933,0.6572544728954213,0.6965683931993308,0.7626607800245953,0.7385105648484197,0.7262373810429077,0.7494054308974757,0.7278945312888712,0.7437571784246403,0.7245816186823361,0.7387681140877966,0.7807799874528912,0.7528531863104228,0.7991362511881893,0.7514622858779977,0.7323400002673565,0.7519013716918462,0.8325215555844393,0.7462771639010575,0.748363403000732,0.7460261955735678,0.6801495300538868,0.7325415395124696,0.7473943943730421,0.7579994224479989,0.708442376288789,0.7364738368964243,0.8325546111576795,0.7290988920766156,0.7392531366870908,0.6805314024347205,0.7396836458571827,0.6962610902688698,0.7387787742867257,0.7378867101165162,0.832381434575346,0.7267081401701062,0.7254328319644151,0.659588163607689,0.7060612938771599,0.7550661962047598,0.7431123639927723,0.7043328330337929,0.6041500093474539,0.7150625688365122,0.7413914909099132,0.7904952713350344,0.7628176442331952,0.7662856698653115,0.6135631573077563,0.7260407684978947,0.6796655005844717,0.8325546111576764,0.818999262121186,0.745453751796382,0.5608760119006022,0.7904952713350344,0.7394554113774872,0.7094944584175303,0.6653050635455823,0.7314341286701808,0.7468823803892416,0.8325411009171002,0.7309473611562255,0.7323247196511107,0.2242629407638292,0.7850060205991645,0.791878316547506,0.21779977378651968,0.8305080459483368,0.6824650513732531,0.7424477222436293,0.7389833117571784,0.7171050555007519,0.8161812681517595,0.707654687272311,0.7016979142159137,0.7036807731456168,0.7914209373653277,0.7751138522704311,0.7200203686522233,0.8139292952458049,0.7444753265279803,0.7913912471922555,0.5776719250929927,0.7184782968599313,0.7783479747566832,0.7339282929742733,0.7953730992664463,0.0,0.6648943609556347,0.8202795336195678,0.7484209493227164,0.7171936573990384,0.6997208838719746,0.8307211772021635,0.8325416643209448,0.8081288794583387,0.7513473993567777,0.71923144247969,0.7846482707340345,0.7284285618019917,0.7501626303653013,0.7054005024554836,0.7304306897689871,0.7761539628487598,0.6959742820960748,0.7913236222141087,0.7256304524114563,0.8276363837387201,0.7926811200431756,0.8325165101271944,0.832554026779807,0.6864908434483747,0.7951978764405335
SYC,0.32865025744181897,0.26357796577482123,0.44047967824196665,0.49067260899362036,0.4474471329972571,0.42362946060659473,0.4872161724194807,0.5080163165466921,0.4621725612584933,0.2862303244619735,0.48279922304063694,0.23125475523312766,0.3883825546226928,0.4402725978872588,0.5969729556586165,0.4689561602830953,0.4802419908205479,0.38655152183418706,0.2738062373904009,0.40476397591601543,0.5292498088164521,0.3557089572298197,0.24342369980688042,0.29146858671896214,0.6174452283659801,0.3206437678508583,0.5334241050333175,0.5115670967140573,0.2666496491756552,0.2227541129192968,0.41289099072086716,0.4287010942042299,0.37817332537223525,0.181650488503917,0.23161463268652818,0.3650303777563286,0.5350315274089453,0.23151064994410897,0.4637305113544885,0.4769526394304108,0.2762538067362409,0.7235694572098741,0.3884801325304557,0.2790596578714548,0.17446159369498224,0.508021383544464,0.8324623230721534,0.4988374986686717,0.440846539436081,0.3930157550245125,0.6862234926703832,0.20884594631156916,0.6017767084280986,0.2861701927099522,0.5119514857680553,0.3874860154067042,0.3062685603897189,0.35246482696391473,0.26460608490358123,0.2612973064564231,0.11413705195090268,0.4628482672279331,0.2927903825175338,0.3286929856732203,0.4132107341196105,0.28820720618363616,0.5173373174355497,0.3788457805836826,0.4404988669017745,0.3635213518342803,0.46402061958931584,0.5078221475740252,0.49157800078114544,0.4989433188508302,0.40895407085855695,0.6476092050848431,0.47910506226011024,0.3991780349896421,0.12733907053134605,0.5904246050217465,0.4006251706809366,0.2469600421049709,0.3875078448352772,0.31592026306458665,0.3998751569381604,0.30474067753761297,0.23933664226484397,0.5279127181029625,0.33025038231505904,0.5607343732490868,0.48928512333858504,0.3323763018373844,0.40806909400282937,0.8179789317294283,0.38192330679593967,0.3247372458710395,0.37571510740268316,0.16189318141450504,0.3258265090930107,0.3550694962002509,0.47236278995543485,0.45954397654550805,0.35746460341562647,0.7857771875571652,0.21493252030783383,0.4026987212892341,0.36117318453174224,0.3104532873619911,0.24410896752854772,0.30902337397401314,0.33073929121257484,0.6353406908349439,0.22261702792809288,0.3083452544971278,0.35766033600826425,0.5269124471349018,0.6375466050032105,0.3072862160222383,0.3822060274741004,0.24555757350997512,0.22138277238691795,0.4031260439474923,0.5963015735425472,0.4970091604666265,0.4020511923932172,0.2764179634572736,0.3730731845607933,0.26586040224378804,0.8325546111576501,0.726078299923794,0.39061343326867953,0.4162190586449385,0.5963015735425472,0.40095993671637054,0.48748714763443507,0.3412015165608082,0.40211936604280996,0.3099198893997104,0.736651799531911,0.3166408134617858,0.42709420318530317,0.7169707309561849,0.5951194053565472,0.6579007592661275,0.6947345540596396,0.5339180533419888,0.06863461273285901,0.3756916464847754,0.4497993679876427,0.2734849839391616,0.5802370106939528,0.24977510517293766,0.4468036911785249,0.2761755904487746,0.5211522024634309,0.3995831428946205,0.29151333998103207,0.6257161475500215,0.40167202669551477,0.5038582984774919,0.24816808771699195,0.328771088159526,0.5266885665209406,0.37785386966656737,0.6923970010684923,0.6648943609556347,0.0,0.7621089760320479,0.32147796833163855,0.23463459011620547,0.3859439188878827,0.7707823187814333,0.8053369720206434,0.5440978904986932,0.5175502968543138,0.3016225806650471,0.6293027458404021,0.350135630878799,0.4497512519288699,0.29963895690717873,0.26547286631705386,0.5238181935813578,0.4405870794304271,0.6733758260468725,0.5791300673075811,0.4753509039767486,0.7083107546593427,0.828362267487825,0.7487176828308905,0.20810783051191972,0.7163746691865646
SYR,0.6133156368077192,0.7441623530958582,0.5115850217191492,0.7871323694384328,0.4365998932368313,0.5777761296955052,0.3745773336563746,0.37709877699529415,0.40368266824073157,0.7533767550606512,0.3646487217689491,0.6660702748822251,0.5359032397614928,0.5021327399041713,0.3412365200799753,0.6133668835726983,0.3985371977859744,0.48566170952065507,0.6132730889364234,0.4637235438075929,0.5208029081701697,0.6307233550477972,0.6861498081856853,0.6237212586108977,0.29669651654343265,0.7545302583260567,0.8303526097921519,0.37197942202705025,0.6386908512565596,0.8023562315262136,0.5741063820554326,0.713092470779076,0.4895135616907684,0.672172506436113,0.7948578243571212,0.5578308123341492,0.37615660580065596,0.6635816171319,0.4390269208819553,0.39308463916855474,0.8054070525574396,0.31218304695068044,0.4746457388807074,0.6756150407328012,0.7126397138526109,0.5305469810388154,0.7538333275080418,0.8174942382996374,0.4729747835151729,0.8248563056309961,0.2611314118778678,0.7387337752633429,0.465005872084242,0.6568929002162777,0.33620998331171825,0.5038986698870385,0.6526355511042589,0.5789011335949056,0.6505325641555343,0.7802091057803029,0.7328616201773154,0.3938018508313352,0.7481134096667051,0.6231094776521517,0.5614654441998201,0.5994158575399723,0.36347007700376716,0.7855709516924465,0.42600024427457206,0.5922492332391062,0.3873779031305263,0.38879427837689395,0.44002432189042495,0.5909766155510991,0.5127739706106723,0.27329309312149247,0.3746039813233743,0.608591755565099,0.766372073770312,0.2432999851274763,0.46867376403985284,0.7129393629565977,0.5345344549846109,0.6359660089152184,0.47683656123008106,0.6147719927274926,0.7216945042320811,0.4873288980913191,0.7460994615606192,0.7642788277853784,0.433404444556296,0.6092867113176025,0.4811615707320322,0.6373079840684517,0.5026967959188153,0.6268387977017197,0.5101447657817639,0.7035772901637435,0.6056560889177363,0.5491352876560043,0.40560612636407223,0.61999605102244,0.5679005862145402,0.8325354859060414,0.7172813329802762,0.4992055287873606,0.8031236362220278,0.6674876227764052,0.631106407972919,0.7382361240704889,0.621239423854391,0.8311663406819706,0.7103356628628392,0.6440319004453742,0.7516361238396261,0.36137046854218846,0.2546821378357819,0.6985686119656,0.5302897473160207,0.7600845401521936,0.6710441473850687,0.49819899606559037,0.45192651188353794,0.3794024100325128,0.6643804471497158,0.7172512495599247,0.4995735029096513,0.6107302804049256,0.8249183084777582,0.6134177071272701,0.4893056800761977,0.7151149164695969,0.45192651188353794,0.48646054012577306,0.6456191059760277,0.6077868651088277,0.48364765791407516,0.7118500638192027,0.8319212298299986,0.635863869854803,0.4733000514356758,0.8242689391459761,0.34146897626457473,0.2911441931976639,0.8211112708216798,0.8300436789404209,0.7553932700228724,0.5257861395991874,0.42026706153766114,0.7100735139323103,0.8189388012257985,0.6510643580327674,0.6353139168704794,0.6346799030113229,0.7374777491726886,0.7847217416863691,0.7039825475118461,0.8044973327278498,0.5044620673657372,0.7582099752000155,0.7853346447844092,0.6206376922250789,0.44837213936684694,0.5024292792297553,0.2520081406653785,0.8202795336195678,0.7621089760320479,0.0,0.6127585977131246,0.6840944029354672,0.5134584935436587,0.25721689409049464,0.4043046925446997,0.8239709326255675,0.36699485469984305,0.6120261066168932,0.3013189661344286,0.5552779696736316,0.4597757376818212,0.7056359737125887,0.71251810735822,0.4339784433911143,0.4502897718755312,0.32058714531828164,0.33317183914342513,0.8294332908216838,0.8287943414071691,0.34179379436539076,0.8322409210439669,0.6807339895611677,0.8289818059313733
TCD,0.1948361814132971,0.23487761907765511,0.20181520083364488,0.3676291780253655,0.2692086687320195,0.19635866128300367,0.39100732099774793,0.4155183507327271,0.28123658870506313,0.41406142686966074,0.35203344604451314,0.2443013848871303,0.35580334275802017,0.4455130035874213,0.4295545964850435,0.29735540304652996,0.2815107044715671,0.2594004492845076,0.16233248519644852,0.2537506164683648,0.5006554167569183,0.16587778720220855,0.38676263930934723,0.29938813820478627,0.5108096738613819,0.5334331296832511,0.5534988662739542,0.3903798689746958,0.2731621854348014,0.29988319765316834,0.20087738757508236,0.33661403172864957,0.2172140998726064,0.27141293989005366,0.47217642307259466,0.29307454949616574,0.3435620931180632,0.2906670784222679,0.2737731008725736,0.36326929569255717,0.2937912454940558,0.5901357937241839,0.23627686298263476,0.2003986056289188,0.22237972717545093,0.3119049022932048,0.8078355713931626,0.6467195512602202,0.2210200460241342,0.37043702089390235,0.5542165988817332,0.44220022475101567,0.5385411084201238,0.1991122000262663,0.3673907386160208,0.18200893526572345,0.3370438572286095,0.32259907997400045,0.21973290691275527,0.5042387192596929,0.35020838000905374,0.3672417273288287,0.3231834770749914,0.37529485477484403,0.4609297052034165,0.23942478047170043,0.3436105506580448,0.5056522753570735,0.29698465295816867,0.15945744154183514,0.33631008689559777,0.3641565010911608,0.37534402743224304,0.30993581079767923,0.38373079080153516,0.5095152572550186,0.38123943797513354,0.4740441780457618,0.29461841429718005,0.4558502874075232,0.27165124748696284,0.21315337738415754,0.20995812251664617,0.3041451064154695,0.19899543649581944,0.22289338761450805,0.1728015278575518,0.3375304348272129,0.3162769350778506,0.46476582082310935,0.36139825960666805,0.2816881270803369,0.2125104120316485,0.7582973157100942,0.19817570129215,0.1366491613055184,0.18734881457573624,0.3107764375207575,0.20567648772502856,0.09421154537275368,0.27524760968355066,0.5146135952416617,0.2192279599497559,0.7498201369025583,0.16615654197926744,0.29478834775587104,0.5393096116986016,0.24486763890839314,0.26252106032052147,0.36136758783009837,0.1934240117472105,0.6696271079195921,0.238400385930728,0.3136254089879435,0.5328544574827184,0.45945093863787195,0.5298949858784525,0.2613660111398121,0.37588765978103916,0.4871166451300392,0.17700096573786872,0.28377386893846057,0.4406458097869029,0.30865396178609794,0.21353872374048988,0.47679296131609283,0.28826334142299664,0.3117244364041753,0.8314719656606296,0.6988448292885835,0.21988672949459667,0.571286222034711,0.4406458097869029,0.28119569348858076,0.5589845986271991,0.41223415532627433,0.31476581999694636,0.2741797748714159,0.7579387571350394,0.2876726018191412,0.35003511892614547,0.7763539481894659,0.4269477995532476,0.5113112962162819,0.7647575238006127,0.5715864655901982,0.2853821059654646,0.17274706467828443,0.34003299650255875,0.3688981724035125,0.47010534698514206,0.2560579947130708,0.5174976879486349,0.29747641731042224,0.4017943415002863,0.3748106670432134,0.371782523548615,0.5491328723785691,0.22254498553712254,0.3870341646877092,0.4938754297840137,0.3494598435678753,0.33811707678799946,0.21991151704008916,0.5579037200040403,0.7484209493227164,0.32147796833163855,0.6127585977131246,0.0,0.21404339014718335,0.37261347830349884,0.6334798765587022,0.6813063247544575,0.5340600106410286,0.4017129903432008,0.2465725758202083,0.48136811612954017,0.28502773524346386,0.29029983446144586,0.4219348461507002,0.3038307394258298,0.33949361425002944,0.40394894980773494,0.5452398507771896,0.4982943586663878,0.44636688308094646,0.765408560760289,0.7011218276633195,0.7546947289870772,0.3140147108729698,0.7699170300428392
TGO,0.2814588983332483,0.1502665696864922,0.3310545571641644,0.3872075494756788,0.3885850254621513,0.2865747485326387,0.45173362362013203,0.4721535460326435,0.3782550511637243,0.3760378049286818,0.40657069124132555,0.07399950326588742,0.3614094828869496,0.4188039392473213,0.5221228324400853,0.31746723413039424,0.3739956484727242,0.34892965976764223,0.2411903737454525,0.3587366080359297,0.43143913486755403,0.1856038738113439,0.2600102070337227,0.17206690244873735,0.5747135047296651,0.43901268459413173,0.579084463145053,0.42504886453125956,0.132023475287894,0.28829998178947486,0.2543950265137559,0.26592460447303706,0.329323055567888,0.16065930228220066,0.4094023378707629,0.22836989120817908,0.4378480228192809,0.1414538060190522,0.3974042876376515,0.4396397334768437,0.2932162555206715,0.6738345955135308,0.34179980192567383,0.06586949758075142,0.20086047720907182,0.3833967240564426,0.8136144074889059,0.6018699483247029,0.3594067888773464,0.4123677633804771,0.6337601650100801,0.33718827690141495,0.5003790452959355,0.07147506615008072,0.4471121413788335,0.3223459129175937,0.29983067141770153,0.23016418597634788,0.06350551984818834,0.4240665944053713,0.25664515044929026,0.42820339238808686,0.34144930819232894,0.25469320162366876,0.4138156378394532,0.2827941634961445,0.4360378566673085,0.47792246948237505,0.3954428712647694,0.1965907368937177,0.3861333576216613,0.4614644897094327,0.38458596052161814,0.36557205902411355,0.3869334419375307,0.5706600608542045,0.42129135021025255,0.3806239348179087,0.2524936193508442,0.5229492184885003,0.3618345126670578,0.0777868564614903,0.31572490324181257,0.2835688974568772,0.27953470450994455,0.12161959523128305,0.2061306158928877,0.41662954181758904,0.33914594212428223,0.44421890006237963,0.3814203868436883,0.2893450966446765,0.344906701047785,0.748128849544251,0.32552128458268037,0.26710774061399617,0.31813924301500557,0.17337235175937685,0.13896567358848855,0.24005333886859226,0.3624684967288072,0.4094422065560153,0.1903466503211328,0.7724052098940717,0.15963479883313744,0.3599590007526004,0.49457708718435195,0.24772422211139447,0.16197430317203804,0.3521692887470268,0.1366672545084599,0.6758528352164276,0.25146276239395443,0.2995497455874648,0.46402843514703995,0.48355253717436586,0.5873100701622145,0.27411310996921145,0.3751367894715536,0.3939595398330073,0.0674280883283206,0.35722947209489103,0.5181045207752893,0.40254816561752965,0.258753038114849,0.3690774170908274,0.3486520872193414,0.25192009330889936,0.8325546111576375,0.6460698980688334,0.3383542189193739,0.48420917172654077,0.5181045207752893,0.36119999316531287,0.4572331787211445,0.32305488492564016,0.3722831240363897,0.31372533878472025,0.7588537596681305,0.27689062593520736,0.39373904363777595,0.7539556198526559,0.5196519803613824,0.5944003082207812,0.7375323627252086,0.588000805339926,0.20889743912311917,0.2329306752214742,0.4141759141173335,0.31364668581461175,0.5260200199498071,0.1015713633847654,0.4101043621402636,0.1625991122868824,0.3920485633617757,0.4201483125668342,0.3447604335466543,0.5265994589701058,0.2611832492762601,0.38234098327926413,0.4186383514692836,0.3134522624602553,0.4372434638316882,0.25431842154653567,0.6394826266561046,0.7171936573990384,0.23463459011620547,0.6840944029354672,0.21404339014718335,0.0,0.37772116103872716,0.6742726613666458,0.7062182707426632,0.5728371634238533,0.47885267728536207,0.13621635191497838,0.5574440544857456,0.3277744650021884,0.3261993832302823,0.3576987633723157,0.31155894624273567,0.4441618213280331,0.4166573724996297,0.6001243856399983,0.5147145781456116,0.4969154717780613,0.7484455153500125,0.7942581218091385,0.762704963136499,0.17131644388282102,0.7539559861786513
THA,0.33244779154505133,0.47421294325207275,0.3814346364818639,0.6525293690953472,0.32773465413956016,0.42105396438718984,0.22546399663509487,0.22096272933317815,0.32065594212072496,0.3960122844533644,0.23486855917510005,0.33990536117616593,0.1801681498044026,0.17840017755775758,0.4495556588068887,0.48032408042458885,0.3354292164301011,0.22061368416759658,0.2824951440328333,0.2572982368767401,0.3710776453319971,0.40756335121136383,0.3226018356121464,0.30291099523712167,0.3926596143725823,0.4101256265455057,0.6226841158104227,0.25541041351478877,0.31432326134979305,0.49473467277858324,0.4022868014030053,0.5381122408430663,0.25940598027544276,0.2868081523584228,0.4076998727055708,0.2908963212792911,0.39181450618691943,0.31982239943220114,0.3474502152499545,0.24749067133674926,0.5302520519003406,0.5155510935211226,0.25169256086023506,0.39851190923997404,0.3523958739100005,0.47773404173138095,0.7934718841832172,0.5530913811673237,0.35818036046271934,0.5906312040887599,0.48587603959089287,0.3554765576090548,0.4125044923199015,0.3783179610382025,0.30559903665334825,0.30938746021127456,0.2916204409172463,0.29141494103787285,0.3477289011273558,0.4019878835105142,0.32224493318293046,0.20439368081844767,0.43169534398220916,0.3040999797091462,0.19793168789425705,0.22387291327506945,0.36525004497460195,0.4397084497012653,0.2721124777741198,0.37228401991890947,0.22137664598278775,0.34351551863175556,0.30407362311337616,0.5101264889358472,0.1371621276903014,0.3914727972310704,0.20182866197084645,0.2832800981387838,0.40294000328246293,0.3341657790782396,0.2248987297790528,0.4267182680226807,0.3128558365298403,0.30640867036480796,0.288003422641538,0.3293395313425533,0.42120510935283395,0.4715407202483842,0.47575374393384245,0.6616731043392532,0.3023947121058199,0.2970853554221236,0.3086105553191762,0.7184457692393998,0.2865200676284594,0.36290512551008425,0.2899806803734245,0.3363495635004654,0.3416257236048447,0.33956551561287657,0.3183401766420259,0.3817970507290755,0.32213346256343306,0.8287830924070103,0.40578261492511086,0.22762486059488335,0.436942416541013,0.38805002748108763,0.26815591464327204,0.41441700770037837,0.3694729835914944,0.6599272548611854,0.36266116691374395,0.29095051271681754,0.37819990030791967,0.23478278196975966,0.39693159763427965,0.41708958087627723,0.07884429269500456,0.38227228412547853,0.34729572666123265,0.23916561411414927,0.5176268111364621,0.3504120491480788,0.48219253848674987,0.3330269849170066,0.16131773249807976,0.19152962209358873,0.8325546111576303,0.6279061742693905,0.2747942130937317,0.4164975141831046,0.5176268111364621,0.2145178592508792,0.42859046120084077,0.2322760195416895,0.16316384267154807,0.41869285204812434,0.7419850305944201,0.3192000574206219,0.17339753793082796,0.7422633718472241,0.4475042547483085,0.4397244691007121,0.7246722379769086,0.6060983156191463,0.38598554735445467,0.3071215295852903,0.21422094641113798,0.35113451449411126,0.7296678165216699,0.3261284786533276,0.3847156100366469,0.3067217971738014,0.6174956618023457,0.5553777705749149,0.3175306176963127,0.7346546312952419,0.29884863384752275,0.6274830333634183,0.40177807028793217,0.24955360028037074,0.45417226349610285,0.25685358859560253,0.4911395694398403,0.6997208838719746,0.3859439188878827,0.5134584935436587,0.37261347830349884,0.37772116103872716,0.0,0.5213576134194966,0.5976429670765114,0.651498366987747,0.2926414022676521,0.3150459166561472,0.4035404281584997,0.2048110081785571,0.2996335436839094,0.3013410758221956,0.3578403662817034,0.4392399845285759,0.11483049397411062,0.4427618733118378,0.3043303016581646,0.6328719119077655,0.7264950628831257,0.6490568595017648,0.7662203020752926,0.32266873310610017,0.733508827355624
TJK,0.6116754833626932,0.7464830798555925,0.5522700504335213,0.7930299996841496,0.5347126892315625,0.5812695991895325,0.47171802223368203,0.45030343785582533,0.49910795907144473,0.7550659745134537,0.4030084548111809,0.6503834125818277,0.521931357582605,0.4973381285773448,0.4979841569971948,0.6140829387109605,0.47237972029580466,0.5316799986218703,0.6255402580018468,0.530559319498079,0.4449745435874854,0.632636084877681,0.6693032632673528,0.5952205757132699,0.4671170427920833,0.7647046294952861,0.8325070061956243,0.35477452611431004,0.615350281136336,0.8152618431418889,0.5860893576329697,0.7066977059546536,0.5467739089280397,0.6631436593318406,0.8127489172905196,0.5215871431684099,0.4782633404502238,0.6444911768976328,0.5279773422969916,0.48796119485724443,0.8172064531538857,0.4180194596770343,0.5381574937582675,0.6664136775375232,0.7154677389277273,0.603624590533869,0.7425176433572079,0.8302058824324436,0.5448331412804779,0.8313007294314622,0.4613968635920606,0.7413571022508127,0.37546225010591133,0.6445133079299703,0.45109783821302696,0.5577700411045313,0.6409870372127523,0.5404935211909478,0.6340954961702234,0.7977372362208119,0.7366411963198165,0.4802397514298335,0.7540203804696126,0.5877105883630872,0.5469231267893294,0.610267642325198,0.48685511402413156,0.7948276528598781,0.5168925329845269,0.5944752314894758,0.4138387677818337,0.5150605545359447,0.39404157572704057,0.6446366881103222,0.5008279778061367,0.26946498645316186,0.4188997960942725,0.5817631519681628,0.7753672856295845,0.3649872586441979,0.523900765928645,0.7095469911741561,0.5354379722167789,0.6219663479689478,0.5049866733020538,0.5932928947289017,0.7262251022026261,0.5838587665626219,0.7484772702279835,0.768208796801536,0.3936973890218515,0.59578144151239,0.5437851251812302,0.5773934149189205,0.5527263764929068,0.6363416708988764,0.5582767272981176,0.6946699799729207,0.5867202019588241,0.5869356682145908,0.4578388881437043,0.5684836931411787,0.5457440652279189,0.8325546098713701,0.7203582437330762,0.4997334844590868,0.819744097442915,0.6568930335134184,0.6136176365225042,0.7405048204789393,0.6071161032632506,0.8325418131482971,0.7143974102185724,0.6348535258217133,0.7597651739111052,0.4146546992330498,0.4206077300677168,0.6939131894157266,0.5237804200530454,0.7715649207532348,0.6643244572285519,0.5006175996975785,0.5930915068143947,0.4808143158763142,0.6617073075858219,0.7168289472476148,0.5320969284045428,0.5987422979352945,0.8325546111576412,0.5082025924420929,0.5431446868760654,0.7180263865463515,0.5930915068143947,0.5093666811848898,0.598681244223649,0.5842411410490687,0.502124124886912,0.7138900299881517,0.8325512443685834,0.6224387655845829,0.47381711093709805,0.8314352002407795,0.49685743360822265,0.377651661740403,0.8306447513932705,0.8324952506307058,0.7624911038739146,0.5325388455763999,0.4914389270911998,0.7016135723077064,0.8234818547405904,0.6314993212803768,0.5894150567696064,0.6085494818836475,0.7411117064544124,0.7915397708688606,0.7045605121944333,0.8087350802069382,0.4933593327420633,0.7649653844646928,0.8033461832311583,0.6052764122071163,0.5717253512951184,0.4948798448503398,0.45641913501815534,0.8307211772021635,0.7707823187814333,0.25721689409049464,0.6334798765587022,0.6742726613666458,0.5213576134194966,0.0,0.26695137841167,0.830118304949761,0.4835205142038944,0.5871064430467196,0.34206207880209,0.5523587369895211,0.43726289495783305,0.7017039151332151,0.716402497866541,0.562086601212075,0.47696860443556083,0.2990266094109433,0.3531286900246614,0.8324035489003657,0.8323870116772657,0.5115884293776475,0.8325538343663275,0.6650238827198915,0.8323926607781988
TKM,0.6573256008716092,0.7723834368247139,0.6334269684381035,0.803759280490037,0.6194852044886388,0.6415134705363932,0.5736675106487528,0.5638237025868523,0.5914894891741301,0.7828521195270368,0.5086584973971661,0.6854174442742639,0.5717460671413636,0.5736216494127205,0.6064629058577187,0.6557269623991344,0.5700201801996284,0.6120443423902359,0.6735142112105763,0.6129313213386844,0.46124959880044425,0.6734755954145762,0.7204201103478081,0.6306241589819799,0.5776624879254427,0.81373540568604,0.8325545143231441,0.45394169423113717,0.6506149170589804,0.8283070235612525,0.6419347452619287,0.723848386678236,0.6224040070327496,0.7016298650216698,0.8298764132668702,0.5531329738343053,0.5860055106140253,0.6837504872762796,0.617604045256406,0.5872185484801402,0.8285283433480098,0.5697804574557725,0.6167506665576115,0.6953604532118087,0.7442811447796844,0.6697021166013251,0.7217690508674403,0.832520638926332,0.6276136468055329,0.8324998458145143,0.5739256802806268,0.792432922561444,0.3739278323036475,0.6741702189032894,0.5581993358116657,0.6318468878430634,0.6666715892855244,0.5720660703337119,0.665979573296594,0.8262528483363911,0.7721628184594006,0.5776444741790231,0.7747254349697577,0.6281091028815341,0.6041964793133163,0.6618689356848902,0.5862342541783335,0.8107228880250681,0.6055243207255182,0.6435010326803675,0.5137594344464445,0.6095996771515175,0.4439553128409297,0.6957285959188786,0.5644959406941865,0.41023373657538353,0.5237999149445816,0.6359991229384045,0.798982900272907,0.4941653292732304,0.6075665641119983,0.738550123069562,0.6070270006965846,0.6473057512606977,0.5829390578266169,0.6246960966500184,0.7517439207366289,0.6584469379127846,0.7674138397049358,0.7801395506520803,0.4536967356294659,0.6255939051807624,0.6237378907426312,0.46740147485522093,0.6276897920301885,0.6835416980355191,0.63112923669333,0.7383646104540169,0.6189055282594931,0.648765714921562,0.5560922925140123,0.6197685335215989,0.5828585653207821,0.8325546111576605,0.74734281483572,0.5843155370640454,0.8319391740650643,0.6788978928851823,0.653461207587474,0.7614611197924243,0.6389319111282526,0.8325546052341354,0.7424512772472982,0.6629233668013572,0.7851274964803117,0.527305981702849,0.5448434972978169,0.7155016169997633,0.597172650108174,0.8146938786241752,0.6979019944751337,0.587724840687565,0.668548863335965,0.5793155730187608,0.686588618213349,0.7651807056639542,0.609669803934206,0.6466304814814484,0.8325546111576573,0.5205272935743718,0.6214603761084736,0.7543939882244854,0.668548863335965,0.5989971880083299,0.6644644405934916,0.6344908070464889,0.592295122188225,0.7370666934428705,0.8325546106139091,0.6477182590588803,0.5685384444295292,0.8325492158181087,0.6055373004545395,0.5312111793444128,0.83254105205533,0.8325544865068898,0.7924198423727865,0.5973502800261072,0.587973489407903,0.7291920981293964,0.8272807079468433,0.6665293052681501,0.6463436109333758,0.6451281173179038,0.7581105349413035,0.8041732649959399,0.7304622034535679,0.8147535301880189,0.5588378367047563,0.7811633121511534,0.8277396365340645,0.6334723511631041,0.6501936216447534,0.561838813904093,0.5711836864806961,0.8325416643209448,0.8053369720206434,0.4043046925446997,0.6813063247544575,0.7062182707426632,0.5976429670765114,0.26695137841167,0.0,0.8324334422245767,0.5875789840175931,0.6190800278357583,0.4945749003177437,0.6173452105724461,0.5083388939423376,0.7282676448241336,0.7439245372081343,0.6435410894421334,0.5670337159445621,0.41096477334665027,0.47573330589234136,0.8325534126967186,0.8325543442880132,0.6122065193233011,0.8325546111095937,0.7081169385363599,0.8325543946531044
TLS,0.48776100144037277,0.5444756048565982,0.6238890886411818,0.5946786575269204,0.6100249536241303,0.6181954829136384,0.6776542298177438,0.6864956922675918,0.6547778300651435,0.4100920621914783,0.6920838819090838,0.5887311202098844,0.5861707982719246,0.7323429513546493,0.7229739178635578,0.6484094923911083,0.6695728074225591,0.5648030792879892,0.49862095954144975,0.5796696437707949,0.7394349051753181,0.5923925646433231,0.6368615346279464,0.62471136484166,0.7561654412540842,0.7012945744099923,0.40863998596388634,0.7110744271532554,0.6099536739763562,0.4616832932985738,0.6249798432758584,0.6294773175180768,0.5645996961700432,0.5776013351457113,0.6011117251192103,0.6440895412965332,0.6931628750448935,0.6045380384747,0.6220844645535036,0.6443239504182211,0.46072376599124587,0.7887788589532007,0.5754269965311735,0.5779523482490185,0.47975089832009543,0.667904129411604,0.8325546111576702,0.736474772546514,0.6126123743964447,0.3758299997965628,0.7762459319942538,0.6410287177118942,0.7640895952135196,0.5859714128718697,0.6907756303341355,0.5641328858094645,0.4695688150087072,0.6478854126098786,0.5908974322836152,0.6539538352728316,0.5664679610397138,0.6618661913297442,0.3440010428306524,0.6558456598931224,0.729062262608152,0.5077267601071525,0.6851371722053425,0.543054319032411,0.6089029599808282,0.6041054037206052,0.6837856142246308,0.6476493661067589,0.6959437756549796,0.6585358990811001,0.6366998038491315,0.7652049753708342,0.6999191383511393,0.721931542034552,0.47858074178196713,0.7426231940143344,0.5772812956426908,0.5584325184174104,0.5653353284640157,0.4758266035340515,0.6325970665551222,0.606928425883738,0.45594746201619035,0.6803924230710546,0.3692233805801033,0.6804974021326629,0.6920414392446482,0.49533154525235934,0.578838887217764,0.8324245325193029,0.5570373615818633,0.49049756766048586,0.5529930556524045,0.5903015021138458,0.6079004072783512,0.5769213238472759,0.668203703221959,0.7317924680622199,0.6231670518951475,0.8233225280610225,0.48752635610200956,0.5631956548761353,0.611045389388814,0.49660831165817954,0.6001909530058888,0.334443774225926,0.6017948674465501,0.6193497862973115,0.4373759146267844,0.45872835744578316,0.6935594764376506,0.7505770763297376,0.7808749727396878,0.4493185115856859,0.6400535904092879,0.6589922223325397,0.5568471308128055,0.5628569784328086,0.716822079266722,0.6763055758734946,0.5959424545732702,0.6779858419399257,0.5742610503887228,0.6135838718097705,0.8325546111576653,0.8241972347044046,0.563170589471303,0.7646914683482197,0.716822079266722,0.5652491998227533,0.7544007973746206,0.6790599531243448,0.5834385480562393,0.3762394854575016,0.7462345774264257,0.4786882081717382,0.6066802599898824,0.8181838809709685,0.7220966400671771,0.7591880875237819,0.8152858180836646,0.4670551608915443,0.5168375596451621,0.6204415323981507,0.6235606178068798,0.4335271575289228,0.6261569843025534,0.5993003545653459,0.7305029256329162,0.6197502873546942,0.6589268274116056,0.2984629087878762,0.46255152528417126,0.7165548962762414,0.639405461407664,0.634094687453469,0.6377643030024008,0.5179203565469842,0.6755145993452072,0.6338209977484397,0.7784327916925171,0.8081288794583387,0.5440978904986932,0.8239709326255675,0.5340600106410286,0.5728371634238533,0.651498366987747,0.830118304949761,0.8324334422245767,0.0,0.6684835037163244,0.6132252526963321,0.7479744180580858,0.5243922466325996,0.6661215434512388,0.5496465693610433,0.4030469753632135,0.6712003417490915,0.6994165246851122,0.7741762756808891,0.7792018094962015,0.3201868140356492,0.8029088130198051,0.8324672615740929,0.6991572325234129,0.6048946140719216,0.8052478332372435
TTO,0.3969146641812192,0.543390825141453,0.34165209886078074,0.6575160963758092,0.19998143146144431,0.42943389617231925,0.11928080581026192,0.17065040081829427,0.20280870868004844,0.5217360682813604,0.21303175341327243,0.4599654668492914,0.3388370046754255,0.350891463429102,0.23190171812483423,0.49055650019841013,0.2399139003696246,0.2158406619841423,0.36852110323524345,0.18919064523996398,0.4672503171975664,0.4527591389266345,0.47742936644412043,0.4365150341217255,0.21695360858951687,0.5578209567755483,0.6694366985432745,0.28659066353302626,0.4430784954086505,0.5753355836768529,0.4154072358500161,0.5749863959095995,0.23286814037686268,0.4407321413862173,0.5575771618142913,0.4025671910180459,0.24012909672345037,0.4564468351678484,0.19832946188484138,0.06355187906658001,0.5927546434830218,0.38390785765070257,0.2160187973593732,0.48263019516181244,0.46881851587560697,0.380339730165931,0.7910094772387442,0.6662246046555831,0.25477695728876304,0.633161630186617,0.27764786891662196,0.514269600100728,0.4771802792032847,0.46662240913205333,0.15064911512483306,0.25538495170654457,0.4313700533916047,0.41780846747139894,0.45433374868317383,0.5566744076974477,0.48522546572380915,0.1386984258295433,0.5150239720865986,0.44824009477259474,0.4050239634578797,0.34284892566533604,0.2002470205767793,0.5749567671953077,0.15754927546824807,0.4154798919504256,0.22709034894264912,0.1420963178325778,0.36357242011571256,0.46193475812481055,0.3246017681072414,0.34546060780597854,0.2058595235418047,0.4539050059706426,0.5200033560514463,0.18993404425362334,0.18957353414463735,0.5098541562475241,0.34337179088002434,0.4233015465494722,0.2901530037538671,0.4321262804916612,0.4967364659254361,0.3341428210408772,0.5350162171548497,0.6654247267405645,0.35259781217363484,0.40182242637634163,0.22991998593212953,0.7246188681641148,0.24775923576653988,0.4088078654580367,0.25629958347654536,0.4784889332951007,0.4295539707105855,0.33907919348151727,0.2532912062278826,0.5053695740751056,0.404272716273142,0.8194960935062892,0.4914490045976567,0.29012786167946186,0.5916530014694784,0.46666480230422763,0.4170411395763306,0.5100466017131939,0.4454339443327733,0.7179289220900027,0.46703582912909625,0.4197052881174311,0.5576624298853553,0.23529404314283237,0.22606938105169708,0.4894409951366473,0.31858162139088964,0.5390954299299818,0.45422858842033054,0.2890304135510427,0.35370849513212826,0.21583312908705535,0.5123927728151069,0.5076679125832495,0.23431920528535313,0.3833356612776522,0.8325546111575596,0.664766869473839,0.22749537677921722,0.5672366421907343,0.35370849513212826,0.2516527609967948,0.542449672918032,0.4202573526739206,0.24679824263163178,0.48905272138736033,0.7779133225523337,0.4255243540006908,0.270784665703453,0.778018416695431,0.23097546280982473,0.31926865215481676,0.7661929806886821,0.6676453567166055,0.5106387133977561,0.34522256245437444,0.13668663665529004,0.4823900134729471,0.719181812039766,0.45026062083468393,0.511430014756241,0.4418461975418016,0.6248842110317296,0.5898047542509565,0.46618000716573943,0.7300835527775273,0.3489246744321917,0.634763089524326,0.5562223787013117,0.4076891826529663,0.30427012983019885,0.3255797505491814,0.2801647899434586,0.7513473993567777,0.5175502968543138,0.36699485469984305,0.4017129903432008,0.47885267728536207,0.2926414022676521,0.4835205142038944,0.5875789840175931,0.6684835037163244,0.0,0.42886924308933944,0.32160784719353586,0.32299262343324187,0.34121129505699577,0.4813831808157492,0.46848677198726724,0.27966515357080685,0.25218388704743977,0.40939268918573224,0.31337207830591374,0.6598874949340114,0.7725458280615961,0.4496692626769213,0.7828167617124333,0.4661514921734194,0.776514006494176
TUN,0.2780697916123952,0.2730957060273082,0.32646256304122934,0.47069529629431633,0.35877274691378663,0.29790907807341244,0.39182745865150237,0.41160094755938753,0.3370170973755827,0.4098079132047874,0.32189474893773956,0.10027365114027803,0.2962018081963987,0.33749145886124915,0.4904146123587987,0.33960161681313,0.3309785123364769,0.30890320828823087,0.2421160397619302,0.321592726940407,0.32186512453999805,0.2271092478239205,0.24610865773011595,0.08909366423171114,0.5208249056413102,0.438198809339632,0.6186315554682082,0.32518320372715104,0.07495098930593554,0.3828946748830594,0.2670143785201244,0.3306980386469723,0.29753107873181583,0.15979668353990376,0.4420846831672605,0.09675823119950548,0.40488739243863303,0.1296023384245642,0.3699901194469246,0.3881268502219036,0.39495462904077183,0.629544822741552,0.30572503423479136,0.15181930150922587,0.2557569987773908,0.3980687816485574,0.7932410650939193,0.6150985494918861,0.3421174883638979,0.48998394779818216,0.5850559463811623,0.3465205038962939,0.38708688318634055,0.12088031515266338,0.38777995031651513,0.303010139366625,0.2777650322660056,0.1054594902943574,0.07420289583553505,0.4416833676720571,0.28976074255387274,0.36837923598268896,0.3887076388908035,0.18268431229589155,0.34528445395847995,0.26469076603483915,0.3947329114489863,0.5090493113316038,0.3540723467131634,0.20904472638493599,0.29941939477434754,0.4229346074024849,0.2775300992974413,0.39769429611302737,0.31850903734344904,0.48932254308009576,0.3370098757930705,0.3079188028485105,0.3266694131346657,0.448393120429492,0.3197482027624114,0.2048249991172831,0.28678824684859067,0.25338217969526655,0.2331370537323286,0.04270400855048449,0.28223680733477513,0.4194968645412275,0.3886586899920974,0.5029160522397513,0.28124782674397286,0.2490853954841861,0.32017305887882036,0.6993818892598016,0.3009710595469953,0.28548927538027336,0.29600590959514284,0.20387207005229313,0.09283673924714377,0.2440555217613253,0.31254119944629877,0.3442307452840477,0.11848975563318703,0.7862346832728542,0.24728406791518584,0.3100443466250245,0.522096717356922,0.2552658880388197,0.10279188986603503,0.3875125629153342,0.1353786402504724,0.6979507965380595,0.29560768383902253,0.27719996097142796,0.47285915632112724,0.4031224900307586,0.5249141858143361,0.3034873506490778,0.31425752016857394,0.40477808174298013,0.13463172454861713,0.31007630217202153,0.5086196696080837,0.36140072655872535,0.298358436093947,0.3606891152064192,0.30167262290743757,0.19282349180081498,0.8325546111576354,0.5914226832284227,0.3087572365156197,0.46782505393715523,0.5086196696080837,0.31680593603343865,0.40523217162759045,0.24856342800812178,0.32042045529344093,0.34855040491172057,0.7692155722283707,0.2495160299339514,0.33338997257210634,0.7551126911332422,0.4878307881264917,0.5412408724561124,0.7382852684433727,0.6241007246795516,0.28676779675884323,0.19679412254834408,0.3622763118963199,0.3309851051058633,0.5856406819763225,0.07957108878002063,0.35263986562863653,0.09825692130517885,0.4523585044558029,0.47552637483810967,0.3548383200226083,0.5853084609711802,0.19926904232693768,0.45546654156430555,0.44119846674353,0.2675168956749655,0.42813817739399435,0.1780077386050366,0.5909118330558377,0.71923144247969,0.3016225806650471,0.6120261066168932,0.2465725758202083,0.13621635191497838,0.3150459166561472,0.5871064430467196,0.6190800278357583,0.6132252526963321,0.42886924308933944,0.0,0.49517910256442543,0.28764417138604526,0.24611124154584105,0.3614363781693132,0.34212608490466373,0.4289683862943713,0.3424486346631305,0.5237814491024599,0.4225062441090629,0.5568464857834011,0.7541112525338748,0.7577610666525881,0.7741404198388453,0.17433225684614448,0.7592131298257885
TUR,0.4780715595641818,0.6136221309558205,0.36647897191144724,0.6790690330599696,0.3622082932741129,0.4212287736997422,0.32275161300599287,0.2881671166723498,0.3185186333804616,0.6537210681733083,0.26002549089465304,0.5447605140884219,0.4171375016322363,0.4266072680320942,0.30896215883751027,0.47507084625169615,0.28030148690695916,0.37152263228100857,0.4838327157132887,0.3644943972462237,0.49599925622946933,0.49459377115114267,0.5811374035791909,0.5165713125656877,0.35156700340009206,0.658829262793393,0.7554017720517168,0.2593052000588836,0.5249974677351824,0.6685037724160585,0.43604930386312873,0.6042667632118311,0.3841165919656489,0.5477571553733173,0.676967787881345,0.4501036800646967,0.268030790996537,0.5486671458461417,0.34595888394424806,0.32491515124284354,0.6736408513529146,0.2136349755101786,0.37478528064759614,0.5481201051690856,0.5807824560404501,0.44594778456005385,0.7713015769798707,0.743738187862481,0.36408530404229367,0.7107803749624885,0.3499372822230782,0.6275259376251432,0.4667947287586478,0.5301774998620239,0.2810943363586711,0.3901215774123791,0.5530626423338263,0.48074399473566626,0.5275694072903452,0.6701324235914285,0.6092611576369991,0.3303486644016143,0.6336023664361219,0.5324831489817587,0.4785271702111969,0.47651760117163694,0.30554124339247013,0.6946290778947395,0.3492082902214155,0.452353655675185,0.27494964237308905,0.34823469251236544,0.3282254419342615,0.5020132019442077,0.39221339314623577,0.14629356692024906,0.29439733702619236,0.5380893270722759,0.6348471982833533,0.2299378705828549,0.36127226648892513,0.5834773038938796,0.3747425265971552,0.5329360854940373,0.34012920261934143,0.49290323595690677,0.5891113397603834,0.4201923340703305,0.6387638715387554,0.6672566853493792,0.3056622116976622,0.4975858025749944,0.37125039335015825,0.6986007541184521,0.3871596119547773,0.49376401317902285,0.39413243370724993,0.5825358711563324,0.4784300944708484,0.4233534456372052,0.26580387018336593,0.5731426887531974,0.43734008054437296,0.8178032410748293,0.5820983252893563,0.3428494862557539,0.7095008688281748,0.5588910362816703,0.5098544185011317,0.6341753570457931,0.4910741826455672,0.7838691732612986,0.5834350903581582,0.5369896209244762,0.6664726907873033,0.32068693695192657,0.3251765863611757,0.588982303350636,0.41195772040704143,0.6514355368577163,0.5378431299591047,0.33903229705457977,0.4488086376537326,0.2926705745521736,0.5372930582480314,0.6198253630412575,0.3842157110848466,0.49283467145391596,0.8325546111576047,0.6663134279618956,0.3763905325668731,0.6487926578589546,0.4488086376537326,0.3415726219834134,0.6058840019167707,0.5173391808995528,0.3449560193330711,0.5962112037971727,0.8106100111652264,0.5302195581217503,0.32268919047691735,0.800572210891001,0.306733255560595,0.10591960658531085,0.7925814820367926,0.7567314605671388,0.6220501282895606,0.3814977369060055,0.3271615947864603,0.6128654219194712,0.7351390012270853,0.5332300414198696,0.5836019854369446,0.525701788120707,0.6302060782632063,0.6822393430462845,0.5988443630679144,0.7227159844125172,0.3526288214937579,0.6506950070147096,0.672241289688743,0.5227107830638564,0.4069795815882039,0.35919443307561594,0.34154374973511087,0.7846482707340345,0.6293027458404021,0.3013189661344286,0.48136811612954017,0.5574440544857456,0.4035404281584997,0.34206207880209,0.4945749003177437,0.7479744180580858,0.32160784719353586,0.49517910256442543,0.0,0.41899380472466524,0.3036320838225816,0.613108479458428,0.5953076638318062,0.39547697034446005,0.36566807597231527,0.2094571535554107,0.32448651394034667,0.7347141515851576,0.8022880001078406,0.43047185083079126,0.8129640238868187,0.5654696578912345,0.8042397907311354
TWN,0.18687477418569814,0.40725100655929203,0.34232833751020736,0.5806088390645799,0.2920563761372492,0.3511806164906372,0.28971042265679703,0.2986002889506048,0.3156880492248969,0.32151878356476504,0.27911433800881963,0.30549909291475846,0.15763749769813348,0.3197665856776538,0.46032525102385174,0.42965278945619634,0.3302658042717637,0.16383721974424767,0.1703087825468615,0.20925081022558595,0.4199732950811935,0.3487599607642254,0.3437334884938695,0.2962448168069748,0.45215286190013726,0.4694231851085051,0.5317583949638364,0.2989993659092348,0.29542811715313166,0.41385279487826504,0.3579099866119947,0.49169082816788123,0.1958439441404996,0.2607110334632217,0.42316456381106204,0.28273117427118405,0.3923056868413405,0.30455146906791514,0.3143523248977458,0.27108699863926217,0.443295064745757,0.5398247269416121,0.20017249289306643,0.3432384376500263,0.2608834215007187,0.4541360896391738,0.7966050379149766,0.6059114012701209,0.31564658810528434,0.4816891521418289,0.5209841358103765,0.38760128069023764,0.45659770847416875,0.3266950690897229,0.3331585408576991,0.23826558360114056,0.20134513072091928,0.29581523597519654,0.30613788748464366,0.4446170879795895,0.30992553980794285,0.2614957937495922,0.29944371593972885,0.32762880887440343,0.3288128668530483,0.11822658493420404,0.3708243895505883,0.430115242243259,0.25014049578870706,0.31994250737775054,0.26279231838556155,0.3369770440489744,0.31179692959693783,0.47713181096573026,0.19037555573571274,0.4212236095115305,0.2782619079906906,0.3719143723910131,0.33109426039632,0.3866732272035321,0.18185627155957187,0.36648829307735586,0.19654435550401797,0.19623572351584986,0.26490580237642486,0.29224830002093993,0.31238138187103626,0.4560094564674544,0.34434064668328074,0.6182858605408033,0.30331666769482646,0.17816964367445245,0.24878941792636858,0.7307016841656125,0.21165237259474934,0.2467893564074599,0.21167754188535184,0.3205875113592176,0.29746240463268997,0.2779402214013918,0.3126059620089128,0.43996914186841674,0.2829060250946337,0.8081868239908715,0.31187355865223426,0.09832514883570619,0.46778449700497793,0.282214758432778,0.24903104783841248,0.2913337131869633,0.3180636168012015,0.6369604927073564,0.2472322402669953,0.1770251867859759,0.4578538265925761,0.3510492237685492,0.4651877200046408,0.2969371810255382,0.18303229792832076,0.4261386639748642,0.2860769628441515,0.11614626178647229,0.5156047232455704,0.35032755017304557,0.41345042027371975,0.3972382100307722,0.13495653759387372,0.21146469811088137,0.8325546111576385,0.6575538214368061,0.20666522692536862,0.5028957108803671,0.5156047232455704,0.14535548224136688,0.48960076590869345,0.30470840572468705,0.1364419305717497,0.2752412281766217,0.7413046340635826,0.20371978273140895,0.13840877639222665,0.7623737521338234,0.4580684909093229,0.46175481032566223,0.7481376515463481,0.5384482733789381,0.33110827679526017,0.2697714349742226,0.22888615501315757,0.26789889689458607,0.6582285049052337,0.29875325038274153,0.443897648367886,0.2982468447078946,0.5682747085380528,0.4187744931296344,0.2480752474926927,0.6974949890503895,0.2673163925288999,0.5717588347568718,0.4367636482811785,0.19060644036737295,0.43888125489299534,0.2356160161336056,0.5251811950500306,0.7284285618019917,0.350135630878799,0.5552779696736316,0.28502773524346386,0.3277744650021884,0.2048110081785571,0.5523587369895211,0.6173452105724461,0.5243922466325996,0.32299262343324187,0.28764417138604526,0.41899380472466524,0.0,0.27832004013133976,0.3027985027896063,0.23536314060950725,0.42415970528757213,0.26677283984496697,0.4563116969603276,0.39858886824161777,0.5104932304686468,0.7499841224141406,0.6721053509198816,0.7382379831669894,0.3139346369846478,0.7555033784419782
TZA,0.30750176874257923,0.40799622025839133,0.26236898328104624,0.5294960776273213,0.297783164527857,0.2507263440280363,0.3109344781803471,0.3151309097134991,0.24571383347893513,0.5188203225418416,0.19214909903342522,0.3142607224805174,0.2716383254385027,0.32609641483204616,0.3751198160762336,0.30266227878500573,0.20278263909521266,0.27120916041072907,0.3048717970387093,0.274361584116943,0.36180156997803714,0.27409226196056813,0.4030882147121567,0.2914212185629822,0.4236381553145251,0.5410463619866519,0.6736888830966968,0.1707717632078713,0.2945159240389363,0.4987446684040563,0.24161919538101062,0.41484396728592854,0.2673715422470185,0.3388086515196739,0.5489226227427532,0.2013154028285926,0.27565166671467045,0.3316835990050295,0.2976099548607,0.3093418872449874,0.5028006240357417,0.47592053613788615,0.26804471409081615,0.3129978267505821,0.3909985339287867,0.3484680996412583,0.7725109154480561,0.6744197076038133,0.28095214093704524,0.5730073854927334,0.46867455574094213,0.47755738828977284,0.36539587041363203,0.28753768836244015,0.2777151316188233,0.27140992734387476,0.38614808461181777,0.2539239889096683,0.28533782749301734,0.5474014169511036,0.4381077141025073,0.29531647245774484,0.4879304186492906,0.3391799477738908,0.3613148219558385,0.31607754949480643,0.2883023357753254,0.5912643722102567,0.29118883043594196,0.22533640827638968,0.17691749256527375,0.3448898797850716,0.13210385932935567,0.3762148717220631,0.2727950708453975,0.2898409016169914,0.2392431323973261,0.39642174369055777,0.46220306040452497,0.30751178984492167,0.27313009778809555,0.3630105501101824,0.2305568790880848,0.3555282831984291,0.1484708363081078,0.23778562089765884,0.399227556941666,0.3544606393838152,0.49120123541111255,0.5336549239502388,0.10200641246954668,0.3158415798858889,0.2732767493015134,0.6820933028898497,0.2703764648024049,0.32913957788919507,0.27085838536656864,0.3830327342414754,0.21699082605005277,0.24107199986907538,0.16785041498024247,0.4403176701728412,0.1630015727204997,0.7958420812903855,0.37925940866257807,0.23860188836020738,0.607758017346568,0.373483064841113,0.28439010616470833,0.4924627168086322,0.23758229887465157,0.7340586282669475,0.40915704521020907,0.36826191346656356,0.5613784635846253,0.31479129453329446,0.41564743625430334,0.41777463668610154,0.29765192577315575,0.5195155819139391,0.3050533517707298,0.2379512771274018,0.4404005335109296,0.24634364254685642,0.3421212424958165,0.4819558085158482,0.27615875714946775,0.30092776154059137,0.8325546111576211,0.6149425033796163,0.2705310646195348,0.5501182983609113,0.4404005335109296,0.2594006018332374,0.4918069165185019,0.3516054453532329,0.26575341465559654,0.43939513822904075,0.7871278116378773,0.34967510267601415,0.2509908913622415,0.7768026601441546,0.37196806791305054,0.37089412461389804,0.7641112946395018,0.6786239375566676,0.4372643885015839,0.14980137302133764,0.2899783813456562,0.457216043141174,0.6310142070855429,0.3011314893056188,0.4521685775307659,0.30291890197521154,0.4812266341430289,0.5574564612551373,0.45416265219449203,0.6124761008963705,0.0882155277963436,0.49971874558508383,0.5476372720410072,0.35517274860908893,0.36118466166959134,0.10804666868118531,0.47014921769578083,0.7501626303653013,0.4497512519288699,0.4597757376818212,0.29029983446144586,0.3261993832302823,0.2996335436839094,0.43726289495783305,0.5083388939423376,0.6661215434512388,0.34121129505699577,0.24611124154584105,0.3036320838225816,0.27832004013133976,0.0,0.47301735794488675,0.44118996375009734,0.35963836862625137,0.2943258556745767,0.32250341823254536,0.3226443983871277,0.6238960351674819,0.7765954770766608,0.6192939355583519,0.7902325944572193,0.36095378000337,0.780239281217967
UGA,0.37535452630844207,0.4231086887492863,0.514656642600949,0.6288211157502442,0.47343314139132037,0.5131502805458098,0.4404472965586534,0.4509761241439749,0.4915324758420139,0.20728601935760452,0.46771996344630135,0.33102321646692145,0.2961325523571226,0.3990591384312555,0.6161232895325508,0.5537685826345562,0.5149244496068052,0.37379463989662165,0.31592616256476164,0.4086941050645892,0.4732791109083181,0.4588772363449612,0.31433629932778034,0.3351994224307721,0.5792265171781168,0.4081053019026253,0.4638691871348989,0.4849184439770804,0.3315946577721791,0.3889198842515602,0.49731483033465335,0.5264793795363796,0.3941192482288311,0.27037288144604077,0.3270684830792336,0.3879240447142904,0.5676419266695536,0.31275949661163016,0.4989204832431065,0.4403184700941208,0.4358126498144144,0.7006337638603246,0.3965202275271291,0.39459935481458763,0.2739166152031756,0.5820902095584874,0.8095785704921741,0.5349393327856546,0.49640593038044356,0.4740491999307783,0.6584508461569437,0.32617176419642796,0.5369276216336863,0.3895898176665766,0.5068259048644189,0.4325518933356075,0.2216023587222933,0.3671189109003447,0.3578434109976084,0.3609831575315435,0.2367039488993115,0.4185746666014742,0.30544436044542095,0.341054381904142,0.36715927266417925,0.2668193316304849,0.5389849294123383,0.22445669406644617,0.4359111419907195,0.4528535884973104,0.45228065724411687,0.5046607506173431,0.4801530355939988,0.5864295635213337,0.30858632103789657,0.6078229199869428,0.44728851486806226,0.3795532258936336,0.2802431041114785,0.557268624995463,0.38630980181497504,0.39061419757440974,0.4301724548936828,0.2856268529486296,0.44815193226628375,0.3756446928240221,0.36029547310896304,0.5902872905527393,0.3877912853643213,0.6642682304791223,0.48433661738077805,0.3209574202767275,0.4455269429737592,0.7557874642240574,0.41375796240452284,0.4020955431829228,0.41144664021439525,0.2965438822597485,0.4005684571120352,0.43629203587340476,0.5048150683122093,0.4366523615868272,0.4157299551480355,0.8319361249706761,0.35101402436223034,0.3789667003300884,0.2838421539011215,0.3636817450824674,0.30343379356438266,0.27234393796325024,0.41826053207484903,0.5347774869419053,0.27703113807904883,0.24995538880540075,0.33058346005104605,0.48269937788225387,0.5984001950123822,0.3652955927964661,0.2818431179443761,0.35407465721619696,0.3407199668523665,0.38999576888041243,0.6360643211098895,0.5266557364492329,0.5117361265864161,0.32742510017556375,0.3279256410994379,0.27130642247657577,0.8325546111576534,0.6762812167685207,0.4119508255135389,0.4501630439997776,0.6360643211098895,0.38163902753320944,0.47965758348948895,0.32515552749574955,0.3500351170667099,0.35412510062830954,0.6869160241253086,0.3076157430007404,0.3617250166458234,0.7468390423212898,0.6146017845280007,0.6424100836612956,0.730866345157586,0.4468812381516135,0.28699196718640513,0.43868834024925485,0.41030507954341916,0.2187251204401633,0.7079017504240379,0.3314091863979156,0.4345299191666878,0.32805834194564554,0.6288365485139779,0.4654722098159645,0.14620201708276018,0.7292838149245723,0.4483305395340674,0.6235685611968932,0.34815434793690136,0.22194971509733466,0.5796988574581373,0.4161145905701815,0.6649521349970366,0.7054005024554836,0.29963895690717873,0.7056359737125887,0.4219348461507002,0.3576987633723157,0.3013410758221956,0.7017039151332151,0.7282676448241336,0.5496465693610433,0.4813831808157492,0.3614363781693132,0.613108479458428,0.3027985027896063,0.47301735794488675,0.0,0.2439507562508643,0.5702238561557293,0.381651311029601,0.6343055051734002,0.5349232230231958,0.5042520270298638,0.7218909731251796,0.802520079550771,0.6822267049624218,0.30241530321999066,0.729366875684467
UKR,0.22650593048069542,0.3450525139945409,0.4350706058714788,0.5319859972130453,0.40329095554979344,0.4322497996527368,0.4496681411182662,0.4666688167191402,0.44717415641402813,0.18090437508159718,0.4629417322882554,0.3098299909643116,0.3098393867731909,0.46714187911071386,0.5810990422533125,0.4883196797215405,0.4713765882185854,0.30621049258096855,0.18770444604956815,0.33859156839952864,0.5307340888995096,0.3800125949078478,0.35953149197213663,0.3462043989516978,0.590769485326218,0.4762225508859128,0.40045743670153666,0.48922842238619174,0.3293342328041274,0.2801468729994779,0.4281064640857772,0.4816791734530443,0.31279762046467774,0.25716421813032686,0.3584647684761826,0.3827502226725683,0.5247283344121144,0.31878603963309304,0.4263844308695251,0.4230846665716433,0.32035349151212295,0.6843880840125323,0.32537282665563955,0.33633684873556,0.14793896228761466,0.520316390757255,0.8191649170992289,0.5845609636466287,0.41496994702386514,0.3359699672391023,0.6511401946394922,0.3762686288813872,0.582001037832785,0.3366547889876474,0.4877891782286259,0.3338947035170358,0.17796363784948496,0.38136337079143484,0.32276959477855716,0.41684482988490307,0.24887844140836915,0.42271517786701845,0.08886417540281419,0.3868160438905046,0.4503055997631467,0.17373781271941707,0.5020712155362058,0.31884757158127935,0.3833811283084291,0.3813571764090006,0.44642751350738824,0.45968164619600177,0.47527490569332326,0.5193289323238492,0.35820976129126253,0.6064529309347267,0.4612752424570519,0.46030279047559697,0.18841493442915355,0.5600662116182086,0.3260610506765096,0.3258050236745101,0.3285500764288781,0.1963427142136611,0.39752429695199715,0.3424544802412832,0.20749138521141872,0.5342739132558559,0.2107187935176884,0.6039686898978776,0.4727241853995373,0.2196725915409528,0.35572531195433593,0.7827920550576467,0.31668887344751034,0.24979367869445893,0.3111039158147186,0.30072302298924347,0.3550958209086833,0.34668662495480856,0.46297206877478186,0.5121354367846525,0.3739902729584223,0.7952516871928969,0.22542097315678333,0.3126208259421685,0.38694394921433906,0.24741220462955835,0.29331409412679754,0.11650434860916316,0.36161511453443107,0.5623467267355591,0.09602524878337781,0.16123414067223307,0.43245406289152616,0.5248724780270609,0.616277574712191,0.21746637680080808,0.3435080215363243,0.4121326473177115,0.2736852465565203,0.31527613446018304,0.593457084855228,0.4856350134601479,0.42442237783006526,0.41048084765621123,0.2932343970633637,0.2891982969510097,0.8325546111576319,0.7212823400597976,0.32263413117617423,0.5319779217840217,0.593457084855228,0.3138260643944513,0.5538465821464966,0.39121688120424886,0.319957535978254,0.1462785909872659,0.7063820975644336,0.20229199275835424,0.3533509855492058,0.7645146587106068,0.5793717540044946,0.6233865376294822,0.751804477881726,0.41803403531191846,0.22634534356614652,0.3814367921896411,0.38811485979421273,0.17310716902585077,0.6099846418772734,0.31904041250662823,0.5099266284907116,0.3389156577908176,0.5607110908060238,0.27661781839001387,0.14045400303350525,0.6773525831119339,0.40299755138903276,0.5455605585655059,0.39778537505932493,0.22584982906755863,0.523373960496541,0.3781895733307763,0.6564677537940312,0.7304306897689871,0.26547286631705386,0.71251810735822,0.3038307394258298,0.31155894624273567,0.3578403662817034,0.716402497866541,0.7439245372081343,0.4030469753632135,0.46848677198726724,0.34212608490466373,0.5953076638318062,0.23536314060950725,0.44118996375009734,0.2439507562508643,0.0,0.5138563922971313,0.43347984614272334,0.6307175334748543,0.5751563763300148,0.36312917667515415,0.7407482164790297,0.7848866531835261,0.6957025299961054,0.317064439046275,0.7470085938289702
URY,0.41898396475114946,0.46976420151808,0.2747972593982308,0.5277270086159369,0.1797555850937834,0.3471150522191329,0.29774799715898337,0.3580612360773651,0.15750072080476596,0.5853998525063486,0.31978551928921034,0.4518425406822151,0.46144336347617765,0.48373465415053757,0.19126038975748932,0.4021958256632598,0.20868375214980098,0.3258453030828263,0.39359837707070305,0.274307975779588,0.5493255062654824,0.37611664505502196,0.5289325257582067,0.4618633748619142,0.2760294726564613,0.6277216013233934,0.6811450318610088,0.39035603970047966,0.4545592359433808,0.5298858150331787,0.3363236868302154,0.48384115754532747,0.27947521796381836,0.4704233491866065,0.6098320393685415,0.4290405872444003,0.21088779266900123,0.47302731142771437,0.2235512623617083,0.2866813367031562,0.5253223107831291,0.4534880777695191,0.2699847062987561,0.4305820559613371,0.47333949608929704,0.26491094943437116,0.8010070325859346,0.7146668504801106,0.23012002248059316,0.576341321542535,0.2803645811640884,0.573968200147034,0.5597923275040032,0.4228295936975656,0.2075444526908036,0.2745000273253733,0.512066544106541,0.45623824737635327,0.43282683489507695,0.6202078982655336,0.5307469589321209,0.29637224558141967,0.5383569690006644,0.5025429516165165,0.5253636287957105,0.41861816532664986,0.12614228541547584,0.6377723572974626,0.23539817417036252,0.3514196980975776,0.32839945532823284,0.1993864185793079,0.42280100164941853,0.32181127664904996,0.4615645514279939,0.4432028793101219,0.3453313645307926,0.5532155525481776,0.5209430152777242,0.30340876591640115,0.3112154527507264,0.4519498769887702,0.3665571726197351,0.4904046991696722,0.274796556853669,0.4172167860388094,0.4584698552240409,0.2148250967154711,0.5386562986225267,0.5519282164617904,0.40609071440558875,0.46587533272189,0.262280678172602,0.7509507184926756,0.2921076889723383,0.3957439956003037,0.2937704050640203,0.49730643537143565,0.40114258234555844,0.2731493215248816,0.246732495052676,0.5841982671021461,0.38681256505251127,0.7868346791574802,0.45052514677316785,0.39262181074562996,0.658988775929299,0.4766069269899456,0.44793166426101827,0.5558567405110367,0.3989261656317334,0.7438097904668632,0.482489299269669,0.49578685691342805,0.6348710563515245,0.40190955893630675,0.33227434826916435,0.4969279715337724,0.45773375789589354,0.6042736654607549,0.4280199963259121,0.38324444941559516,0.1407685347168201,0.15841612246482206,0.41792394261480603,0.5877273387780448,0.36576098382114547,0.462468813684217,0.8102049887082557,0.7084932553207162,0.290902650607497,0.6426648433979838,0.1407685347168201,0.36009513163724954,0.617862299963669,0.5167776808921226,0.38221407643054517,0.5044417321033163,0.7928994872761506,0.4826445063270872,0.40959093715513656,0.7951686664591061,0.19133500105504078,0.3916806396874847,0.7866373290152451,0.68977247686416,0.5087846137392725,0.31621122453379097,0.3157755518385857,0.5500878446850974,0.6071021427982876,0.45126338993971354,0.5895818691381792,0.46522980305397604,0.5085668805455023,0.5772948184009908,0.5434605351107364,0.6131337877765675,0.3396936561642854,0.5131565845343802,0.6167777360649734,0.5038538829293648,0.04592809434984224,0.34163501687264797,0.28607568289695207,0.7761539628487598,0.5238181935813578,0.4339784433911143,0.33949361425002944,0.4441618213280331,0.4392399845285759,0.562086601212075,0.6435410894421334,0.6712003417490915,0.27966515357080685,0.4289683862943713,0.39547697034446005,0.42415970528757213,0.35963836862625137,0.5702238561557293,0.5138563922971313,0.0,0.4156118352493055,0.4913299470175723,0.44260568656531163,0.6220330160442925,0.7914963282415207,0.5023335545735153,0.792801698487164,0.4906496090032575,0.7942302687176586
USA,0.3791239134888552,0.5150388234620538,0.38831557111873316,0.67739543537987,0.3155057025463741,0.43587131499621307,0.17919061840985054,0.1847807016646951,0.29442972947148677,0.4693175597106981,0.1834268943810597,0.3772724748848722,0.23547951010642837,0.1267948668599436,0.4063261232479334,0.4921786354595972,0.3073870940325262,0.2356446042624263,0.3366695942592855,0.2594558134435278,0.3499876011544059,0.4332195132381588,0.35155760546539194,0.32942064573339114,0.3320117941064293,0.4233068812088358,0.6906491852916745,0.21137273183171845,0.34574158468181876,0.5529774690979732,0.4136337407895237,0.559383676789218,0.2723349965522387,0.33759373541039306,0.4587687220242729,0.3045708399232875,0.3566246792586639,0.35513110690047317,0.32703946884415747,0.21701792201777173,0.583726601068317,0.47630804483957834,0.2602997912068961,0.4336818977522285,0.4186495283331789,0.46511520683605506,0.7881067407676527,0.5690288244508974,0.34660460215813704,0.6500494557977802,0.43075048378428976,0.3882194769099649,0.3832684496489922,0.41171280992182197,0.257926609244971,0.3165288969152073,0.3590866239484449,0.3062420668351412,0.3820720843914843,0.43585723895492806,0.38202838481982476,0.16841959877317747,0.5012026737769,0.32061160818992707,0.19037645934979763,0.28961158639686335,0.32847137268043425,0.517767400061849,0.2603473927570139,0.3930324098979142,0.17713715742127087,0.315635760997177,0.28723911753787623,0.5089579025269032,0.1870637448822255,0.34464545960998716,0.13486432237570434,0.2748552345960253,0.4695054032333073,0.2649616833957333,0.2303506806395892,0.46659678926110504,0.33839850605934163,0.36291208877598596,0.28392913723963903,0.3575276690777975,0.47750341481489117,0.4508049468338878,0.5292636971303377,0.6766150389245714,0.2860291104419577,0.34806104659429266,0.3071984310802478,0.7053671604282435,0.2967538938922369,0.40688447437063824,0.30282734432351327,0.3785948715042484,0.3676388690659476,0.35530285225178426,0.29294777160155555,0.3707986985903596,0.3413715009219276,0.8297569681474014,0.4605341654923058,0.2613725034980059,0.5028303386649248,0.4323876607272571,0.3085832424925237,0.4831892835506545,0.3965583047061772,0.7165634225048908,0.43174004736436866,0.35777230681311234,0.42182583832276394,0.13520895768532185,0.32325133966432945,0.4665679895756209,0.15695255966241828,0.4115424642536256,0.39236707713666485,0.27011212652649436,0.48982965980864446,0.31745242282602854,0.506368234181869,0.35650419760524604,0.1963565369978718,0.24152132974847518,0.8325546111576222,0.6084185801809943,0.2818068157005192,0.411868162484977,0.48982965980864446,0.24776661167930614,0.4133389418168121,0.24629503057964444,0.20640465473199887,0.47740888593276326,0.7714073219274787,0.3722599800847782,0.20661807819851377,0.739112432949155,0.40435869723427736,0.39892188496982395,0.7204999258201843,0.6763407974458313,0.44570010414895633,0.3173128244653195,0.1957408620316359,0.4174323993039601,0.7488905868645768,0.3606125684041741,0.37541472377028673,0.33564373365214617,0.6343658992846727,0.6065261879965971,0.40090338187904506,0.7461126488470354,0.30575459979450814,0.6478062192590928,0.4415676726684369,0.3167148150212684,0.43175042432621763,0.2643955842271293,0.4358072696756155,0.6959742820960748,0.4405870794304271,0.4502897718755312,0.40394894980773494,0.4166573724996297,0.11483049397411062,0.47696860443556083,0.5670337159445621,0.6994165246851122,0.25218388704743977,0.3424486346631305,0.36566807597231527,0.26677283984496697,0.2943258556745767,0.381651311029601,0.43347984614272334,0.4156118352493055,0.0,0.40494506977134537,0.22020959175908789,0.6929726343155067,0.7309577057076952,0.6007443167415684,0.7934161393881964,0.35978003372890033,0.7375234337010415
UZB,0.5147512873118194,0.6631905272874157,0.46909076983102116,0.7254784892427849,0.4515061850590967,0.48311559912313123,0.39523189071085596,0.37523039983202616,0.41440218336954915,0.6825861653389443,0.3205638312076907,0.5828109840958499,0.4138206126429718,0.43953772290412546,0.43113896658113326,0.517992273015916,0.3821710128028293,0.44398411303023155,0.5350615780820714,0.4433977232184553,0.4738670917932631,0.5482554384430934,0.6100942344006657,0.5432100059150388,0.4202259082576148,0.6803681558983798,0.7824680198911849,0.27383806672054073,0.556478164172243,0.7178187312585222,0.5009619400884819,0.6454367174553101,0.4581589428094127,0.5833709381883111,0.7098567112535086,0.46303459083777593,0.394817976551908,0.5829632157924636,0.44589333116774127,0.40799603131275375,0.7240909501840487,0.35780675880829393,0.44990263604005404,0.5906628911391382,0.6237512414212053,0.5334957959487837,0.7509984374429693,0.7607059083052812,0.4612868382423383,0.7556978511055886,0.4241566361944934,0.657487430076124,0.41719427661386566,0.5699600493897142,0.3719887646401031,0.47036415920222635,0.5706699448836806,0.49572745411396224,0.5648002072796114,0.6980443971818836,0.6458008640021304,0.40035237243350946,0.669888492138831,0.5518894051112827,0.47830023910179553,0.5218424951323244,0.40791424884046956,0.7199747302942487,0.43247546522138375,0.508081889526285,0.33070604680485793,0.4393347953852702,0.29560488703682275,0.5751288045128966,0.3932916802345535,0.11363169222720206,0.34544781225408544,0.5415448615689056,0.6792111993263764,0.3016076369371228,0.43675561174236466,0.6303036114490308,0.42769359570710325,0.5494139419464928,0.4141999693405238,0.5239169562958907,0.636594063872923,0.5154970044123277,0.6730950149768457,0.7070456793450839,0.27973019327118226,0.510183621944275,0.4571682739481642,0.6667530937640762,0.46478048579523207,0.5499311537780889,0.47017747713764796,0.6209494346439364,0.5099178127291591,0.4983465164327968,0.3626406671872795,0.5756954015003137,0.46261090143328554,0.8253479526342662,0.6300986936716825,0.39453899991402047,0.7339459049687599,0.5861286225257409,0.540752874748887,0.6643540834527897,0.5270033507890438,0.7996472648123997,0.6245627176717071,0.5547608021057747,0.6854729537914895,0.3604952931840461,0.3874475397353426,0.6201113850407369,0.43993517237865554,0.6789370943499191,0.580824437609126,0.39880613899360867,0.5372611241419492,0.396413099672019,0.5746796850683817,0.6418268929233037,0.4453446780553926,0.5195623310438036,0.8325546111576302,0.6469708735283591,0.4553846481791519,0.6586933190113073,0.5372611241419492,0.42119853568949256,0.6080311471400762,0.5285367177730029,0.4155317114017403,0.6296027262740018,0.8176502930343709,0.5478416196525593,0.3740274172694862,0.8049791404889092,0.4294222221869083,0.28375864066002443,0.797710127902776,0.7821483220901909,0.6671815421885224,0.44238914652389705,0.4082665328346149,0.6393539321746264,0.7708354559090018,0.5680762162683315,0.5888289252226958,0.554545511381798,0.6726419167731621,0.7172511471787671,0.6238341004174526,0.7597117167884543,0.39694472874263803,0.6978768065099156,0.7018489407689068,0.5323860979808644,0.5022113172883284,0.4053650515385089,0.41805158660530023,0.7913236222141087,0.6733758260468725,0.32058714531828164,0.5452398507771896,0.6001243856399983,0.4427618733118378,0.2990266094109433,0.41096477334665027,0.7741762756808891,0.40939268918573224,0.5237814491024599,0.2094571535554107,0.4563116969603276,0.32250341823254536,0.6343055051734002,0.6307175334748543,0.4913299470175723,0.40494506977134537,0.0,0.3350571872030518,0.7723099948805162,0.808491361308508,0.4865256668528355,0.8200769230885036,0.6004697403653246,0.810012800162469
VEN,0.4833860972499278,0.6126901884951956,0.4441677239171446,0.7328312225758131,0.3800625048127262,0.49099710723001444,0.26057852052388747,0.26594657635888813,0.33933902286615003,0.606724166548245,0.20106735672360068,0.4755843710861994,0.3605421737213039,0.22005671435054955,0.4023808090570761,0.5361036157137852,0.3357497056976479,0.3588680107669404,0.4660804199910269,0.35963539680124207,0.3127586107476893,0.5097160327130901,0.4495567697344331,0.411376469285884,0.30980105086262455,0.5147883662811336,0.7956031992028139,0.18866321230490773,0.43516999020073144,0.6844773463204614,0.4727091284000495,0.6140669878082989,0.37611761185217124,0.4661693173190518,0.615109479770258,0.3616102437778975,0.3702497386416005,0.4538104222415734,0.39042166190827904,0.3044487428513254,0.7024642082398302,0.4327399992181908,0.36286598472500586,0.5226369542137446,0.5585671128732501,0.501929352839766,0.7728852587222489,0.6843387904626533,0.41277849429911967,0.7637574298831267,0.38487053448846487,0.5058078727757175,0.31221813656003977,0.4982397167475504,0.2769735492856705,0.4075720465060237,0.4869333919911351,0.3662698950921908,0.47268684394964755,0.5701342571890713,0.5331869785479709,0.2658076195235566,0.6311046437310422,0.3882332105352432,0.309299686200863,0.4383805322265054,0.3465790195038663,0.6680298179599954,0.3431948047822954,0.4662267787059067,0.20990933852560956,0.36348974484286783,0.28252429514093164,0.5482495503837621,0.32423278889878376,0.2668612447089904,0.1726958636174826,0.3280932120059931,0.6164772543056305,0.20800580498250826,0.3487199242943717,0.5640648264452366,0.4186258130219053,0.47594627018464625,0.3482007713811245,0.4375472413861165,0.595945240997752,0.4800947299720386,0.6347180331173398,0.7151666176916776,0.2855385690717283,0.4548424545080706,0.3940325675143467,0.6619273485229836,0.39710394580039404,0.5087236912129397,0.40305917953546533,0.4934058025881801,0.4428830975676093,0.4401373959607606,0.3229675224549263,0.37185343111543606,0.4066442405149253,0.831907633223417,0.5802865109682789,0.3627432556410173,0.6561801649389586,0.5275495051659621,0.4197527299881393,0.6106370179519225,0.472073325477973,0.8048645944318025,0.5696358439689763,0.48509328061328594,0.577397126492452,0.1236626494974234,0.25768667570439985,0.5684921389265707,0.32885581012789206,0.5320077691130854,0.5023677961548388,0.36747646009956936,0.49827220658813565,0.3408704979938945,0.5688005580754464,0.4710881300501392,0.34525991649125,0.38232837748539117,0.8307384810989475,0.536884312578012,0.3839108886139063,0.4939419949249718,0.49827220658813565,0.35783287247399737,0.39929613014356474,0.3425536306398892,0.33585846904925587,0.5919770283967152,0.818743500501916,0.4806081343147537,0.3211845656670048,0.7576042384090008,0.40080664705582186,0.36030604636925473,0.7386722200132946,0.7908009183597038,0.5865740071241626,0.38753838970433857,0.3081661028073352,0.5449624758678873,0.7887956504709777,0.4544929478274874,0.38350824485834334,0.42224402821312224,0.6786601737955449,0.7033336600296217,0.5523213420737147,0.7745111039272297,0.36074796055087244,0.6988244865372223,0.5846239258905273,0.4455302190288781,0.457231925506782,0.3342083056002246,0.38801082565220174,0.7256304524114563,0.5791300673075811,0.33317183914342513,0.4982943586663878,0.5147145781456116,0.3043303016581646,0.3531286900246614,0.47573330589234136,0.7792018094962015,0.31337207830591374,0.4225062441090629,0.32448651394034667,0.39858886824161777,0.3226443983871277,0.5349232230231958,0.5751563763300148,0.44260568656531163,0.22020959175908789,0.3350571872030518,0.0,0.791259662108631,0.7812953638037654,0.554200024518054,0.8249190164737111,0.4646990867687925,0.7843211675045795
VNM,0.43442415833540576,0.448013103682071,0.5520699213183264,0.48682248688375307,0.5673559094246416,0.5385193075902157,0.6687662249997948,0.6801957598587347,0.612430522308259,0.41139290850180354,0.6727637486989125,0.5248604856323072,0.5760288727880234,0.7356169812942828,0.6930865852425553,0.5782154325792384,0.6249452739764598,0.5375937387497275,0.4363183937431554,0.5459912478038367,0.7379976896392951,0.5117544029931204,0.6065590626442627,0.5790921655794098,0.7606141660581034,0.7015464963803062,0.24007441115479905,0.6968534443515609,0.5568379121410639,0.3412625369658489,0.5537789700498135,0.5516405339956453,0.5226495918869527,0.5230091892949192,0.5686312914991944,0.6012142508732776,0.6523250750636299,0.5525155463528059,0.5739011476856198,0.6316366051885896,0.33089564493310014,0.7862055627338848,0.5374570137215181,0.4984157497167993,0.3951974586867302,0.6056932081461188,0.832554611157667,0.7401563095196572,0.5507439321824872,0.17350780214352796,0.7758380416988591,0.61894841188205,0.767005128999466,0.510931484476087,0.6687595507142436,0.5078896854293856,0.4719823385139722,0.6102796400369338,0.5233583958950632,0.6405767632953222,0.5172050649029835,0.6495959052541692,0.3028319381928833,0.6276603467704773,0.7250960239417839,0.46865960466082385,0.6496652884901996,0.45108015929671635,0.5812154622495996,0.5303053066398316,0.6619132409451912,0.6253666258350448,0.6705919742631996,0.5889281839155238,0.6195092591993482,0.7625360012728232,0.6907745559274129,0.7253393761561333,0.38747158134479304,0.7386292959008308,0.5513904273340757,0.4714473411659493,0.508572444403717,0.4694562388902254,0.5788168291050836,0.5448688604962774,0.35159089496178003,0.6252475960868037,0.33465123727031426,0.6057932138997895,0.6638326572969171,0.4781813893320993,0.5277617537944244,0.8325501397154426,0.5086466901351127,0.41475093390834494,0.5020697108839717,0.5369157105194257,0.5424641517050497,0.5027442886842243,0.6239829251957998,0.7331701268305927,0.5639709947433855,0.7554812203691388,0.386771772584109,0.5481724491920891,0.5388132154266938,0.4329616261361304,0.5501448846961898,0.3565569654512381,0.5302771825495719,0.4855088109234909,0.3605870221825771,0.4582343987681263,0.6591535070802568,0.7570635610371983,0.7904261340569803,0.39165416864337715,0.6182337537387022,0.6459768257946046,0.4791902194537047,0.543200814727629,0.6778414367611678,0.6353980035733218,0.502401519960275,0.670946376597102,0.5524593158121858,0.5807798977933946,0.832554611157662,0.8303657552332679,0.5210207653047892,0.7806601830172435,0.6778414367611678,0.5457161564194798,0.7624881850317542,0.6693303697724863,0.5697008437420754,0.34357191342024646,0.6676854596285693,0.4617615121851114,0.5977914160667229,0.8316619004804593,0.6919053208129521,0.7482358012982396,0.8310582617856406,0.3044843010655063,0.4362562774553616,0.5592862088989974,0.6093882692180139,0.44656212884189717,0.512208053501111,0.5406116262559316,0.7323081221794605,0.572689313910258,0.5789900811486007,0.28351060303255404,0.43368862998349855,0.6438634589145193,0.5857646822040202,0.5455967208376381,0.6189150466923667,0.5136138341172729,0.6235897676521255,0.5845322670146349,0.777630470969544,0.8276363837387201,0.4753509039767486,0.8294332908216838,0.44636688308094646,0.4969154717780613,0.6328719119077655,0.8324035489003657,0.8325534126967186,0.3201868140356492,0.6598874949340114,0.5568464857834011,0.7347141515851576,0.5104932304686468,0.6238960351674819,0.5042520270298638,0.36312917667515415,0.6220330160442925,0.6929726343155067,0.7723099948805162,0.791259662108631,0.0,0.8127215905107308,0.8325458583471215,0.6470405893095823,0.5563163127639609,0.8152206765298544
VUT,0.761205497694832,0.7549564405612172,0.7824957210887491,0.800611749555471,0.7749633821750079,0.782152979194991,0.7589752050529613,0.7623665069273143,0.7762560862978131,0.7360569025406838,0.7718292506681493,0.7444056770345808,0.7475210413759954,0.7196072647853551,0.8003703923168581,0.7887009645141935,0.7823288382491751,0.7584030970305363,0.7476917066937675,0.7638493687023076,0.7814525872707185,0.76986583839542,0.7302234997653413,0.7481316402003233,0.7838172899473094,0.7105215764495996,0.825938048391961,0.7782094322142961,0.7466168696694048,0.7235244472317364,0.7783000856047266,0.7839968489201651,0.7613659131538172,0.725314116227584,0.6571871460328217,0.7609084064637383,0.7920156457500712,0.7398089556731218,0.7798867470023183,0.7655030689507716,0.7402958390868031,0.8169299991202076,0.7611559732606729,0.7568080939766334,0.7298164643446511,0.7933022941637445,0.832554611157686,0.558559933234361,0.7794861161585337,0.7644609890278874,0.8089049868389839,0.70846444982167,0.7957037520111224,0.7570639492392174,0.7779665500746322,0.7689407961636281,0.7430803939408633,0.7565451587084702,0.7513116877666272,0.6756783445089289,0.697595545677338,0.7558732069404935,0.7506453796249978,0.7478153568654826,0.692362392516196,0.7405058964368096,0.7856413535162239,0.7275093928825315,0.7673556769765867,0.7696501842338588,0.7687319055545326,0.7795636017562967,0.7794011735734482,0.7936359551957411,0.7415336177890411,0.803710454570779,0.762417790846854,0.7346738457638817,0.7120044126288948,0.7900601746840396,0.7599780880649131,0.7522517294338864,0.7694923746400124,0.7504670393996037,0.7692783207490006,0.7565856991252271,0.7509014708600562,0.794906953405404,0.7635886086126241,0.8058761768985131,0.7797955261985063,0.7546210410213516,0.77106451735427,0.83255235612723,0.7658678858988708,0.7645901406096249,0.7654810920032984,0.7278097737777014,0.7613560607151083,0.7670352117306457,0.7808422373162771,0.7660363284078741,0.7650588364665087,0.8325546111576843,0.7452879501862016,0.76141745578691,0.6963594629305989,0.7601246839064711,0.7371080544896932,0.7493222474104231,0.7639425757001262,0.8320854448557007,0.7388433519436937,0.7457999489777348,0.6451117877482202,0.7524971043153618,0.7887226714396596,0.7600821850534464,0.729336089903539,0.696155080940075,0.7441153084991682,0.7631783587029748,0.802754316207773,0.7839482661652852,0.7815043945036385,0.6994408855985891,0.7486981653623809,0.7227962750518716,0.832554611157681,0.8293685148292453,0.7654349387024274,0.6033707679522534,0.802754316207773,0.7610038560951089,0.7726120450313978,0.7279157667635744,0.754161812539626,0.7586685539074757,0.8325489244605788,0.7530889897173775,0.755962202168824,0.8289609751782628,0.8001127349240088,0.8069453246285155,0.8248161863672088,0.8208370869270899,0.7127707682726155,0.7677618404541161,0.7614672155052662,0.739492417908952,0.8164491331608661,0.7457594025983318,0.7629106836041508,0.7458767023886866,0.8000714783344448,0.777696814106101,0.7322503181783978,0.8168598868886869,0.7709040660585672,0.7985927047125804,0.6682791193183784,0.7421205758938486,0.7931252118934224,0.7638213393997352,0.8104367655268095,0.7926811200431756,0.7083107546593427,0.8287943414071691,0.765408560760289,0.7484455153500125,0.7264950628831257,0.8323870116772657,0.8325543442880132,0.8029088130198051,0.7725458280615961,0.7541112525338748,0.8022880001078406,0.7499841224141406,0.7765954770766608,0.7218909731251796,0.7407482164790297,0.7914963282415207,0.7309577057076952,0.808491361308508,0.7812953638037654,0.8127215905107308,0.0,0.8325484969421556,0.8325545874639818,0.7338516368165435,0.04427373408686507
YEM,0.7109226901864198,0.8155065934024838,0.5927574218996347,0.8160201514745424,0.5340832205499629,0.6669007414720574,0.5053445112027505,0.4962957338977948,0.5228372433681558,0.8264346504704205,0.5453294647946749,0.791723871562925,0.6722745098660949,0.6653994649467061,0.3824217303836436,0.6950985253063521,0.521430825068779,0.5922477001471171,0.7121370072367744,0.5674354807905438,0.7424341343893948,0.7264532687098658,0.8152752524423827,0.7767859112524073,0.41554591508201427,0.8304676610764743,0.8325514652349086,0.574997723533956,0.7813246100687982,0.8315831674548914,0.6726125298028647,0.8000536308480117,0.5987879913502964,0.7878645266742007,0.8319585364272367,0.7262656126009919,0.4586937123266833,0.7975084722625696,0.5081480010130727,0.49310043639234746,0.831576019706803,0.3303252011909489,0.5877325853278059,0.7823897979098194,0.7913891249601583,0.5809740518317804,0.7748533431249814,0.8324973215533175,0.5472593011330601,0.8324943433059606,0.3430405812441881,0.8278738109858989,0.6991564924528539,0.7724038612323428,0.47841723071042636,0.5931484174605481,0.7674475561076985,0.7504136421629549,0.7770671508938256,0.8315460726760908,0.8166630174188849,0.5298072871637582,0.8042023478932779,0.7881138648597409,0.7068107279683021,0.7034562721940723,0.47427863540255144,0.826778057196285,0.5347847797298579,0.6994779357673018,0.5655548309847023,0.4727853595410464,0.6308963230686881,0.6549823006742393,0.6537494350195051,0.4679566168381718,0.5548827948750651,0.7684845220398528,0.8225676031635453,0.43618071116586205,0.5733901949195818,0.8038626849923742,0.6435356171985197,0.7554534191554225,0.6092061490953052,0.7529787042289001,0.7896437049382343,0.5292618019063265,0.8106801429459856,0.8002045940599319,0.6176325918802061,0.729500413614205,0.5683629068565323,0.7743315936970393,0.5968933358635596,0.7126395026288657,0.603966988864855,0.8153916794567221,0.7384634505281661,0.6492816009716765,0.5371547982543126,0.803498097713434,0.7102185055501193,0.8325546096066931,0.7913494539847238,0.6212999397806996,0.8323342663867088,0.7746732192905342,0.7661835046224739,0.8078400172250844,0.741990340806288,0.8325535136238941,0.78465514632153,0.753483745305664,0.8168777454050955,0.5338261727368492,0.3971180542031967,0.7886457072725268,0.6643904193620044,0.8303937962537427,0.7767259529215332,0.6175602307045425,0.4913222445364336,0.49652065038370846,0.7457771356372243,0.8189921284999816,0.6161216223084962,0.7447300644964802,0.8325546111576222,0.8123055224485928,0.5849123964887146,0.808291971062596,0.4913222445364336,0.6003416049613725,0.8156860018303966,0.761486214567531,0.6052095267068729,0.7826348652731548,0.8325542311476093,0.7534144195061001,0.6048245425901805,0.8325313735615779,0.38408856978266037,0.37740548313602246,0.8325168213010075,0.832550955522151,0.822977260081791,0.6532964484257426,0.5279052464758861,0.8150384324303651,0.8301265759489715,0.7855276183928243,0.8093314678521204,0.783073851378054,0.7830121207113733,0.82098637432126,0.7860647754380252,0.8219659104560586,0.6473677611327254,0.7971118669789062,0.8317012139293758,0.7463233954622933,0.5134149847953657,0.652062642821776,0.32854759746634177,0.8325165101271944,0.828362267487825,0.34179379436539076,0.7011218276633195,0.7942581218091385,0.6490568595017648,0.5115884293776475,0.6122065193233011,0.8324672615740929,0.4496692626769213,0.7577610666525881,0.43047185083079126,0.6721053509198816,0.6192939355583519,0.802520079550771,0.7848866531835261,0.5023335545735153,0.6007443167415684,0.4865256668528355,0.554200024518054,0.8325458583471215,0.8325484969421556,0.0,0.8325544771916817,0.8076381469530921,0.8325489367856189
ZAF,0.7456232527137829,0.7559348325230888,0.7809405383594281,0.7778553541591564,0.7740913300496977,0.7796500991236688,0.784414307288277,0.7839987350498021,0.7861664759413401,0.6853123859465735,0.7962684045661327,0.766414745156001,0.7439682519095728,0.8109790476925647,0.8063943304526574,0.7874876266955452,0.7914281218512728,0.7546842284893921,0.736328892258675,0.7617614018698635,0.8111741352428996,0.7706201079225032,0.7788829807020227,0.776647817309563,0.8145686989596795,0.8005752297215142,0.598048020155233,0.8023423848996974,0.7724355987442898,0.7245665332808999,0.7801657752163363,0.7824919514365926,0.7578589841815211,0.7593800681122351,0.7622189599410203,0.7830746736181324,0.7983906821664601,0.7702203766645379,0.7792776903387987,0.7746212585653678,0.727242837036875,0.8234641815428736,0.7598206775720532,0.7652711205709791,0.7265326650701016,0.7925851513810609,0.8325546111576866,0.8193465660018749,0.777506161451315,0.6896552040765792,0.8204557038965097,0.7791877281163568,0.8181173533295919,0.7673985744852638,0.7956673457733754,0.7629312952677252,0.7226134512020763,0.7837740531553725,0.767891265024101,0.7829174448993799,0.7514681555716262,0.7793322120594746,0.690127146680477,0.785527421454435,0.8131832754615611,0.7300282781395915,0.7953409781285846,0.617757835240572,0.7692671746750959,0.7735619758095439,0.7937348129939742,0.7825452847222351,0.7983599388997428,0.7904884876052565,0.752612363466834,0.817772753640301,0.7976187839819934,0.8068227605545815,0.7238207134515321,0.8113660209063505,0.7581349643889458,0.7594022165182444,0.7651640076276991,0.737565611863598,0.7803170079394391,0.7727769137401402,0.728110180420831,0.7956851542340257,0.725665818259272,0.7973388955573032,0.7973100770770005,0.7442821047003193,0.7668235385686052,0.832554604527027,0.7595790861057252,0.7468158242927233,0.7586192968759073,0.764898113034006,0.7736375385209937,0.7652132039201134,0.7909815285673512,0.8094110153107745,0.7780096870437033,0.8325546111338192,0.7359449939147026,0.757326005958078,0.6623136803167323,0.749257886839769,0.7678017411636072,0.6965048653027396,0.7724333534005128,0.6438423406468312,0.7130860899591932,0.7238749242822669,0.8033886481987945,0.8159914487127253,0.8242351345905805,0.7396491686328523,0.7552273240167051,0.7850888091505763,0.7568427846026321,0.7591359401309861,0.805077692185223,0.793140374194756,0.7746243134575912,0.791274318851408,0.7491493653498039,0.768013590376809,0.8325546111576817,0.8324237583702376,0.7602014456251279,0.8313465496045463,0.805077692185223,0.7565306142921229,0.816879245120148,0.7912018804760975,0.7525870316921938,0.7204091164786388,0.8110233946148788,0.7410739566330442,0.7570281219342453,0.8325546111576864,0.8061606727366759,0.8159194565112469,0.8325546102160842,0.6216754781241157,0.739496377137031,0.7772545379832161,0.7673413189949801,0.7169301710196889,0.7910079287405545,0.7694405415639695,0.8091241907115323,0.7750615687080318,0.7916494920984223,0.7180851605054369,0.6818439856714524,0.8071040479972709,0.782713748993619,0.7854469518343252,0.7766259384096816,0.7272832931413267,0.7941850260036118,0.7801578875317222,0.821010779702007,0.832554026779807,0.7487176828308905,0.8322409210439669,0.7546947289870772,0.762704963136499,0.7662203020752926,0.8325538343663275,0.8325546111095937,0.6991572325234129,0.7828167617124333,0.7741404198388453,0.8129640238868187,0.7382379831669894,0.7902325944572193,0.6822267049624218,0.6957025299961054,0.792801698487164,0.7934161393881964,0.8200769230885036,0.8249190164737111,0.6470405893095823,0.8325545874639818,0.8325544771916817,0.0,0.7697172293296636,0.8325546094545877
ZMB,0.3173541864485437,0.29131501794924625,0.40800004210249585,0.5219440247359525,0.4100420753423378,0.39346883043222236,0.42491611426145864,0.44675458616794606,0.40602758268408634,0.3444642016303627,0.3883159195881174,0.1108281668014413,0.32943574124097064,0.3394836824019464,0.5530833682402987,0.4390436195812254,0.41857851818011566,0.34622588761277967,0.2666917404669445,0.36477269340727314,0.372471024330228,0.3249849248079192,0.09784663180600574,0.12161743756271831,0.5571392122904268,0.3298170769013188,0.6046118561274471,0.4036067690726414,0.10961896988920862,0.3613260393603217,0.37234001243207215,0.3976826033531979,0.3418444407931824,0.0933683912504223,0.35416390350590693,0.23094654265112816,0.4842792184928181,0.05204881425573771,0.4267712826970416,0.42469823660849587,0.39256401506886823,0.6803771877227714,0.3487778245044433,0.2293469899490047,0.23106717766728413,0.4809060542451373,0.8217886687695702,0.5606582359913485,0.4075841917477878,0.4914507302143478,0.6323764473323371,0.21574622114015202,0.467096876462871,0.2198061953629598,0.44378085464384165,0.35769604964708823,0.2754249083463003,0.19577524410612457,0.16544460106347605,0.3406306410430274,0.17619347372839794,0.4008855912810635,0.36451813318747545,0.14016492237118247,0.3329091656688442,0.2725198652184111,0.46209340964367535,0.45773852281165167,0.39642046870492287,0.31768257868208133,0.3671205255727593,0.46565460368969286,0.3835288451288395,0.480104315627606,0.3446771419467496,0.5664846441208887,0.3835071484221119,0.2621092776191543,0.26734214176618165,0.5073689903192168,0.35805610686370404,0.2334398782866352,0.35050330831870197,0.27585952096585975,0.3308691223135238,0.19810938326770128,0.29339019944521283,0.4971505124804473,0.3734093335058373,0.5647821394296361,0.3874020307928553,0.29173937867108085,0.3745563282458535,0.7474393744166189,0.35042149675397,0.3263171864899958,0.3457993066852792,0.054032504423592795,0.23813975859369638,0.3247244718676134,0.4052098921989218,0.28931963735130134,0.26513655233037764,0.7940908142370762,0.26056473649472756,0.35506110415104847,0.45549654457957284,0.2839734001843366,0.11395287961771544,0.3546911804475322,0.26296731585813293,0.6830891031316653,0.2780019914956741,0.2874377549188421,0.4008472986724336,0.43414322737774536,0.5651682450849461,0.31113817504548474,0.32329255380302613,0.29002780083425,0.18007579243966046,0.357218344686609,0.5666619630317459,0.4390129462389542,0.38712732883588585,0.23845563704179545,0.3280441981118305,0.168535861907866,0.8325546111576446,0.5937493448858742,0.35603177939564257,0.3942004764893675,0.5666619630317459,0.35752590074844576,0.33701469827859165,0.2056219134500352,0.35305735053024395,0.3486033943301624,0.7607450672141535,0.27903816594008485,0.37040386299816114,0.7317550322929467,0.5509804642403083,0.6031066235108653,0.710203411956834,0.6056277747810564,0.21137767216133685,0.3082006450965662,0.3982257747677371,0.26614716914666564,0.6152715767225521,0.10898782339572623,0.28325101764209804,0.10187971550718807,0.5221231051087623,0.4658504363375066,0.32242706313076763,0.6366017925081072,0.3202012489702337,0.5171412253053791,0.3435802439155869,0.28106726047392744,0.49481379870974884,0.2865566577708741,0.6394925079471784,0.6864908434483747,0.20810783051191972,0.6807339895611677,0.3140147108729698,0.17131644388282102,0.32266873310610017,0.6650238827198915,0.7081169385363599,0.6048946140719216,0.4661514921734194,0.17433225684614448,0.5654696578912345,0.3139346369846478,0.36095378000337,0.30241530321999066,0.317064439046275,0.4906496090032575,0.35978003372890033,0.6004697403653246,0.4646990867687925,0.5563163127639609,0.7338516368165435,0.8076381469530921,0.7697172293296636,0.0,0.740219438156979
ZWE,0.7659950454256008,0.7601071962351243,0.7858336141981268,0.8028744481317467,0.7787980955777164,0.7855180686111947,0.7638009596122992,0.7669942261019482,0.7799541784249008,0.7425950087295253,0.775731098448941,0.7501438397550833,0.7531789989677911,0.7266394479303752,0.80248787657127,0.7916309525224839,0.7856223206310209,0.7633465253101973,0.7533806006249768,0.7684259208454826,0.7846449386478896,0.7740289256783626,0.7367588587150199,0.753584742575937,0.7869091230068218,0.71808492732428,0.8275870790064863,0.781677256817076,0.7521865097692418,0.7307977352882264,0.7818990557299726,0.7872361917767912,0.7661126405245855,0.73227946662333,0.6683526773829238,0.7655450923173053,0.7946835540729135,0.7458082078303087,0.7833922918937388,0.769943443086471,0.7465229081429754,0.8179329385180324,0.7659106908570258,0.7617932938978544,0.7366867964598892,0.7959282223486553,0.8325546111576866,0.5748967567091717,0.7830238403039901,0.769566048773229,0.8104033884872441,0.71633173428038,0.7979840348226245,0.7620220021680577,0.7815078219368996,0.7731903209282301,0.7490692302123594,0.761442961177775,0.7566187329656986,0.6855299624592839,0.7063394080402647,0.7609102577945368,0.7562958111632594,0.7532335347777374,0.7013837868084095,0.7466747038023626,0.7887150732492112,0.7349034483905891,0.771688492909618,0.7738104166250249,0.7728382665240926,0.7830817439330159,0.7828228354765577,0.7962538899647031,0.7475858103961505,0.8055328047912451,0.7668940426979086,0.7407308057495345,0.7200118292378459,0.7927516243233345,0.7648118831567109,0.7575474262343918,0.7736938452671513,0.7559449590323226,0.7734275477765034,0.7615439341139165,0.7564332344724511,0.7974187990293012,0.7683019478151357,0.8077251785771081,0.7832009191743121,0.7598183881271487,0.7751667990967479,0.8325525778916251,0.7703215258680043,0.7691694066738521,0.7699625950724048,0.7345764165366733,0.7660186259134085,0.7714001294819341,0.7842274516157085,0.7701640721143379,0.7694720828519586,0.8325546111576849,0.7511397821259873,0.7661506969740652,0.7055659873755968,0.7649645409865927,0.7432953052145952,0.7550070586093476,0.7684540965974761,0.8323381628139007,0.7451906375785613,0.7516173332006841,0.657919628237362,0.7574554807642104,0.791367237950721,0.7649618238486271,0.7362029693917088,0.7047325017654805,0.7499286681636272,0.7677949266603623,0.8047402956084744,0.7871353628391299,0.7849334208276596,0.7077832488836663,0.7542845391399605,0.7298916463074567,0.8325546111576817,0.8295126449007584,0.769913773431619,0.6165911819376797,0.8047402956084744,0.7657705891444887,0.776262492514549,0.7345285139448003,0.7593816833157007,0.7637038878038961,0.8325536206326918,0.7583923071682832,0.7610516842098921,0.829233539593402,0.8022471194915369,0.8085994369681239,0.825313601559379,0.823408377430538,0.7206222171578137,0.7720181565405015,0.7661848184851437,0.7457190533533578,0.8176857045728972,0.7513981020092189,0.767228363989918,0.7514768129377457,0.8022982199021987,0.7815658465363761,0.7390693756604657,0.8179976602694952,0.7749372054448358,0.8009435930720684,0.6786400621175609,0.7481564314058279,0.7957529441318403,0.7683022355745469,0.8118399546913434,0.7951978764405335,0.7163746691865646,0.8289818059313733,0.7699170300428392,0.7539559861786513,0.733508827355624,0.8323926607781988,0.8325543946531044,0.8052478332372435,0.776514006494176,0.7592131298257885,0.8042397907311354,0.7555033784419782,0.780239281217967,0.729366875684467,0.7470085938289702,0.7942302687176586,0.7375234337010415,0.810012800162469,0.7843211675045795,0.8152206765298544,0.04427373408686507,0.8325489367856189,0.8325546094545877,0.740219438156979,0.0
