code,year,wpei,S,MAC
AFG,1950,0.132,-0.868,29.226
AFG,1951,0.132,-0.868,29.239
AFG,1952,0.132,-0.868,29.251
AFG,1953,0.132,-0.868,29.264
AFG,1954,0.132,-0.868,29.277
AFG,1955,0.137,-0.863,29.29
AFG,1956,0.137,-0.863,29.303
AFG,1957,0.152,-0.848,29.317
AFG,1958,0.152,-0.848,29.331
AFG,1959,0.152,-0.848,29.345
AFG,1960,0.153,-0.847,29.359
AFG,1961,0.153,-0.847,29.374
AFG,1962,0.153,-0.847,29.39
AFG,1963,0.153,-0.847,29.407
AFG,1964,0.154,-0.846,29.426
AFG,1965,0.197,-0.8029999999999999,29.442
AFG,1966,0.197,-0.8029999999999999,29.461
AFG,1967,0.195,-0.8049999999999999,29.481
AFG,1968,0.195,-0.8049999999999999,29.5
AFG,1969,0.187,-0.813,29.519
AFG,1970,0.187,-0.813,29.54
AFG,1971,0.187,-0.813,29.56
AFG,1972,0.187,-0.813,29.582
AFG,1973,0.174,-0.8260000000000001,29.601
AFG,1974,0.149,-0.851,29.622
AFG,1975,0.149,-0.851,29.644
AFG,1976,0.149,-0.851,29.666
AFG,1977,0.149,-0.851,29.686
AFG,1978,0.16,-0.84,29.704
AFG,1979,0.153,-0.847,29.728
AFG,1980,0.183,-0.817,29.754
AFG,1981,0.187,-0.813,29.782
AFG,1982,0.187,-0.813,29.814
AFG,1983,0.187,-0.813,29.815
AFG,1984,0.187,-0.813,29.821
AFG,1985,0.187,-0.813,29.828
AFG,1986,0.187,-0.813,29.854
AFG,1987,0.187,-0.813,29.881
AFG,1988,0.205,-0.795,29.852
AFG,1989,0.205,-0.795,29.797
AFG,1990,0.172,-0.8280000000000001,29.743
AFG,1991,0.171,-0.829,29.677
AFG,1992,0.129,-0.871,29.697
AFG,1993,0.096,-0.904,29.716
AFG,1994,0.098,-0.902,29.599
AFG,1995,0.089,-0.911,29.546
AFG,1996,0.041,-0.959,29.501
AFG,1997,0.04,-0.96,29.475
AFG,1998,0.04,-0.96,29.512
AFG,1999,0.04,-0.96,29.481
AFG,2000,0.04,-0.96,29.445
AFG,2001,0.054,-0.946,29.363
AFG,2002,0.282,-0.718,29.268
AFG,2003,0.292,-0.708,29.295
AFG,2004,0.292,-0.708,29.279
AFG,2005,0.324,-0.6759999999999999,29.257
AFG,2006,0.471,-0.529,29.219
AFG,2007,0.47,-0.53,29.202
AFG,2008,0.467,-0.5329999999999999,29.114
AFG,2009,0.469,-0.531,29.203
AFG,2010,0.476,-0.524,29.26
AFG,2011,0.476,-0.524,29.278
AFG,2012,0.476,-0.524,29.329
AFG,2013,0.478,-0.522,29.388
AFG,2014,0.48,-0.52,29.482
AFG,2015,0.483,-0.517,29.605
AFG,2016,0.472,-0.528,29.734
AFG,2017,0.488,-0.512,29.85
AFG,2018,0.5,-0.5,29.984
AFG,2019,0.489,-0.511,30.137
AFG,2020,0.494,-0.506,30.275
AFG,2021,0.047,-0.953,30.414
AFG,2022,0.025,-0.975,30.374
AFG,2023,0.021,-0.979,30.366
ALB,1950,0.381,-0.619,30.975
ALB,1951,0.381,-0.619,30.881
ALB,1952,0.381,-0.619,31.06
ALB,1953,0.381,-0.619,30.866
ALB,1954,0.371,-0.629,30.799
ALB,1955,0.371,-0.629,31.13
ALB,1956,0.371,-0.629,30.929
ALB,1957,0.371,-0.629,30.761
ALB,1958,0.357,-0.643,30.739
ALB,1959,0.357,-0.643,30.58
ALB,1960,0.357,-0.643,30.813
ALB,1961,0.357,-0.643,30.786
ALB,1962,0.37,-0.63,30.834
ALB,1963,0.37,-0.63,30.704
ALB,1964,0.37,-0.63,30.558
ALB,1965,0.37,-0.63,30.325
ALB,1966,0.441,-0.5589999999999999,30.168
ALB,1967,0.441,-0.5589999999999999,30.036
ALB,1968,0.441,-0.5589999999999999,29.766
ALB,1969,0.441,-0.5589999999999999,29.736
ALB,1970,0.472,-0.528,29.732
ALB,1971,0.472,-0.528,29.671
ALB,1972,0.472,-0.528,29.609
ALB,1973,0.472,-0.528,29.526
ALB,1974,0.479,-0.521,29.459
ALB,1975,0.479,-0.521,29.342
ALB,1976,0.48,-0.52,29.35
ALB,1977,0.48,-0.52,29.33
ALB,1978,0.48,-0.52,29.249
ALB,1979,0.48,-0.52,29.212
ALB,1980,0.471,-0.529,29.175
ALB,1981,0.471,-0.529,29.112
ALB,1982,0.469,-0.531,29.125
ALB,1983,0.469,-0.531,28.972
ALB,1984,0.469,-0.531,29.012
ALB,1985,0.469,-0.531,28.852
ALB,1986,0.469,-0.531,28.674
ALB,1987,0.467,-0.5329999999999999,28.647
ALB,1988,0.467,-0.5329999999999999,28.48
ALB,1989,0.467,-0.5329999999999999,28.395
ALB,1990,0.466,-0.534,28.376
ALB,1991,0.548,-0.45199999999999996,28.199
ALB,1992,0.573,-0.42700000000000005,27.893
ALB,1993,0.586,-0.41400000000000003,27.709
ALB,1994,0.591,-0.40900000000000003,27.619
ALB,1995,0.594,-0.406,27.587
ALB,1996,0.634,-0.366,27.564
ALB,1997,0.588,-0.41200000000000003,27.515
ALB,1998,0.627,-0.373,27.456
ALB,1999,0.632,-0.368,27.479
ALB,2000,0.662,-0.33799999999999997,27.789
ALB,2001,0.677,-0.32299999999999995,28.581
ALB,2002,0.69,-0.31000000000000005,28.032
ALB,2003,0.704,-0.29600000000000004,27.871
ALB,2004,0.704,-0.29600000000000004,27.705
ALB,2005,0.753,-0.247,27.615
ALB,2006,0.753,-0.247,27.699
ALB,2007,0.753,-0.247,27.884
ALB,2008,0.753,-0.247,28.071
ALB,2009,0.79,-0.20999999999999996,27.583
ALB,2010,0.785,-0.21499999999999997,27.466
ALB,2011,0.785,-0.21499999999999997,27.453
ALB,2012,0.785,-0.21499999999999997,27.483
ALB,2013,0.815,-0.18500000000000005,27.633
ALB,2014,0.823,-0.17700000000000005,27.784
ALB,2015,0.823,-0.17700000000000005,27.956
ALB,2016,0.827,-0.17300000000000004,28.178
ALB,2017,0.834,-0.16600000000000004,28.393
ALB,2018,0.84,-0.16000000000000003,28.621
ALB,2019,0.892,-0.10799999999999998,28.841
ALB,2020,0.899,-0.10099999999999998,29.009
ALB,2021,0.9,-0.09999999999999998,29.115
ALB,2022,0.898,-0.10199999999999998,29.129
ALB,2023,0.896,-0.10399999999999998,29.132
DZA,1950,0.085,-0.915,30.19
DZA,1951,0.085,-0.915,30.19
DZA,1952,0.085,-0.915,30.19
DZA,1953,0.085,-0.915,30.19
DZA,1954,0.086,-0.914,30.19
DZA,1955,0.086,-0.914,30.19
DZA,1956,0.086,-0.914,30.19
DZA,1957,0.086,-0.914,30.19
DZA,1958,0.086,-0.914,30.19
DZA,1959,0.086,-0.914,30.19
DZA,1960,0.086,-0.914,30.19
DZA,1961,0.086,-0.914,30.191
DZA,1962,0.204,-0.796,30.191
DZA,1963,0.358,-0.642,30.191
DZA,1964,0.333,-0.667,30.191
DZA,1965,0.324,-0.6759999999999999,30.191
DZA,1966,0.324,-0.6759999999999999,30.191
DZA,1967,0.324,-0.6759999999999999,30.191
DZA,1968,0.324,-0.6759999999999999,30.191
DZA,1969,0.324,-0.6759999999999999,30.191
DZA,1970,0.324,-0.6759999999999999,30.191
DZA,1971,0.324,-0.6759999999999999,30.278
DZA,1972,0.324,-0.6759999999999999,30.366
DZA,1973,0.324,-0.6759999999999999,30.445
DZA,1974,0.324,-0.6759999999999999,30.524
DZA,1975,0.324,-0.6759999999999999,30.603
DZA,1976,0.324,-0.6759999999999999,30.616
DZA,1977,0.325,-0.675,30.615
DZA,1978,0.349,-0.651,30.631
DZA,1979,0.353,-0.647,30.675
DZA,1980,0.381,-0.619,30.629
DZA,1981,0.384,-0.616,30.763
DZA,1982,0.369,-0.631,30.909
DZA,1983,0.369,-0.631,31.015
DZA,1984,0.369,-0.631,31.124
DZA,1985,0.391,-0.609,31.096
DZA,1986,0.391,-0.609,31.125
DZA,1987,0.397,-0.603,31.315
DZA,1988,0.397,-0.603,31.407
DZA,1989,0.417,-0.583,31.451
DZA,1990,0.439,-0.5609999999999999,31.544
DZA,1991,0.442,-0.558,31.467
DZA,1992,0.421,-0.579,31.394
DZA,1993,0.421,-0.579,31.39
DZA,1994,0.421,-0.579,31.382
DZA,1995,0.465,-0.5349999999999999,31.394
DZA,1996,0.465,-0.5349999999999999,31.42
DZA,1997,0.448,-0.552,31.525
DZA,1998,0.448,-0.552,31.597
DZA,1999,0.469,-0.531,31.631
DZA,2000,0.547,-0.45299999999999996,31.706
DZA,2001,0.547,-0.45299999999999996,31.736
DZA,2002,0.566,-0.43400000000000005,31.713
DZA,2003,0.566,-0.43400000000000005,31.742
DZA,2004,0.561,-0.43899999999999995,31.778
DZA,2005,0.588,-0.41200000000000003,31.824
DZA,2006,0.588,-0.41200000000000003,31.772
DZA,2007,0.588,-0.41200000000000003,31.774
DZA,2008,0.588,-0.41200000000000003,31.776
DZA,2009,0.603,-0.397,31.793
DZA,2010,0.596,-0.404,31.972
DZA,2011,0.601,-0.399,32.026
DZA,2012,0.713,-0.28700000000000003,31.797
DZA,2013,0.763,-0.237,31.775
DZA,2014,0.775,-0.22499999999999998,31.784
DZA,2015,0.775,-0.22499999999999998,31.772
DZA,2016,0.787,-0.21299999999999997,31.693
DZA,2017,0.732,-0.268,31.759
DZA,2018,0.771,-0.22899999999999998,31.681
DZA,2019,0.76,-0.24,31.484
DZA,2020,0.76,-0.24,31.476
DZA,2021,0.645,-0.355,31.464
DZA,2022,0.604,-0.396,31.462
DZA,2023,0.614,-0.386,31.453
AGO,1950,0.162,-0.838,30.911
AGO,1951,0.162,-0.838,30.899
AGO,1952,0.162,-0.838,30.889
AGO,1953,0.162,-0.838,30.878
AGO,1954,0.162,-0.838,30.867
AGO,1955,0.162,-0.838,30.856
AGO,1956,0.162,-0.838,30.846
AGO,1957,0.162,-0.838,30.836
AGO,1958,0.162,-0.838,30.826
AGO,1959,0.162,-0.838,30.815
AGO,1960,0.162,-0.838,30.805
AGO,1961,0.162,-0.838,30.796
AGO,1962,0.162,-0.838,30.787
AGO,1963,0.162,-0.838,30.778
AGO,1964,0.162,-0.838,30.771
AGO,1965,0.162,-0.838,30.763
AGO,1966,0.162,-0.838,30.756
AGO,1967,0.162,-0.838,30.748
AGO,1968,0.162,-0.838,30.739
AGO,1969,0.187,-0.813,30.729
AGO,1970,0.187,-0.813,30.72
AGO,1971,0.187,-0.813,30.711
AGO,1972,0.187,-0.813,30.703
AGO,1973,0.187,-0.813,30.695
AGO,1974,0.189,-0.8109999999999999,30.689
AGO,1975,0.337,-0.663,30.683
AGO,1976,0.347,-0.653,30.676
AGO,1977,0.343,-0.657,30.667
AGO,1978,0.343,-0.657,30.655
AGO,1979,0.343,-0.657,30.643
AGO,1980,0.395,-0.605,30.632
AGO,1981,0.395,-0.605,30.623
AGO,1982,0.395,-0.605,30.619
AGO,1983,0.395,-0.605,30.576
AGO,1984,0.395,-0.605,30.531
AGO,1985,0.395,-0.605,30.487
AGO,1986,0.435,-0.565,30.442
AGO,1987,0.435,-0.565,30.399
AGO,1988,0.435,-0.565,30.35
AGO,1989,0.435,-0.565,30.302
AGO,1990,0.455,-0.5449999999999999,30.253
AGO,1991,0.509,-0.491,30.188
AGO,1992,0.453,-0.5469999999999999,30.162
AGO,1993,0.421,-0.579,30.131
AGO,1994,0.421,-0.579,30.019
AGO,1995,0.421,-0.579,29.923
AGO,1996,0.421,-0.579,29.832
AGO,1997,0.421,-0.579,29.804
AGO,1998,0.459,-0.5409999999999999,29.808
AGO,1999,0.459,-0.5409999999999999,29.754
AGO,2000,0.459,-0.5409999999999999,29.681
AGO,2001,0.474,-0.526,29.584
AGO,2002,0.581,-0.41900000000000004,29.544
AGO,2003,0.612,-0.388,29.507
AGO,2004,0.609,-0.391,29.403
AGO,2005,0.612,-0.388,29.325
AGO,2006,0.612,-0.388,29.279
AGO,2007,0.612,-0.388,29.252
AGO,2008,0.673,-0.32699999999999996,29.224
AGO,2009,0.675,-0.32499999999999996,29.148
AGO,2010,0.691,-0.30900000000000005,29.142
AGO,2011,0.69,-0.31000000000000005,29.128
AGO,2012,0.689,-0.31100000000000005,29.085
AGO,2013,0.694,-0.30600000000000005,29.031
AGO,2014,0.694,-0.30600000000000005,28.981
AGO,2015,0.694,-0.30600000000000005,28.937
AGO,2016,0.695,-0.30500000000000005,28.891
AGO,2017,0.706,-0.29400000000000004,28.855
AGO,2018,0.722,-0.278,28.807
AGO,2019,0.741,-0.259,28.771
AGO,2020,0.737,-0.263,28.724
AGO,2021,0.694,-0.30600000000000005,28.687
AGO,2022,0.736,-0.264,28.638
AGO,2023,0.74,-0.26,28.589
ARG,1950,0.473,-0.527,28.206
ARG,1951,0.572,-0.42800000000000005,28.209
ARG,1952,0.572,-0.42800000000000005,28.212
ARG,1953,0.572,-0.42800000000000005,28.215
ARG,1954,0.572,-0.42800000000000005,28.217
ARG,1955,0.422,-0.5780000000000001,28.224
ARG,1956,0.404,-0.596,28.211
ARG,1957,0.416,-0.5840000000000001,28.197
ARG,1958,0.465,-0.5349999999999999,28.172
ARG,1959,0.518,-0.482,28.169
ARG,1960,0.507,-0.493,28.172
ARG,1961,0.507,-0.493,28.199
ARG,1962,0.5,-0.5,28.212
ARG,1963,0.511,-0.489,28.218
ARG,1964,0.534,-0.46599999999999997,28.202
ARG,1965,0.544,-0.45599999999999996,28.177
ARG,1966,0.467,-0.5329999999999999,28.15
ARG,1967,0.411,-0.589,28.131
ARG,1968,0.411,-0.589,28.124
ARG,1969,0.411,-0.589,28.089
ARG,1970,0.421,-0.579,28.041
ARG,1971,0.421,-0.579,28.005
ARG,1972,0.415,-0.585,27.956
ARG,1973,0.541,-0.45899999999999996,27.919
ARG,1974,0.567,-0.43300000000000005,27.885
ARG,1975,0.564,-0.43600000000000005,27.852
ARG,1976,0.33,-0.6699999999999999,27.819
ARG,1977,0.33,-0.6699999999999999,27.787
ARG,1978,0.33,-0.6699999999999999,27.738
ARG,1979,0.33,-0.6699999999999999,27.687
ARG,1980,0.341,-0.659,27.661
ARG,1981,0.341,-0.659,27.643
ARG,1982,0.341,-0.659,27.661
ARG,1983,0.551,-0.44899999999999995,27.654
ARG,1984,0.702,-0.29800000000000004,27.603
ARG,1985,0.711,-0.28900000000000003,27.583
ARG,1986,0.712,-0.28800000000000003,27.587
ARG,1987,0.717,-0.28300000000000003,27.602
ARG,1988,0.72,-0.28,27.624
ARG,1989,0.728,-0.272,27.634
ARG,1990,0.727,-0.273,27.65
ARG,1991,0.763,-0.237,27.651
ARG,1992,0.766,-0.23399999999999999,27.672
ARG,1993,0.81,-0.18999999999999995,27.684
ARG,1994,0.809,-0.19099999999999995,27.711
ARG,1995,0.833,-0.16700000000000004,27.719
ARG,1996,0.833,-0.16700000000000004,27.748
ARG,1997,0.846,-0.15400000000000003,27.751
ARG,1998,0.846,-0.15400000000000003,27.787
ARG,1999,0.842,-0.15800000000000003,27.819
ARG,2000,0.852,-0.14800000000000002,27.827
ARG,2001,0.862,-0.138,27.868
ARG,2002,0.844,-0.15600000000000003,27.9
ARG,2003,0.844,-0.15600000000000003,27.994
ARG,2004,0.851,-0.14900000000000002,27.982
ARG,2005,0.851,-0.14900000000000002,27.945
ARG,2006,0.849,-0.15100000000000002,27.884
ARG,2007,0.845,-0.15500000000000003,27.847
ARG,2008,0.849,-0.15100000000000002,27.865
ARG,2009,0.851,-0.14900000000000002,27.859
ARG,2010,0.843,-0.15700000000000003,27.896
ARG,2011,0.845,-0.15500000000000003,27.889
ARG,2012,0.846,-0.15400000000000003,27.901
ARG,2013,0.842,-0.15800000000000003,27.895
ARG,2014,0.846,-0.15400000000000003,27.918
ARG,2015,0.84,-0.16000000000000003,27.985
ARG,2016,0.832,-0.16800000000000004,27.993
ARG,2017,0.848,-0.15200000000000002,28.168
ARG,2018,0.866,-0.134,28.314
ARG,2019,0.857,-0.14300000000000002,28.543
ARG,2020,0.84,-0.16000000000000003,28.837
ARG,2021,0.834,-0.16600000000000004,29.044
ARG,2022,0.848,-0.15200000000000002,29.111
ARG,2023,0.861,-0.139,29.073
ARM,1950,0.347,-0.653,30.244
ARM,1951,0.347,-0.653,30.226
ARM,1952,0.347,-0.653,30.205
ARM,1953,0.358,-0.642,30.183
ARM,1954,0.426,-0.5740000000000001,30.161
ARM,1955,0.43,-0.5700000000000001,30.137
ARM,1956,0.445,-0.5549999999999999,30.113
ARM,1957,0.446,-0.554,30.086
ARM,1958,0.454,-0.546,30.06
ARM,1959,0.454,-0.546,29.825
ARM,1960,0.462,-0.538,29.593
ARM,1961,0.462,-0.538,29.345
ARM,1962,0.468,-0.532,29.187
ARM,1963,0.468,-0.532,28.845
ARM,1964,0.468,-0.532,28.635
ARM,1965,0.48,-0.52,28.462
ARM,1966,0.485,-0.515,28.321
ARM,1967,0.491,-0.509,28.15
ARM,1968,0.487,-0.513,28.026
ARM,1969,0.478,-0.522,27.92
ARM,1970,0.482,-0.518,27.753
ARM,1971,0.481,-0.519,27.688
ARM,1972,0.477,-0.523,27.448
ARM,1973,0.481,-0.519,27.142
ARM,1974,0.488,-0.512,26.905
ARM,1975,0.484,-0.516,26.826
ARM,1976,0.485,-0.515,26.624
ARM,1977,0.478,-0.522,26.328
ARM,1978,0.478,-0.522,26.112
ARM,1979,0.482,-0.518,25.867
ARM,1980,0.482,-0.518,25.682
ARM,1981,0.482,-0.518,25.537
ARM,1982,0.482,-0.518,25.371
ARM,1983,0.482,-0.518,25.221
ARM,1984,0.48,-0.52,25.174
ARM,1985,0.496,-0.504,25.16
ARM,1986,0.531,-0.469,25.142
ARM,1987,0.525,-0.475,25.084
ARM,1988,0.534,-0.46599999999999997,24.983
ARM,1989,0.497,-0.503,25.211
ARM,1990,0.845,-0.15500000000000003,25.239
ARM,1991,0.672,-0.32799999999999996,25.03
ARM,1992,0.672,-0.32799999999999996,24.622
ARM,1993,0.672,-0.32799999999999996,24.352
ARM,1994,0.672,-0.32799999999999996,24.429
ARM,1995,0.691,-0.30900000000000005,24.634
ARM,1996,0.691,-0.30900000000000005,24.715
ARM,1997,0.691,-0.30900000000000005,24.84
ARM,1998,0.693,-0.30700000000000005,24.855
ARM,1999,0.67,-0.32999999999999996,24.956
ARM,2000,0.67,-0.32999999999999996,25.065
ARM,2001,0.67,-0.32999999999999996,25.089
ARM,2002,0.671,-0.32899999999999996,25.071
ARM,2003,0.681,-0.31899999999999995,25.13
ARM,2004,0.681,-0.31899999999999995,25.206
ARM,2005,0.681,-0.31899999999999995,25.405
ARM,2006,0.681,-0.31899999999999995,25.475
ARM,2007,0.71,-0.29000000000000004,25.589
ARM,2008,0.712,-0.28800000000000003,25.725
ARM,2009,0.718,-0.28200000000000003,25.927
ARM,2010,0.729,-0.271,26.203
ARM,2011,0.729,-0.271,26.301
ARM,2012,0.739,-0.261,26.355
ARM,2013,0.74,-0.26,26.548
ARM,2014,0.74,-0.26,26.785
ARM,2015,0.739,-0.261,26.777
ARM,2016,0.753,-0.247,26.912
ARM,2017,0.813,-0.18700000000000006,27.035
ARM,2018,0.874,-0.126,27.166
ARM,2019,0.888,-0.11199999999999999,27.322
ARM,2020,0.885,-0.11499999999999999,27.577
ARM,2021,0.903,-0.09699999999999998,27.771
ARM,2022,0.886,-0.11399999999999999,27.78
ARM,2023,0.886,-0.11399999999999999,27.781
AUS,1950,0.574,-0.42600000000000005,28.19
AUS,1951,0.572,-0.42800000000000005,28.054
AUS,1952,0.572,-0.42800000000000005,27.943
AUS,1953,0.572,-0.42800000000000005,27.873
AUS,1954,0.572,-0.42800000000000005,27.805
AUS,1955,0.572,-0.42800000000000005,27.712
AUS,1956,0.572,-0.42800000000000005,27.648
AUS,1957,0.575,-0.42500000000000004,27.606
AUS,1958,0.575,-0.42500000000000004,27.569
AUS,1959,0.575,-0.42500000000000004,27.522
AUS,1960,0.575,-0.42500000000000004,27.497
AUS,1961,0.575,-0.42500000000000004,27.482
AUS,1962,0.585,-0.41500000000000004,27.507
AUS,1963,0.585,-0.41500000000000004,27.504
AUS,1964,0.585,-0.41500000000000004,27.526
AUS,1965,0.585,-0.41500000000000004,27.423
AUS,1966,0.661,-0.33899999999999997,27.342
AUS,1967,0.674,-0.32599999999999996,27.277
AUS,1968,0.689,-0.31100000000000005,27.207
AUS,1969,0.684,-0.31599999999999995,27.17
AUS,1970,0.748,-0.252,27.104
AUS,1971,0.748,-0.252,26.941
AUS,1972,0.748,-0.252,26.829
AUS,1973,0.744,-0.256,26.747
AUS,1974,0.77,-0.22999999999999998,26.704
AUS,1975,0.771,-0.22899999999999998,26.696
AUS,1976,0.768,-0.23199999999999998,26.751
AUS,1977,0.768,-0.23199999999999998,26.876
AUS,1978,0.768,-0.23199999999999998,26.962
AUS,1979,0.768,-0.23199999999999998,27.076
AUS,1980,0.782,-0.21799999999999997,27.146
AUS,1981,0.782,-0.21799999999999997,27.201
AUS,1982,0.782,-0.21799999999999997,27.309
AUS,1983,0.827,-0.17300000000000004,27.361
AUS,1984,0.83,-0.17000000000000004,27.527
AUS,1985,0.827,-0.17300000000000004,27.663
AUS,1986,0.856,-0.14400000000000002,27.791
AUS,1987,0.859,-0.14100000000000001,27.96
AUS,1988,0.859,-0.14100000000000001,28.096
AUS,1989,0.859,-0.14100000000000001,28.242
AUS,1990,0.886,-0.11399999999999999,28.324
AUS,1991,0.886,-0.11399999999999999,28.441
AUS,1992,0.886,-0.11399999999999999,28.569
AUS,1993,0.893,-0.10699999999999998,28.692
AUS,1994,0.893,-0.10699999999999998,28.81
AUS,1995,0.893,-0.10699999999999998,28.939
AUS,1996,0.911,-0.08899999999999997,29.045
AUS,1997,0.911,-0.08899999999999997,29.155
AUS,1998,0.921,-0.07899999999999996,29.258
AUS,1999,0.921,-0.07899999999999996,29.355
AUS,2000,0.925,-0.07499999999999996,29.476
AUS,2001,0.928,-0.07199999999999995,29.554
AUS,2002,0.928,-0.07199999999999995,29.715
AUS,2003,0.928,-0.07199999999999995,29.871
AUS,2004,0.927,-0.07299999999999995,30.012
AUS,2005,0.927,-0.07299999999999995,30.099
AUS,2006,0.927,-0.07299999999999995,30.227
AUS,2007,0.929,-0.07099999999999995,30.239
AUS,2008,0.929,-0.07099999999999995,30.284
AUS,2009,0.929,-0.07099999999999995,30.33
AUS,2010,0.93,-0.06999999999999995,30.423
AUS,2011,0.93,-0.06999999999999995,30.486
AUS,2012,0.93,-0.06999999999999995,30.532
AUS,2013,0.927,-0.07299999999999995,30.622
AUS,2014,0.93,-0.06999999999999995,30.708
AUS,2015,0.932,-0.06799999999999995,30.797
AUS,2016,0.935,-0.06499999999999995,30.969
AUS,2017,0.92,-0.07999999999999996,31.06
AUS,2018,0.925,-0.07499999999999996,31.13
AUS,2019,0.921,-0.07899999999999996,31.221
AUS,2020,0.909,-0.09099999999999997,31.293
AUS,2021,0.91,-0.08999999999999997,31.378
AUS,2022,0.913,-0.08699999999999997,31.389
AUS,2023,0.915,-0.08499999999999996,31.391
AUT,1950,0.573,-0.42700000000000005,28.057
AUT,1951,0.573,-0.42700000000000005,28.019
AUT,1952,0.573,-0.42700000000000005,27.951
AUT,1953,0.577,-0.42300000000000004,27.855
AUT,1954,0.577,-0.42300000000000004,27.887
AUT,1955,0.587,-0.41300000000000003,27.96
AUT,1956,0.633,-0.367,27.96
AUT,1957,0.633,-0.367,27.858
AUT,1958,0.633,-0.367,27.67
AUT,1959,0.637,-0.363,27.586
AUT,1960,0.637,-0.363,27.58
AUT,1961,0.647,-0.353,27.547
AUT,1962,0.647,-0.353,27.487
AUT,1963,0.647,-0.353,27.423
AUT,1964,0.647,-0.353,27.389
AUT,1965,0.647,-0.353,27.274
AUT,1966,0.647,-0.353,27.08
AUT,1967,0.647,-0.353,26.922
AUT,1968,0.647,-0.353,26.807
AUT,1969,0.647,-0.353,26.748
AUT,1970,0.654,-0.346,26.685
AUT,1971,0.673,-0.32699999999999996,26.676
AUT,1972,0.679,-0.32099999999999995,26.563
AUT,1973,0.679,-0.32099999999999995,26.441
AUT,1974,0.692,-0.30800000000000005,26.35
AUT,1975,0.706,-0.29400000000000004,26.31
AUT,1976,0.754,-0.246,26.289
AUT,1977,0.757,-0.243,26.311
AUT,1978,0.757,-0.243,26.282
AUT,1979,0.769,-0.23099999999999998,26.302
AUT,1980,0.814,-0.18600000000000005,26.302
AUT,1981,0.814,-0.18600000000000005,26.323
AUT,1982,0.814,-0.18600000000000005,26.34
AUT,1983,0.811,-0.18899999999999995,26.462
AUT,1984,0.811,-0.18899999999999995,26.553
AUT,1985,0.811,-0.18899999999999995,26.671
AUT,1986,0.852,-0.14800000000000002,26.744
AUT,1987,0.858,-0.14200000000000002,26.868
AUT,1988,0.858,-0.14200000000000002,26.925
AUT,1989,0.858,-0.14200000000000002,27.052
AUT,1990,0.89,-0.10999999999999999,27.175
AUT,1991,0.89,-0.10999999999999999,27.191
AUT,1992,0.89,-0.10999999999999999,27.238
AUT,1993,0.89,-0.10999999999999999,27.305
AUT,1994,0.897,-0.10299999999999998,27.482
AUT,1995,0.91,-0.08999999999999997,27.659
AUT,1996,0.915,-0.08499999999999996,27.81
AUT,1997,0.916,-0.08399999999999996,27.939
AUT,1998,0.921,-0.07899999999999996,28.04
AUT,1999,0.922,-0.07799999999999996,28.149
AUT,2000,0.922,-0.07799999999999996,28.232
AUT,2001,0.922,-0.07799999999999996,28.393
AUT,2002,0.931,-0.06899999999999995,28.562
AUT,2003,0.931,-0.06899999999999995,28.75
AUT,2004,0.931,-0.06899999999999995,28.843
AUT,2005,0.931,-0.06899999999999995,29.008
AUT,2006,0.929,-0.07099999999999995,29.175
AUT,2007,0.93,-0.06999999999999995,29.333
AUT,2008,0.922,-0.07799999999999996,29.46
AUT,2009,0.924,-0.07599999999999996,29.639
AUT,2010,0.923,-0.07699999999999996,29.794
AUT,2011,0.923,-0.07699999999999996,29.988
AUT,2012,0.923,-0.07699999999999996,30.132
AUT,2013,0.937,-0.06299999999999994,30.279
AUT,2014,0.934,-0.06599999999999995,30.38
AUT,2015,0.934,-0.06599999999999995,30.515
AUT,2016,0.934,-0.06599999999999995,30.603
AUT,2017,0.939,-0.061000000000000054,30.7
AUT,2018,0.928,-0.07199999999999995,30.831
AUT,2019,0.924,-0.07599999999999996,30.963
AUT,2020,0.931,-0.06899999999999995,31.007
AUT,2021,0.931,-0.06899999999999995,31.151
AUT,2022,0.917,-0.08299999999999996,31.156
AUT,2023,0.928,-0.07199999999999995,31.167
AZE,1950,0.347,-0.653,30.443
AZE,1951,0.347,-0.653,30.431
AZE,1952,0.347,-0.653,30.416
AZE,1953,0.358,-0.642,30.402
AZE,1954,0.426,-0.5740000000000001,30.386
AZE,1955,0.43,-0.5700000000000001,30.37
AZE,1956,0.445,-0.5549999999999999,30.353
AZE,1957,0.446,-0.554,30.335
AZE,1958,0.454,-0.546,30.316
AZE,1959,0.454,-0.546,30.297
AZE,1960,0.462,-0.538,30.258
AZE,1961,0.462,-0.538,30.26
AZE,1962,0.468,-0.532,30.237
AZE,1963,0.468,-0.532,30.102
AZE,1964,0.468,-0.532,30.068
AZE,1965,0.48,-0.52,29.971
AZE,1966,0.485,-0.515,29.85
AZE,1967,0.491,-0.509,29.8
AZE,1968,0.487,-0.513,29.786
AZE,1969,0.478,-0.522,29.751
AZE,1970,0.482,-0.518,29.668
AZE,1971,0.481,-0.519,29.591
AZE,1972,0.477,-0.523,29.537
AZE,1973,0.481,-0.519,29.427
AZE,1974,0.488,-0.512,29.292
AZE,1975,0.484,-0.516,29.213
AZE,1976,0.485,-0.515,29.136
AZE,1977,0.478,-0.522,29.005
AZE,1978,0.478,-0.522,28.882
AZE,1979,0.482,-0.518,28.682
AZE,1980,0.482,-0.518,28.468
AZE,1981,0.482,-0.518,28.28
AZE,1982,0.482,-0.518,28.143
AZE,1983,0.482,-0.518,27.95
AZE,1984,0.48,-0.52,27.792
AZE,1985,0.496,-0.504,27.655
AZE,1986,0.531,-0.469,27.512
AZE,1987,0.525,-0.475,27.254
AZE,1988,0.534,-0.46599999999999997,27.11
AZE,1989,0.497,-0.503,27.015
AZE,1990,0.446,-0.554,26.999
AZE,1991,0.477,-0.523,26.734
AZE,1992,0.568,-0.43200000000000005,26.561
AZE,1993,0.604,-0.396,26.344
AZE,1994,0.567,-0.43300000000000005,26.305
AZE,1995,0.631,-0.369,26.152
AZE,1996,0.631,-0.369,26.277
AZE,1997,0.631,-0.369,26.146
AZE,1998,0.628,-0.372,26.211
AZE,1999,0.628,-0.372,26.202
AZE,2000,0.621,-0.379,26.335
AZE,2001,0.621,-0.379,26.34
AZE,2002,0.621,-0.379,26.267
AZE,2003,0.622,-0.378,26.187
AZE,2004,0.612,-0.388,26.115
AZE,2005,0.621,-0.379,26.034
AZE,2006,0.612,-0.388,25.995
AZE,2007,0.612,-0.388,25.996
AZE,2008,0.612,-0.388,26.002
AZE,2009,0.612,-0.388,25.984
AZE,2010,0.641,-0.359,25.846
AZE,2011,0.641,-0.359,25.805
AZE,2012,0.645,-0.355,25.721
AZE,2013,0.646,-0.354,25.669
AZE,2014,0.641,-0.359,25.557
AZE,2015,0.657,-0.34299999999999997,25.506
AZE,2016,0.639,-0.361,25.499
AZE,2017,0.648,-0.352,25.536
AZE,2018,0.626,-0.374,25.557
AZE,2019,0.643,-0.357,25.599
AZE,2020,0.635,-0.365,25.751
AZE,2021,0.649,-0.351,26.014
AZE,2022,0.637,-0.363,25.905
AZE,2023,0.651,-0.349,25.93
BHR,1950,0.208,-0.792,28.043
BHR,1951,0.208,-0.792,28.043
BHR,1952,0.208,-0.792,28.043
BHR,1953,0.208,-0.792,28.043
BHR,1954,0.208,-0.792,28.043
BHR,1955,0.238,-0.762,28.042
BHR,1956,0.238,-0.762,28.042
BHR,1957,0.238,-0.762,28.042
BHR,1958,0.238,-0.762,28.043
BHR,1959,0.238,-0.762,28.043
BHR,1960,0.238,-0.762,28.042
BHR,1961,0.238,-0.762,28.092
BHR,1962,0.238,-0.762,28.141
BHR,1963,0.238,-0.762,28.214
BHR,1964,0.238,-0.762,28.297
BHR,1965,0.238,-0.762,28.39
BHR,1966,0.238,-0.762,28.472
BHR,1967,0.238,-0.762,28.563
BHR,1968,0.238,-0.762,28.668
BHR,1969,0.238,-0.762,28.772
BHR,1970,0.24,-0.76,28.874
BHR,1971,0.275,-0.725,29.08
BHR,1972,0.286,-0.714,29.28
BHR,1973,0.286,-0.714,29.421
BHR,1974,0.298,-0.702,29.547
BHR,1975,0.298,-0.702,29.678
BHR,1976,0.304,-0.696,29.795
BHR,1977,0.304,-0.696,29.906
BHR,1978,0.304,-0.696,30.014
BHR,1979,0.304,-0.696,30.1
BHR,1980,0.306,-0.694,30.2
BHR,1981,0.306,-0.694,30.261
BHR,1982,0.306,-0.694,30.213
BHR,1983,0.306,-0.694,30.103
BHR,1984,0.306,-0.694,29.961
BHR,1985,0.306,-0.694,29.838
BHR,1986,0.306,-0.694,29.963
BHR,1987,0.306,-0.694,30.066
BHR,1988,0.306,-0.694,30.198
BHR,1989,0.306,-0.694,30.303
BHR,1990,0.321,-0.679,30.378
BHR,1991,0.321,-0.679,30.429
BHR,1992,0.324,-0.6759999999999999,30.432
BHR,1993,0.324,-0.6759999999999999,30.513
BHR,1994,0.324,-0.6759999999999999,30.572
BHR,1995,0.324,-0.6759999999999999,30.5
BHR,1996,0.324,-0.6759999999999999,30.371
BHR,1997,0.324,-0.6759999999999999,30.527
BHR,1998,0.324,-0.6759999999999999,30.495
BHR,1999,0.324,-0.6759999999999999,30.671
BHR,2000,0.354,-0.646,30.717
BHR,2001,0.36,-0.64,30.462
BHR,2002,0.414,-0.5860000000000001,30.666
BHR,2003,0.414,-0.5860000000000001,30.216
BHR,2004,0.414,-0.5860000000000001,29.694
BHR,2005,0.414,-0.5860000000000001,29.602
BHR,2006,0.428,-0.5720000000000001,29.755
BHR,2007,0.424,-0.5760000000000001,29.816
BHR,2008,0.424,-0.5760000000000001,29.794
BHR,2009,0.424,-0.5760000000000001,29.78
BHR,2010,0.475,-0.525,29.691
BHR,2011,0.414,-0.5860000000000001,29.609
BHR,2012,0.425,-0.575,29.524
BHR,2013,0.377,-0.623,29.466
BHR,2014,0.406,-0.594,29.55
BHR,2015,0.422,-0.5780000000000001,29.439
BHR,2016,0.422,-0.5780000000000001,29.53
BHR,2017,0.41,-0.5900000000000001,29.623
BHR,2018,0.469,-0.531,29.795
BHR,2019,0.492,-0.508,29.846
BHR,2020,0.503,-0.497,29.938
BHR,2021,0.505,-0.495,29.941
BHR,2022,0.561,-0.43899999999999995,29.944
BHR,2023,0.563,-0.43700000000000006,29.98
BGD,1958,0.278,-0.722,27.685
BGD,1959,0.295,-0.7050000000000001,27.647
BGD,1960,0.325,-0.675,27.602
BGD,1961,0.325,-0.675,27.556
BGD,1962,0.325,-0.675,27.541
BGD,1969,0.312,-0.688,27.651
BGD,1970,0.318,-0.6819999999999999,27.627
BGD,1971,0.478,-0.522,27.586
BGD,1972,0.616,-0.384,27.563
BGD,1973,0.592,-0.40800000000000003,27.544
BGD,1974,0.6,-0.4,27.537
BGD,1975,0.546,-0.45399999999999996,27.601
BGD,1976,0.546,-0.45399999999999996,27.677
BGD,1977,0.559,-0.44099999999999995,27.725
BGD,1978,0.559,-0.44099999999999995,27.819
BGD,1979,0.568,-0.43200000000000005,27.748
BGD,1980,0.628,-0.372,27.697
BGD,1981,0.63,-0.37,27.702
BGD,1982,0.563,-0.43700000000000006,27.611
BGD,1983,0.563,-0.43700000000000006,27.553
BGD,1984,0.587,-0.41300000000000003,27.415
BGD,1985,0.587,-0.41300000000000003,27.287
BGD,1986,0.602,-0.398,27.108
BGD,1987,0.652,-0.348,26.872
BGD,1988,0.657,-0.34299999999999997,26.757
BGD,1989,0.65,-0.35,26.617
BGD,1990,0.653,-0.347,26.541
BGD,1991,0.661,-0.33899999999999997,26.412
BGD,1992,0.661,-0.33899999999999997,26.12
BGD,1993,0.661,-0.33899999999999997,25.908
BGD,1994,0.662,-0.33799999999999997,25.809
BGD,1995,0.662,-0.33799999999999997,25.634
BGD,1996,0.655,-0.345,25.619
BGD,1997,0.655,-0.345,25.593
BGD,1998,0.655,-0.345,25.467
BGD,1999,0.655,-0.345,25.462
BGD,2000,0.662,-0.33799999999999997,25.302
BGD,2001,0.622,-0.378,25.291
BGD,2002,0.596,-0.404,25.323
BGD,2003,0.596,-0.404,25.25
BGD,2004,0.596,-0.404,25.174
BGD,2005,0.665,-0.33499999999999996,25.312
BGD,2006,0.584,-0.41600000000000004,25.26
BGD,2007,0.629,-0.371,25.048
BGD,2008,0.628,-0.372,25.054
BGD,2009,0.63,-0.37,24.985
BGD,2010,0.727,-0.273,24.848
BGD,2011,0.731,-0.269,25.009
BGD,2012,0.722,-0.278,24.921
BGD,2013,0.705,-0.29500000000000004,24.914
BGD,2014,0.714,-0.28600000000000003,25.157
BGD,2015,0.694,-0.30600000000000005,25.282
BGD,2016,0.685,-0.31499999999999995,25.393
BGD,2017,0.682,-0.31799999999999995,25.569
BGD,2018,0.677,-0.32299999999999995,25.65
BGD,2019,0.662,-0.33799999999999997,25.749
BGD,2020,0.67,-0.32999999999999996,25.78
BGD,2021,0.67,-0.32999999999999996,25.945
BGD,2022,0.674,-0.32599999999999996,26.044
BGD,2023,0.68,-0.31999999999999995,26.041
BRB,1950,0.625,-0.375,27.241
BRB,1966,0.74,-0.26,27.594
BRB,1967,0.74,-0.26,27.442
BRB,1968,0.74,-0.26,27.443
BRB,1969,0.74,-0.26,27.301
BRB,1970,0.766,-0.23399999999999999,27.198
BRB,1971,0.803,-0.19699999999999995,27.309
BRB,1972,0.803,-0.19699999999999995,27.248
BRB,1973,0.803,-0.19699999999999995,27.106
BRB,1974,0.803,-0.19699999999999995,27.031
BRB,1975,0.803,-0.19699999999999995,26.935
BRB,1976,0.794,-0.20599999999999996,26.791
BRB,1977,0.794,-0.20599999999999996,26.843
BRB,1978,0.794,-0.20599999999999996,26.368
BRB,1979,0.794,-0.20599999999999996,26.383
BRB,1980,0.827,-0.17300000000000004,26.307
BRB,1981,0.825,-0.17500000000000004,26.196
BRB,1982,0.825,-0.17500000000000004,26.112
BRB,1983,0.825,-0.17500000000000004,26.136
BRB,1984,0.825,-0.17500000000000004,26.202
BRB,1985,0.825,-0.17500000000000004,26.379
BRB,1986,0.825,-0.17500000000000004,26.574
BRB,1987,0.825,-0.17500000000000004,26.662
BRB,1988,0.825,-0.17500000000000004,26.731
BRB,1989,0.825,-0.17500000000000004,26.722
BRB,1990,0.825,-0.17500000000000004,26.564
BRB,1991,0.824,-0.17600000000000005,26.56
BRB,1992,0.824,-0.17600000000000005,26.515
BRB,1993,0.824,-0.17600000000000005,26.557
BRB,1994,0.852,-0.14800000000000002,26.603
BRB,1995,0.852,-0.14800000000000002,26.626
BRB,1996,0.852,-0.14800000000000002,26.675
BRB,1997,0.852,-0.14800000000000002,26.698
BRB,1998,0.852,-0.14800000000000002,26.751
BRB,1999,0.853,-0.14700000000000002,26.819
BRB,2000,0.853,-0.14700000000000002,26.877
BRB,2001,0.853,-0.14700000000000002,26.974
BRB,2002,0.853,-0.14700000000000002,27.153
BRB,2003,0.852,-0.14800000000000002,27.266
BRB,2004,0.86,-0.14,27.363
BRB,2005,0.86,-0.14,27.466
BRB,2006,0.86,-0.14,27.641
BRB,2007,0.86,-0.14,27.673
BRB,2008,0.85,-0.15000000000000002,27.679
BRB,2009,0.85,-0.15000000000000002,27.684
BRB,2010,0.85,-0.15000000000000002,27.69
BRB,2011,0.85,-0.15000000000000002,27.694
BRB,2012,0.85,-0.15000000000000002,27.724
BRB,2013,0.867,-0.133,27.728
BRB,2014,0.867,-0.133,27.731
BRB,2015,0.88,-0.12,27.734
BRB,2016,0.88,-0.12,27.736
BRB,2017,0.874,-0.126,27.736
BRB,2018,0.881,-0.119,27.737
BRB,2019,0.881,-0.119,27.736
BRB,2020,0.886,-0.11399999999999999,27.736
BRB,2021,0.889,-0.11099999999999999,27.735
BRB,2022,0.894,-0.10599999999999998,27.734
BRB,2023,0.895,-0.10499999999999998,27.733
BLR,1950,0.347,-0.653,28.964
BLR,1951,0.347,-0.653,28.956
BLR,1952,0.347,-0.653,28.923
BLR,1953,0.358,-0.642,28.914
BLR,1954,0.426,-0.5740000000000001,28.905
BLR,1955,0.43,-0.5700000000000001,28.891
BLR,1956,0.445,-0.5549999999999999,28.905
BLR,1957,0.446,-0.554,28.924
BLR,1958,0.454,-0.546,28.913
BLR,1959,0.454,-0.546,28.921
BLR,1960,0.462,-0.538,28.884
BLR,1961,0.462,-0.538,28.696
BLR,1962,0.468,-0.532,28.663
BLR,1963,0.468,-0.532,28.621
BLR,1964,0.468,-0.532,28.482
BLR,1965,0.48,-0.52,28.392
BLR,1966,0.485,-0.515,28.3
BLR,1967,0.491,-0.509,28.101
BLR,1968,0.487,-0.513,27.998
BLR,1969,0.478,-0.522,27.799
BLR,1970,0.482,-0.518,27.531
BLR,1971,0.481,-0.519,27.331
BLR,1972,0.477,-0.523,27.195
BLR,1973,0.481,-0.519,27.107
BLR,1974,0.488,-0.512,26.957
BLR,1975,0.484,-0.516,26.776
BLR,1976,0.485,-0.515,26.636
BLR,1977,0.478,-0.522,26.521
BLR,1978,0.478,-0.522,26.308
BLR,1979,0.482,-0.518,26.124
BLR,1980,0.482,-0.518,25.956
BLR,1981,0.482,-0.518,25.986
BLR,1982,0.482,-0.518,25.96
BLR,1983,0.482,-0.518,26.025
BLR,1984,0.48,-0.52,25.932
BLR,1985,0.496,-0.504,25.852
BLR,1986,0.531,-0.469,25.981
BLR,1987,0.525,-0.475,25.751
BLR,1988,0.534,-0.46599999999999997,25.688
BLR,1989,0.497,-0.503,25.47
BLR,1990,0.616,-0.384,25.19
BLR,1991,0.647,-0.353,25.02
BLR,1992,0.719,-0.281,24.909
BLR,1993,0.776,-0.22399999999999998,24.915
BLR,1994,0.776,-0.22399999999999998,24.898
BLR,1995,0.779,-0.22099999999999997,24.928
BLR,1996,0.755,-0.245,24.974
BLR,1997,0.752,-0.248,25.096
BLR,1998,0.752,-0.248,25.293
BLR,1999,0.757,-0.243,25.413
BLR,2000,0.786,-0.21399999999999997,25.6
BLR,2001,0.782,-0.21799999999999997,25.743
BLR,2002,0.774,-0.22599999999999998,25.893
BLR,2003,0.771,-0.22899999999999998,25.997
BLR,2004,0.84,-0.16000000000000003,26.171
BLR,2005,0.84,-0.16000000000000003,26.389
BLR,2006,0.84,-0.16000000000000003,26.564
BLR,2007,0.84,-0.16000000000000003,26.795
BLR,2008,0.844,-0.15600000000000003,26.95
BLR,2009,0.853,-0.14700000000000002,27.085
BLR,2010,0.847,-0.15300000000000002,27.277
BLR,2011,0.845,-0.15500000000000003,27.412
BLR,2012,0.84,-0.16000000000000003,27.485
BLR,2013,0.835,-0.16500000000000004,27.718
BLR,2014,0.834,-0.16600000000000004,27.918
BLR,2015,0.833,-0.16700000000000004,28.169
BLR,2016,0.858,-0.14200000000000002,28.346
BLR,2017,0.861,-0.139,28.498
BLR,2018,0.854,-0.14600000000000002,28.601
BLR,2019,0.859,-0.14100000000000001,28.609
BLR,2020,0.755,-0.245,28.618
BLR,2021,0.746,-0.254,28.619
BLR,2022,0.697,-0.30300000000000005,28.629
BLR,2023,0.704,-0.29600000000000004,28.653
BEL,1950,0.689,-0.31100000000000005,28.78
BEL,1951,0.689,-0.31100000000000005,28.717
BEL,1952,0.689,-0.31100000000000005,28.722
BEL,1953,0.689,-0.31100000000000005,28.677
BEL,1954,0.694,-0.30600000000000005,28.641
BEL,1955,0.694,-0.30600000000000005,28.55
BEL,1956,0.694,-0.30600000000000005,28.415
BEL,1957,0.694,-0.30600000000000005,28.293
BEL,1958,0.694,-0.30600000000000005,28.171
BEL,1959,0.694,-0.30600000000000005,28.069
BEL,1960,0.7,-0.30000000000000004,28.018
BEL,1961,0.705,-0.29500000000000004,28.017
BEL,1962,0.705,-0.29500000000000004,27.934
BEL,1963,0.725,-0.275,27.819
BEL,1964,0.725,-0.275,27.762
BEL,1965,0.716,-0.28400000000000003,27.614
BEL,1966,0.716,-0.28400000000000003,27.488
BEL,1967,0.716,-0.28400000000000003,27.381
BEL,1968,0.718,-0.28200000000000003,27.321
BEL,1969,0.718,-0.28200000000000003,27.254
BEL,1970,0.784,-0.21599999999999997,27.158
BEL,1971,0.784,-0.21599999999999997,27.043
BEL,1972,0.791,-0.20899999999999996,26.918
BEL,1973,0.791,-0.20899999999999996,26.778
BEL,1974,0.808,-0.19199999999999995,26.694
BEL,1975,0.808,-0.19199999999999995,26.618
BEL,1976,0.808,-0.19199999999999995,26.59
BEL,1977,0.81,-0.18999999999999995,26.616
BEL,1978,0.811,-0.18899999999999995,26.603
BEL,1979,0.811,-0.18899999999999995,26.655
BEL,1980,0.825,-0.17500000000000004,26.668
BEL,1981,0.82,-0.18000000000000005,26.69
BEL,1982,0.848,-0.15200000000000002,26.764
BEL,1983,0.848,-0.15200000000000002,26.88
BEL,1984,0.848,-0.15200000000000002,27.03
BEL,1985,0.853,-0.14700000000000002,27.204
BEL,1986,0.851,-0.14900000000000002,27.333
BEL,1987,0.854,-0.14600000000000002,27.477
BEL,1988,0.854,-0.14600000000000002,27.622
BEL,1989,0.854,-0.14600000000000002,27.772
BEL,1990,0.911,-0.08899999999999997,27.856
BEL,1991,0.916,-0.08399999999999996,27.94
BEL,1992,0.916,-0.08399999999999996,28.066
BEL,1993,0.916,-0.08399999999999996,28.188
BEL,1994,0.916,-0.08399999999999996,28.332
BEL,1995,0.923,-0.07699999999999996,28.439
BEL,1996,0.923,-0.07699999999999996,28.523
BEL,1997,0.923,-0.07699999999999996,28.618
BEL,1998,0.923,-0.07699999999999996,28.693
BEL,1999,0.935,-0.06499999999999995,28.748
BEL,2000,0.938,-0.062000000000000055,28.799
BEL,2001,0.938,-0.062000000000000055,28.856
BEL,2002,0.938,-0.062000000000000055,28.96
BEL,2003,0.943,-0.05700000000000005,29.071
BEL,2004,0.943,-0.05700000000000005,29.186
BEL,2005,0.943,-0.05700000000000005,29.3
BEL,2006,0.943,-0.05700000000000005,29.398
BEL,2007,0.943,-0.05700000000000005,29.496
BEL,2008,0.945,-0.05500000000000005,29.542
BEL,2009,0.945,-0.05500000000000005,29.616
BEL,2010,0.947,-0.05300000000000005,29.743
BEL,2011,0.946,-0.05400000000000005,29.844
BEL,2012,0.946,-0.05400000000000005,29.984
BEL,2013,0.947,-0.05300000000000005,30.135
BEL,2014,0.948,-0.052000000000000046,30.263
BEL,2015,0.946,-0.05400000000000005,30.354
BEL,2016,0.945,-0.05500000000000005,30.456
BEL,2017,0.946,-0.05400000000000005,30.6
BEL,2018,0.946,-0.05400000000000005,30.724
BEL,2019,0.951,-0.049000000000000044,30.808
BEL,2020,0.949,-0.051000000000000045,30.815
BEL,2021,0.947,-0.05300000000000005,30.971
BEL,2022,0.951,-0.049000000000000044,30.973
BEL,2023,0.95,-0.050000000000000044,31.006
BEN,1950,0.364,-0.636,28.923
BEN,1951,0.364,-0.636,28.928
BEN,1952,0.364,-0.636,28.933
BEN,1953,0.364,-0.636,28.938
BEN,1954,0.364,-0.636,28.919
BEN,1955,0.364,-0.636,28.872
BEN,1956,0.364,-0.636,28.824
BEN,1957,0.364,-0.636,28.759
BEN,1958,0.373,-0.627,28.751
BEN,1959,0.377,-0.623,28.743
BEN,1960,0.583,-0.41700000000000004,28.733
BEN,1961,0.577,-0.42300000000000004,28.725
BEN,1962,0.577,-0.42300000000000004,28.781
BEN,1963,0.577,-0.42300000000000004,28.86
BEN,1964,0.563,-0.43700000000000006,28.942
BEN,1965,0.563,-0.43700000000000006,28.992
BEN,1966,0.563,-0.43700000000000006,29.05
BEN,1967,0.563,-0.43700000000000006,29.106
BEN,1968,0.563,-0.43700000000000006,29.154
BEN,1969,0.563,-0.43700000000000006,29.198
BEN,1970,0.563,-0.43700000000000006,29.214
BEN,1971,0.576,-0.42400000000000004,29.242
BEN,1972,0.589,-0.41100000000000003,29.283
BEN,1973,0.562,-0.43799999999999994,29.324
BEN,1974,0.559,-0.44099999999999995,29.339
BEN,1975,0.559,-0.44099999999999995,29.321
BEN,1976,0.559,-0.44099999999999995,29.313
BEN,1977,0.559,-0.44099999999999995,29.309
BEN,1978,0.559,-0.44099999999999995,29.356
BEN,1979,0.604,-0.396,29.399
BEN,1980,0.603,-0.397,29.435
BEN,1981,0.603,-0.397,29.536
BEN,1982,0.608,-0.392,29.648
BEN,1983,0.608,-0.392,29.821
BEN,1984,0.587,-0.41300000000000003,29.886
BEN,1985,0.587,-0.41300000000000003,29.931
BEN,1986,0.587,-0.41300000000000003,29.949
BEN,1987,0.587,-0.41300000000000003,29.926
BEN,1988,0.587,-0.41300000000000003,29.958
BEN,1989,0.58,-0.42000000000000004,30.112
BEN,1990,0.743,-0.257,30.041
BEN,1991,0.757,-0.243,30.008
BEN,1992,0.832,-0.16800000000000004,30.034
BEN,1993,0.832,-0.16800000000000004,29.917
BEN,1994,0.832,-0.16800000000000004,29.87
BEN,1995,0.831,-0.16900000000000004,29.854
BEN,1996,0.837,-0.16300000000000003,29.791
BEN,1997,0.835,-0.16500000000000004,29.747
BEN,1998,0.835,-0.16500000000000004,29.626
BEN,1999,0.829,-0.17100000000000004,29.525
BEN,2000,0.831,-0.16900000000000004,29.482
BEN,2001,0.831,-0.16900000000000004,29.422
BEN,2002,0.831,-0.16900000000000004,29.389
BEN,2003,0.837,-0.16300000000000003,29.327
BEN,2004,0.837,-0.16300000000000003,29.284
BEN,2005,0.835,-0.16500000000000004,29.341
BEN,2006,0.833,-0.16700000000000004,29.346
BEN,2007,0.839,-0.16100000000000003,29.325
BEN,2008,0.839,-0.16100000000000003,29.357
BEN,2009,0.839,-0.16100000000000003,29.38
BEN,2010,0.854,-0.14600000000000002,29.374
BEN,2011,0.849,-0.15100000000000002,29.379
BEN,2012,0.849,-0.15100000000000002,29.364
BEN,2013,0.842,-0.15800000000000003,29.363
BEN,2014,0.836,-0.16400000000000003,29.335
BEN,2015,0.829,-0.17100000000000004,29.294
BEN,2016,0.833,-0.16700000000000004,29.256
BEN,2017,0.845,-0.15500000000000003,29.242
BEN,2018,0.843,-0.15700000000000003,29.222
BEN,2019,0.83,-0.17000000000000004,29.208
BEN,2020,0.827,-0.17300000000000004,29.189
BEN,2021,0.823,-0.17700000000000005,29.152
BEN,2022,0.826,-0.17400000000000004,29.112
BEN,2023,0.881,-0.119,29.079
BTN,1950,0.31,-0.69,28.451
BTN,1951,0.31,-0.69,28.451
BTN,1952,0.315,-0.685,28.451
BTN,1953,0.334,-0.6659999999999999,28.451
BTN,1954,0.356,-0.644,28.451
BTN,1955,0.361,-0.639,28.451
BTN,1956,0.367,-0.633,28.451
BTN,1957,0.381,-0.619,28.451
BTN,1958,0.393,-0.607,28.451
BTN,1959,0.393,-0.607,28.451
BTN,1960,0.422,-0.5780000000000001,28.451
BTN,1961,0.422,-0.5780000000000001,28.451
BTN,1962,0.422,-0.5780000000000001,28.451
BTN,1963,0.422,-0.5780000000000001,28.451
BTN,1964,0.422,-0.5780000000000001,28.451
BTN,1965,0.426,-0.5740000000000001,28.451
BTN,1966,0.45,-0.55,28.451
BTN,1967,0.45,-0.55,28.451
BTN,1968,0.464,-0.536,28.451
BTN,1969,0.464,-0.536,28.451
BTN,1970,0.455,-0.5449999999999999,28.451
BTN,1971,0.455,-0.5449999999999999,28.451
BTN,1972,0.464,-0.536,28.451
BTN,1973,0.464,-0.536,28.451
BTN,1974,0.464,-0.536,28.451
BTN,1975,0.471,-0.529,28.451
BTN,1976,0.471,-0.529,28.451
BTN,1977,0.471,-0.529,28.451
BTN,1978,0.471,-0.529,28.451
BTN,1979,0.471,-0.529,28.45
BTN,1980,0.48,-0.52,28.45
BTN,1981,0.519,-0.481,28.45
BTN,1982,0.519,-0.481,28.45
BTN,1983,0.519,-0.481,28.45
BTN,1984,0.519,-0.481,28.449
BTN,1985,0.515,-0.485,28.449
BTN,1986,0.518,-0.482,28.449
BTN,1987,0.518,-0.482,28.448
BTN,1988,0.518,-0.482,28.448
BTN,1989,0.541,-0.45899999999999996,28.447
BTN,1990,0.541,-0.45899999999999996,28.447
BTN,1991,0.528,-0.472,28.446
BTN,1992,0.528,-0.472,28.445
BTN,1993,0.527,-0.473,28.444
BTN,1994,0.523,-0.477,28.443
BTN,1995,0.527,-0.473,28.441
BTN,1996,0.549,-0.45099999999999996,28.44
BTN,1997,0.561,-0.43899999999999995,28.438
BTN,1998,0.56,-0.43999999999999995,28.435
BTN,1999,0.585,-0.41500000000000004,28.433
BTN,2000,0.635,-0.365,28.43
BTN,2001,0.66,-0.33999999999999997,28.404
BTN,2002,0.66,-0.33999999999999997,28.394
BTN,2003,0.668,-0.33199999999999996,28.382
BTN,2004,0.666,-0.33399999999999996,28.37
BTN,2005,0.666,-0.33399999999999996,28.365
BTN,2006,0.625,-0.375,28.367
BTN,2007,0.622,-0.378,28.354
BTN,2008,0.721,-0.279,28.343
BTN,2009,0.726,-0.274,28.351
BTN,2010,0.734,-0.266,28.485
BTN,2011,0.734,-0.266,28.629
BTN,2012,0.734,-0.266,28.764
BTN,2013,0.741,-0.259,28.899
BTN,2014,0.753,-0.247,29.069
BTN,2015,0.753,-0.247,29.25
BTN,2016,0.761,-0.239,29.393
BTN,2017,0.767,-0.23299999999999998,29.668
BTN,2018,0.799,-0.20099999999999996,29.901
BTN,2019,0.773,-0.22699999999999998,30.073
BTN,2020,0.779,-0.22099999999999997,30.048
BTN,2021,0.786,-0.21399999999999997,29.833
BTN,2022,0.783,-0.21699999999999997,29.894
BTN,2023,0.76,-0.24,29.89
BOL,1950,0.089,-0.911,29.765
BOL,1951,0.089,-0.911,29.768
BOL,1952,0.245,-0.755,29.771
BOL,1953,0.276,-0.724,29.775
BOL,1954,0.276,-0.724,29.779
BOL,1955,0.276,-0.724,29.788
BOL,1956,0.287,-0.7130000000000001,29.798
BOL,1957,0.287,-0.7130000000000001,29.812
BOL,1958,0.276,-0.724,29.826
BOL,1959,0.276,-0.724,29.84
BOL,1960,0.276,-0.724,29.853
BOL,1961,0.276,-0.724,29.87
BOL,1962,0.29,-0.71,29.903
BOL,1963,0.29,-0.71,29.934
BOL,1964,0.257,-0.743,29.979
BOL,1965,0.239,-0.761,30.021
BOL,1966,0.239,-0.761,30.041
BOL,1967,0.245,-0.755,30.012
BOL,1968,0.245,-0.755,29.985
BOL,1969,0.239,-0.761,29.981
BOL,1970,0.241,-0.759,29.973
BOL,1971,0.236,-0.764,29.893
BOL,1972,0.234,-0.766,29.913
BOL,1973,0.234,-0.766,29.872
BOL,1974,0.234,-0.766,29.825
BOL,1975,0.234,-0.766,29.856
BOL,1976,0.234,-0.766,29.749
BOL,1977,0.234,-0.766,29.638
BOL,1978,0.234,-0.766,29.581
BOL,1979,0.303,-0.6970000000000001,29.559
BOL,1980,0.286,-0.714,29.469
BOL,1981,0.303,-0.6970000000000001,29.425
BOL,1982,0.337,-0.663,29.461
BOL,1983,0.403,-0.597,29.478
BOL,1984,0.403,-0.597,29.479
BOL,1985,0.483,-0.517,29.398
BOL,1986,0.479,-0.521,29.356
BOL,1987,0.479,-0.521,29.253
BOL,1988,0.479,-0.521,29.223
BOL,1989,0.519,-0.481,29.204
BOL,1990,0.522,-0.478,29.169
BOL,1991,0.522,-0.478,29.176
BOL,1992,0.522,-0.478,29.106
BOL,1993,0.55,-0.44999999999999996,29.012
BOL,1994,0.599,-0.401,28.94
BOL,1995,0.612,-0.388,28.938
BOL,1996,0.613,-0.387,28.877
BOL,1997,0.617,-0.383,28.818
BOL,1998,0.617,-0.383,28.785
BOL,1999,0.617,-0.383,28.753
BOL,2000,0.657,-0.34299999999999997,28.75
BOL,2001,0.657,-0.34299999999999997,28.759
BOL,2002,0.692,-0.30800000000000005,28.751
BOL,2003,0.692,-0.30800000000000005,28.667
BOL,2004,0.692,-0.30800000000000005,28.593
BOL,2005,0.687,-0.31299999999999994,28.539
BOL,2006,0.708,-0.29200000000000004,28.499
BOL,2007,0.708,-0.29200000000000004,28.479
BOL,2008,0.699,-0.30100000000000005,28.443
BOL,2009,0.722,-0.278,28.425
BOL,2010,0.74,-0.26,28.395
BOL,2011,0.731,-0.269,28.381
BOL,2012,0.736,-0.264,28.356
BOL,2013,0.729,-0.271,28.329
BOL,2014,0.759,-0.241,28.304
BOL,2015,0.757,-0.243,28.271
BOL,2016,0.777,-0.22299999999999998,28.248
BOL,2017,0.792,-0.20799999999999996,28.226
BOL,2018,0.778,-0.22199999999999998,28.206
BOL,2019,0.759,-0.241,28.194
BOL,2020,0.759,-0.241,28.178
BOL,2021,0.803,-0.19699999999999995,28.163
BOL,2022,0.811,-0.18899999999999995,28.152
BOL,2023,0.809,-0.19099999999999995,28.144
BIH,1950,0.458,-0.542,30.376
BIH,1951,0.458,-0.542,30.13
BIH,1952,0.478,-0.522,30.056
BIH,1953,0.497,-0.503,29.895
BIH,1954,0.503,-0.497,29.681
BIH,1955,0.509,-0.491,29.628
BIH,1956,0.509,-0.491,29.505
BIH,1957,0.509,-0.491,29.398
BIH,1958,0.516,-0.484,29.306
BIH,1959,0.516,-0.484,29.232
BIH,1960,0.516,-0.484,29.188
BIH,1961,0.516,-0.484,29.055
BIH,1962,0.516,-0.484,28.94
BIH,1963,0.595,-0.405,28.803
BIH,1964,0.595,-0.405,28.64
BIH,1965,0.581,-0.41900000000000004,28.365
BIH,1966,0.581,-0.41900000000000004,28.111
BIH,1967,0.554,-0.44599999999999995,27.975
BIH,1968,0.565,-0.43500000000000005,27.834
BIH,1969,0.591,-0.40900000000000003,27.746
BIH,1970,0.591,-0.40900000000000003,27.574
BIH,1971,0.591,-0.40900000000000003,27.387
BIH,1972,0.591,-0.40900000000000003,27.301
BIH,1973,0.591,-0.40900000000000003,27.226
BIH,1974,0.625,-0.375,27.093
BIH,1975,0.625,-0.375,26.981
BIH,1976,0.625,-0.375,26.893
BIH,1977,0.625,-0.375,26.831
BIH,1978,0.63,-0.37,26.741
BIH,1979,0.63,-0.37,26.649
BIH,1980,0.63,-0.37,26.565
BIH,1981,0.642,-0.358,26.49
BIH,1982,0.667,-0.33299999999999996,26.374
BIH,1983,0.667,-0.33299999999999996,26.401
BIH,1984,0.667,-0.33299999999999996,26.281
BIH,1985,0.667,-0.33299999999999996,26.255
BIH,1986,0.653,-0.347,26.227
BIH,1987,0.652,-0.348,26.21
BIH,1988,0.66,-0.33999999999999997,26.071
BIH,1989,0.66,-0.33999999999999997,25.977
BIH,1990,0.702,-0.29800000000000004,25.977
BIH,1991,0.631,-0.369,26.147
BIH,1992,0.493,-0.507,26.265
BIH,1993,0.493,-0.507,26.397
BIH,1994,0.464,-0.536,26.527
BIH,1995,0.464,-0.536,26.675
BIH,1996,0.574,-0.42600000000000005,26.817
BIH,1997,0.603,-0.397,26.541
BIH,1998,0.625,-0.375,26.679
BIH,1999,0.633,-0.367,26.8
BIH,2000,0.706,-0.29400000000000004,26.889
BIH,2001,0.714,-0.28600000000000003,26.838
BIH,2002,0.788,-0.21199999999999997,26.969
BIH,2003,0.788,-0.21199999999999997,27.045
BIH,2004,0.788,-0.21199999999999997,27.098
BIH,2005,0.788,-0.21199999999999997,27.181
BIH,2006,0.78,-0.21999999999999997,27.306
BIH,2007,0.767,-0.23299999999999998,27.594
BIH,2008,0.78,-0.21999999999999997,27.706
BIH,2009,0.805,-0.19499999999999995,27.823
BIH,2010,0.818,-0.18200000000000005,28.034
BIH,2011,0.818,-0.18200000000000005,28.349
BIH,2012,0.818,-0.18200000000000005,28.395
BIH,2013,0.812,-0.18799999999999994,28.668
BIH,2014,0.838,-0.16200000000000003,28.852
BIH,2015,0.839,-0.16100000000000003,28.887
BIH,2016,0.844,-0.15600000000000003,28.924
BIH,2017,0.836,-0.16400000000000003,28.962
BIH,2018,0.818,-0.18200000000000005,28.982
BIH,2019,0.827,-0.17300000000000004,29.019
BIH,2020,0.836,-0.16400000000000003,29.02
BIH,2021,0.818,-0.18200000000000005,29.021
BIH,2022,0.8,-0.19999999999999996,29.037
BIH,2023,0.807,-0.19299999999999995,29.037
BWA,1950,0.134,-0.866,29.906
BWA,1951,0.134,-0.866,29.911
BWA,1952,0.134,-0.866,29.917
BWA,1953,0.134,-0.866,29.922
BWA,1954,0.134,-0.866,29.928
BWA,1955,0.134,-0.866,29.935
BWA,1956,0.134,-0.866,29.941
BWA,1957,0.175,-0.825,29.948
BWA,1958,0.175,-0.825,29.955
BWA,1959,0.175,-0.825,29.962
BWA,1960,0.185,-0.815,29.969
BWA,1961,0.185,-0.815,29.976
BWA,1962,0.185,-0.815,29.984
BWA,1963,0.195,-0.8049999999999999,29.994
BWA,1964,0.195,-0.8049999999999999,30.003
BWA,1965,0.195,-0.8049999999999999,30.013
BWA,1966,0.465,-0.5349999999999999,30.023
BWA,1967,0.465,-0.5349999999999999,30.038
BWA,1968,0.465,-0.5349999999999999,30.044
BWA,1969,0.465,-0.5349999999999999,30.058
BWA,1970,0.465,-0.5349999999999999,30.073
BWA,1971,0.477,-0.523,30.088
BWA,1972,0.477,-0.523,30.059
BWA,1973,0.477,-0.523,30.037
BWA,1974,0.477,-0.523,30.008
BWA,1975,0.477,-0.523,29.978
BWA,1976,0.572,-0.42800000000000005,29.945
BWA,1977,0.497,-0.503,29.96
BWA,1978,0.497,-0.503,29.966
BWA,1979,0.521,-0.479,29.977
BWA,1980,0.521,-0.479,29.978
BWA,1981,0.521,-0.479,29.968
BWA,1982,0.521,-0.479,29.939
BWA,1983,0.521,-0.479,29.904
BWA,1984,0.52,-0.48,29.852
BWA,1985,0.527,-0.473,29.793
BWA,1986,0.559,-0.44099999999999995,29.727
BWA,1987,0.559,-0.44099999999999995,29.639
BWA,1988,0.559,-0.44099999999999995,29.601
BWA,1989,0.558,-0.44199999999999995,29.566
BWA,1990,0.593,-0.40700000000000003,29.539
BWA,1991,0.593,-0.40700000000000003,29.513
BWA,1992,0.593,-0.40700000000000003,29.43
BWA,1993,0.593,-0.40700000000000003,29.351
BWA,1994,0.615,-0.385,29.265
BWA,1995,0.62,-0.38,29.159
BWA,1996,0.615,-0.385,29.042
BWA,1997,0.615,-0.385,28.944
BWA,1998,0.615,-0.385,28.889
BWA,1999,0.755,-0.245,28.837
BWA,2000,0.755,-0.245,28.802
BWA,2001,0.755,-0.245,28.75
BWA,2002,0.755,-0.245,28.708
BWA,2003,0.755,-0.245,28.681
BWA,2004,0.72,-0.28,28.676
BWA,2005,0.72,-0.28,28.693
BWA,2006,0.72,-0.28,28.734
BWA,2007,0.72,-0.28,28.793
BWA,2008,0.719,-0.281,28.852
BWA,2009,0.698,-0.30200000000000005,28.909
BWA,2010,0.707,-0.29300000000000004,28.964
BWA,2011,0.707,-0.29300000000000004,29.019
BWA,2012,0.707,-0.29300000000000004,28.975
BWA,2013,0.743,-0.257,28.969
BWA,2014,0.748,-0.252,28.946
BWA,2015,0.743,-0.257,28.89
BWA,2016,0.743,-0.257,28.885
BWA,2017,0.756,-0.244,28.918
BWA,2018,0.727,-0.273,28.827
BWA,2019,0.74,-0.26,28.737
BWA,2020,0.743,-0.257,28.719
BWA,2021,0.691,-0.30900000000000005,28.702
BWA,2022,0.702,-0.29800000000000004,28.688
BWA,2023,0.7,-0.30000000000000004,28.672
BRA,1950,0.418,-0.5820000000000001,29.335
BRA,1951,0.418,-0.5820000000000001,29.334
BRA,1952,0.418,-0.5820000000000001,29.333
BRA,1953,0.418,-0.5820000000000001,29.332
BRA,1954,0.418,-0.5820000000000001,29.332
BRA,1955,0.418,-0.5820000000000001,29.325
BRA,1956,0.418,-0.5820000000000001,29.324
BRA,1957,0.418,-0.5820000000000001,29.324
BRA,1958,0.422,-0.5780000000000001,29.323
BRA,1959,0.422,-0.5780000000000001,29.322
BRA,1960,0.426,-0.5740000000000001,29.321
BRA,1961,0.426,-0.5740000000000001,29.314
BRA,1962,0.428,-0.5720000000000001,29.305
BRA,1963,0.428,-0.5720000000000001,29.296
BRA,1964,0.38,-0.62,29.277
BRA,1965,0.368,-0.632,29.268
BRA,1966,0.367,-0.633,29.251
BRA,1967,0.367,-0.633,29.21
BRA,1968,0.367,-0.633,29.165
BRA,1969,0.367,-0.633,29.116
BRA,1970,0.38,-0.62,29.044
BRA,1971,0.383,-0.617,28.989
BRA,1972,0.383,-0.617,28.889
BRA,1973,0.383,-0.617,28.828
BRA,1974,0.383,-0.617,28.718
BRA,1975,0.389,-0.611,28.634
BRA,1976,0.389,-0.611,28.572
BRA,1977,0.389,-0.611,28.513
BRA,1978,0.393,-0.607,28.475
BRA,1979,0.428,-0.5720000000000001,28.439
BRA,1980,0.434,-0.5660000000000001,28.383
BRA,1981,0.434,-0.5660000000000001,28.283
BRA,1982,0.445,-0.5549999999999999,28.184
BRA,1983,0.445,-0.5549999999999999,28.046
BRA,1984,0.445,-0.5549999999999999,27.959
BRA,1985,0.509,-0.491,27.788
BRA,1986,0.597,-0.403,27.617
BRA,1987,0.605,-0.395,27.431
BRA,1988,0.703,-0.29700000000000004,27.258
BRA,1989,0.727,-0.273,27.115
BRA,1990,0.726,-0.274,26.973
BRA,1991,0.729,-0.271,26.836
BRA,1992,0.725,-0.275,26.726
BRA,1993,0.725,-0.275,26.629
BRA,1994,0.742,-0.258,26.552
BRA,1995,0.767,-0.23299999999999998,26.472
BRA,1996,0.774,-0.22599999999999998,26.394
BRA,1997,0.776,-0.22399999999999998,26.319
BRA,1998,0.791,-0.20899999999999996,26.246
BRA,1999,0.79,-0.20999999999999996,26.174
BRA,2000,0.789,-0.21099999999999997,26.102
BRA,2001,0.791,-0.20899999999999996,26.024
BRA,2002,0.815,-0.18500000000000005,26.024
BRA,2003,0.814,-0.18600000000000005,26.048
BRA,2004,0.814,-0.18600000000000005,26.088
BRA,2005,0.808,-0.19199999999999995,26.11
BRA,2006,0.812,-0.18799999999999994,26.165
BRA,2007,0.814,-0.18600000000000005,26.227
BRA,2008,0.812,-0.18799999999999994,26.305
BRA,2009,0.808,-0.19199999999999995,26.371
BRA,2010,0.82,-0.18000000000000005,26.48
BRA,2011,0.825,-0.17500000000000004,26.563
BRA,2012,0.827,-0.17300000000000004,26.629
BRA,2013,0.804,-0.19599999999999995,26.686
BRA,2014,0.809,-0.19099999999999995,26.78
BRA,2015,0.812,-0.18799999999999994,26.889
BRA,2016,0.764,-0.236,26.986
BRA,2017,0.762,-0.238,27.156
BRA,2018,0.754,-0.246,27.36
BRA,2019,0.758,-0.242,27.499
BRA,2020,0.758,-0.242,27.584
BRA,2021,0.755,-0.245,27.635
BRA,2022,0.765,-0.235,27.806
BRA,2023,0.83,-0.17000000000000004,27.813
BGR,1950,0.598,-0.402,26.66
BGR,1951,0.622,-0.378,26.647
BGR,1952,0.622,-0.378,26.494
BGR,1953,0.623,-0.377,26.349
BGR,1954,0.625,-0.375,26.251
BGR,1955,0.622,-0.378,26.115
BGR,1956,0.622,-0.378,25.913
BGR,1957,0.622,-0.378,25.604
BGR,1958,0.622,-0.378,25.47
BGR,1959,0.622,-0.378,25.209
BGR,1960,0.623,-0.377,25.15
BGR,1961,0.623,-0.377,25.137
BGR,1962,0.623,-0.377,25.15
BGR,1963,0.623,-0.377,25.055
BGR,1964,0.623,-0.377,24.925
BGR,1965,0.623,-0.377,24.862
BGR,1966,0.625,-0.375,24.746
BGR,1967,0.625,-0.375,24.649
BGR,1968,0.625,-0.375,24.691
BGR,1969,0.625,-0.375,24.719
BGR,1970,0.637,-0.363,24.649
BGR,1971,0.645,-0.355,24.554
BGR,1972,0.645,-0.355,24.465
BGR,1973,0.645,-0.355,24.429
BGR,1974,0.645,-0.355,24.487
BGR,1975,0.645,-0.355,24.425
BGR,1976,0.646,-0.354,24.329
BGR,1977,0.646,-0.354,24.2
BGR,1978,0.646,-0.354,24.081
BGR,1979,0.646,-0.354,23.983
BGR,1980,0.646,-0.354,23.882
BGR,1981,0.648,-0.352,23.887
BGR,1982,0.648,-0.352,23.815
BGR,1983,0.648,-0.352,23.881
BGR,1984,0.648,-0.352,23.926
BGR,1985,0.648,-0.352,23.954
BGR,1986,0.648,-0.352,23.996
BGR,1987,0.648,-0.352,23.966
BGR,1988,0.648,-0.352,23.928
BGR,1989,0.648,-0.352,23.923
BGR,1990,0.842,-0.15800000000000003,23.888
BGR,1991,0.854,-0.14600000000000002,23.706
BGR,1992,0.856,-0.14400000000000002,23.693
BGR,1993,0.86,-0.14,23.781
BGR,1994,0.861,-0.139,23.942
BGR,1995,0.861,-0.139,24.096
BGR,1996,0.861,-0.139,24.247
BGR,1997,0.854,-0.14600000000000002,24.385
BGR,1998,0.854,-0.14600000000000002,24.504
BGR,1999,0.855,-0.14500000000000002,24.664
BGR,2000,0.889,-0.11099999999999999,24.922
BGR,2001,0.912,-0.08799999999999997,25.082
BGR,2002,0.923,-0.07699999999999996,25.252
BGR,2003,0.923,-0.07699999999999996,25.461
BGR,2004,0.923,-0.07699999999999996,25.658
BGR,2005,0.918,-0.08199999999999996,25.928
BGR,2006,0.921,-0.07899999999999996,26.106
BGR,2007,0.922,-0.07799999999999996,26.306
BGR,2008,0.915,-0.08499999999999996,26.427
BGR,2009,0.908,-0.09199999999999997,26.615
BGR,2010,0.912,-0.08799999999999997,26.936
BGR,2011,0.911,-0.08899999999999997,27.018
BGR,2012,0.916,-0.08399999999999996,27.033
BGR,2013,0.907,-0.09299999999999997,27.074
BGR,2014,0.898,-0.10199999999999998,27.246
BGR,2015,0.898,-0.10199999999999998,27.393
BGR,2016,0.898,-0.10199999999999998,27.496
BGR,2017,0.902,-0.09799999999999998,27.58
BGR,2018,0.896,-0.10399999999999998,27.632
BGR,2019,0.897,-0.10299999999999998,27.707
BGR,2020,0.895,-0.10499999999999998,27.766
BGR,2021,0.913,-0.08699999999999997,27.867
BGR,2022,0.92,-0.07999999999999996,27.948
BGR,2023,0.914,-0.08599999999999997,27.948
BFA,1950,0.371,-0.629,29.213
BFA,1951,0.371,-0.629,29.219
BFA,1952,0.371,-0.629,29.225
BFA,1953,0.371,-0.629,29.231
BFA,1954,0.371,-0.629,29.236
BFA,1955,0.371,-0.629,29.242
BFA,1956,0.371,-0.629,29.248
BFA,1957,0.371,-0.629,29.253
BFA,1958,0.376,-0.624,29.258
BFA,1959,0.376,-0.624,29.262
BFA,1960,0.522,-0.478,29.265
BFA,1961,0.522,-0.478,29.267
BFA,1962,0.522,-0.478,29.272
BFA,1963,0.522,-0.478,29.276
BFA,1964,0.522,-0.478,29.281
BFA,1965,0.522,-0.478,29.288
BFA,1966,0.522,-0.478,29.293
BFA,1967,0.525,-0.475,29.299
BFA,1968,0.525,-0.475,29.298
BFA,1969,0.525,-0.475,29.296
BFA,1970,0.51,-0.49,29.286
BFA,1971,0.51,-0.49,29.279
BFA,1972,0.51,-0.49,29.251
BFA,1973,0.51,-0.49,29.274
BFA,1974,0.51,-0.49,29.365
BFA,1975,0.51,-0.49,29.455
BFA,1976,0.51,-0.49,29.472
BFA,1977,0.51,-0.49,29.541
BFA,1978,0.51,-0.49,29.61
BFA,1979,0.521,-0.479,29.608
BFA,1980,0.475,-0.525,29.7
BFA,1981,0.502,-0.498,29.802
BFA,1982,0.485,-0.515,29.869
BFA,1983,0.495,-0.505,29.906
BFA,1984,0.515,-0.485,29.841
BFA,1985,0.515,-0.485,29.805
BFA,1986,0.515,-0.485,29.849
BFA,1987,0.515,-0.485,29.843
BFA,1988,0.521,-0.479,29.847
BFA,1989,0.567,-0.43300000000000005,29.776
BFA,1990,0.567,-0.43300000000000005,29.724
BFA,1991,0.607,-0.393,29.699
BFA,1992,0.681,-0.31899999999999995,29.759
BFA,1993,0.717,-0.28300000000000003,29.824
BFA,1994,0.717,-0.28300000000000003,29.777
BFA,1995,0.705,-0.29500000000000004,29.74
BFA,1996,0.705,-0.29500000000000004,29.703
BFA,1997,0.732,-0.268,29.69
BFA,1998,0.743,-0.257,29.733
BFA,1999,0.725,-0.275,29.795
BFA,2000,0.731,-0.269,29.713
BFA,2001,0.731,-0.269,29.717
BFA,2002,0.766,-0.23399999999999999,29.755
BFA,2003,0.766,-0.23399999999999999,29.694
BFA,2004,0.766,-0.23399999999999999,29.772
BFA,2005,0.766,-0.23399999999999999,29.803
BFA,2006,0.766,-0.23399999999999999,29.676
BFA,2007,0.766,-0.23399999999999999,29.609
BFA,2008,0.784,-0.21599999999999997,29.539
BFA,2009,0.784,-0.21599999999999997,29.525
BFA,2010,0.795,-0.20499999999999996,29.454
BFA,2011,0.795,-0.20499999999999996,29.392
BFA,2012,0.795,-0.20499999999999996,29.307
BFA,2013,0.765,-0.235,29.211
BFA,2014,0.762,-0.238,29.237
BFA,2015,0.734,-0.266,29.206
BFA,2016,0.738,-0.262,29.239
BFA,2017,0.757,-0.243,29.3
BFA,2018,0.768,-0.23199999999999998,29.301
BFA,2019,0.675,-0.32499999999999996,29.337
BFA,2020,0.63,-0.37,29.311
BFA,2021,0.598,-0.402,29.271
BFA,2022,0.541,-0.45899999999999996,29.23
BFA,2023,0.679,-0.32099999999999995,29.189
BDI,1950,0.2,-0.8,30.674
BDI,1951,0.2,-0.8,30.674
BDI,1952,0.2,-0.8,30.676
BDI,1953,0.2,-0.8,30.677
BDI,1954,0.2,-0.8,30.679
BDI,1955,0.2,-0.8,30.682
BDI,1956,0.2,-0.8,30.689
BDI,1957,0.2,-0.8,30.697
BDI,1958,0.2,-0.8,30.705
BDI,1959,0.21,-0.79,30.704
BDI,1960,0.21,-0.79,30.707
BDI,1961,0.21,-0.79,30.711
BDI,1962,0.251,-0.749,30.724
BDI,1963,0.256,-0.744,30.739
BDI,1964,0.256,-0.744,30.755
BDI,1965,0.256,-0.744,30.765
BDI,1966,0.261,-0.739,30.776
BDI,1967,0.261,-0.739,30.788
BDI,1968,0.261,-0.739,30.804
BDI,1969,0.261,-0.739,30.822
BDI,1970,0.272,-0.728,30.808
BDI,1971,0.272,-0.728,30.811
BDI,1972,0.27,-0.73,30.815
BDI,1973,0.27,-0.73,30.821
BDI,1974,0.27,-0.73,30.836
BDI,1975,0.27,-0.73,30.82
BDI,1976,0.296,-0.704,30.804
BDI,1977,0.318,-0.6819999999999999,30.775
BDI,1978,0.318,-0.6819999999999999,30.731
BDI,1979,0.318,-0.6819999999999999,30.692
BDI,1980,0.324,-0.6759999999999999,30.709
BDI,1981,0.324,-0.6759999999999999,30.741
BDI,1982,0.324,-0.6759999999999999,30.774
BDI,1983,0.397,-0.603,30.777
BDI,1984,0.406,-0.594,30.873
BDI,1985,0.406,-0.594,30.904
BDI,1986,0.406,-0.594,30.962
BDI,1987,0.348,-0.652,30.997
BDI,1988,0.353,-0.647,31.032
BDI,1989,0.353,-0.647,31.054
BDI,1990,0.353,-0.647,31.053
BDI,1991,0.353,-0.647,31.041
BDI,1992,0.416,-0.5840000000000001,31.068
BDI,1993,0.493,-0.507,31.085
BDI,1994,0.543,-0.45699999999999996,31.1
BDI,1995,0.543,-0.45699999999999996,31.11
BDI,1996,0.531,-0.469,31.111
BDI,1997,0.543,-0.45699999999999996,31.111
BDI,1998,0.565,-0.43500000000000005,31.101
BDI,1999,0.565,-0.43500000000000005,31.061
BDI,2000,0.58,-0.42000000000000004,31.019
BDI,2001,0.585,-0.41500000000000004,30.985
BDI,2002,0.6,-0.4,30.922
BDI,2003,0.603,-0.397,30.86
BDI,2004,0.603,-0.397,30.837
BDI,2005,0.644,-0.356,30.805
BDI,2006,0.66,-0.33999999999999997,30.772
BDI,2007,0.656,-0.344,30.73
BDI,2008,0.66,-0.33999999999999997,30.679
BDI,2009,0.653,-0.347,30.574
BDI,2010,0.639,-0.361,30.492
BDI,2011,0.635,-0.365,30.447
BDI,2012,0.635,-0.365,30.454
BDI,2013,0.624,-0.376,30.473
BDI,2014,0.633,-0.367,30.492
BDI,2015,0.592,-0.40800000000000003,30.495
BDI,2016,0.549,-0.45099999999999996,30.442
BDI,2017,0.566,-0.43400000000000005,30.398
BDI,2018,0.557,-0.44299999999999995,30.355
BDI,2019,0.571,-0.42900000000000005,30.314
BDI,2020,0.615,-0.385,30.274
BDI,2021,0.617,-0.383,30.236
BDI,2022,0.665,-0.33499999999999996,30.198
BDI,2023,0.666,-0.33399999999999996,30.16
KHM,1950,0.142,-0.858,30.039
KHM,1951,0.134,-0.866,30.039
KHM,1952,0.141,-0.859,30.038
KHM,1953,0.167,-0.833,30.037
KHM,1954,0.317,-0.683,30.036
KHM,1955,0.319,-0.681,30.035
KHM,1956,0.319,-0.681,30.034
KHM,1957,0.319,-0.681,30.033
KHM,1958,0.329,-0.671,30.031
KHM,1959,0.329,-0.671,30.03
KHM,1960,0.331,-0.669,30.022
KHM,1961,0.331,-0.669,30.015
KHM,1962,0.32,-0.6799999999999999,30.007
KHM,1963,0.32,-0.6799999999999999,29.999
KHM,1964,0.325,-0.675,29.99
KHM,1965,0.325,-0.675,29.999
KHM,1966,0.325,-0.675,30.007
KHM,1967,0.325,-0.675,30.015
KHM,1968,0.325,-0.675,30.024
KHM,1969,0.325,-0.675,30.019
KHM,1970,0.352,-0.648,30.014
KHM,1971,0.352,-0.648,30.009
KHM,1972,0.353,-0.647,30.028
KHM,1973,0.372,-0.628,30.056
KHM,1974,0.372,-0.628,30.175
KHM,1975,0.126,-0.874,30.266
KHM,1976,0.223,-0.777,30.354
KHM,1977,0.307,-0.6930000000000001,30.438
KHM,1978,0.312,-0.688,30.137
KHM,1979,0.321,-0.679,30.035
KHM,1980,0.265,-0.735,29.935
KHM,1981,0.268,-0.732,29.984
KHM,1982,0.268,-0.732,30.034
KHM,1983,0.268,-0.732,30.067
KHM,1984,0.268,-0.732,30.182
KHM,1985,0.268,-0.732,30.292
KHM,1986,0.273,-0.727,30.34
KHM,1987,0.285,-0.7150000000000001,30.274
KHM,1988,0.285,-0.7150000000000001,30.128
KHM,1989,0.292,-0.708,30.03
KHM,1990,0.312,-0.688,29.946
KHM,1991,0.312,-0.688,29.847
KHM,1992,0.423,-0.577,29.71
KHM,1993,0.372,-0.628,29.701
KHM,1994,0.498,-0.502,29.651
KHM,1995,0.504,-0.496,29.58
KHM,1996,0.504,-0.496,29.661
KHM,1997,0.504,-0.496,29.515
KHM,1998,0.556,-0.44399999999999995,29.409
KHM,1999,0.558,-0.44199999999999995,29.313
KHM,2000,0.552,-0.44799999999999995,29.178
KHM,2001,0.552,-0.44799999999999995,29.051
KHM,2002,0.54,-0.45999999999999996,29.06
KHM,2003,0.548,-0.45199999999999996,28.947
KHM,2004,0.548,-0.45199999999999996,28.928
KHM,2005,0.547,-0.45299999999999996,28.879
KHM,2006,0.547,-0.45299999999999996,28.695
KHM,2007,0.547,-0.45299999999999996,28.58
KHM,2008,0.58,-0.42000000000000004,28.476
KHM,2009,0.598,-0.402,28.337
KHM,2010,0.6,-0.4,28.145
KHM,2011,0.581,-0.41900000000000004,28.027
KHM,2012,0.586,-0.41400000000000003,27.878
KHM,2013,0.597,-0.403,27.836
KHM,2014,0.58,-0.42000000000000004,27.882
KHM,2015,0.576,-0.42400000000000004,27.908
KHM,2016,0.563,-0.43700000000000006,27.935
KHM,2017,0.571,-0.42900000000000005,27.963
KHM,2018,0.567,-0.43300000000000005,27.972
KHM,2019,0.575,-0.42500000000000004,27.982
KHM,2020,0.58,-0.42000000000000004,27.993
KHM,2021,0.568,-0.43200000000000005,27.962
KHM,2022,0.552,-0.44799999999999995,27.93
KHM,2023,0.516,-0.484,27.896
CMR,1961,0.309,-0.6910000000000001,28.509
CMR,1962,0.314,-0.6859999999999999,28.447
CMR,1963,0.314,-0.6859999999999999,28.402
CMR,1964,0.314,-0.6859999999999999,28.418
CMR,1965,0.314,-0.6859999999999999,28.435
CMR,1966,0.314,-0.6859999999999999,28.439
CMR,1967,0.314,-0.6859999999999999,28.488
CMR,1968,0.314,-0.6859999999999999,28.535
CMR,1969,0.314,-0.6859999999999999,28.571
CMR,1970,0.324,-0.6759999999999999,28.566
CMR,1971,0.324,-0.6759999999999999,28.54
CMR,1972,0.324,-0.6759999999999999,28.555
CMR,1973,0.352,-0.648,28.517
CMR,1974,0.351,-0.649,28.539
CMR,1975,0.351,-0.649,28.635
CMR,1976,0.351,-0.649,28.63
CMR,1977,0.351,-0.649,28.597
CMR,1978,0.376,-0.624,28.596
CMR,1979,0.376,-0.624,28.626
CMR,1980,0.401,-0.599,28.657
CMR,1981,0.401,-0.599,28.682
CMR,1982,0.427,-0.573,28.642
CMR,1983,0.466,-0.534,28.533
CMR,1984,0.501,-0.499,28.57
CMR,1985,0.501,-0.499,28.64
CMR,1986,0.501,-0.499,28.627
CMR,1987,0.501,-0.499,28.668
CMR,1988,0.466,-0.534,28.722
CMR,1989,0.466,-0.534,28.752
CMR,1990,0.58,-0.42000000000000004,28.761
CMR,1991,0.6,-0.4,28.834
CMR,1992,0.587,-0.41300000000000003,28.895
CMR,1993,0.592,-0.40800000000000003,28.86
CMR,1994,0.592,-0.40800000000000003,28.809
CMR,1995,0.592,-0.40800000000000003,28.761
CMR,1996,0.592,-0.40800000000000003,28.743
CMR,1997,0.549,-0.45099999999999996,28.723
CMR,1998,0.549,-0.45099999999999996,28.667
CMR,1999,0.549,-0.45099999999999996,28.567
CMR,2000,0.661,-0.33899999999999997,28.478
CMR,2001,0.68,-0.31999999999999995,28.432
CMR,2002,0.7,-0.30000000000000004,28.476
CMR,2003,0.7,-0.30000000000000004,28.461
CMR,2004,0.7,-0.30000000000000004,28.483
CMR,2005,0.7,-0.30000000000000004,28.498
CMR,2006,0.696,-0.30400000000000005,28.462
CMR,2007,0.723,-0.277,28.536
CMR,2008,0.725,-0.275,28.523
CMR,2009,0.719,-0.281,28.5
CMR,2010,0.746,-0.254,28.48
CMR,2011,0.744,-0.256,28.397
CMR,2012,0.747,-0.253,28.436
CMR,2013,0.784,-0.21599999999999997,28.441
CMR,2014,0.782,-0.21799999999999997,28.425
CMR,2015,0.786,-0.21399999999999997,28.431
CMR,2016,0.767,-0.23299999999999998,28.437
CMR,2017,0.751,-0.249,28.426
CMR,2018,0.748,-0.252,28.424
CMR,2019,0.756,-0.244,28.423
CMR,2020,0.777,-0.22299999999999998,28.421
CMR,2021,0.783,-0.21699999999999997,28.42
CMR,2022,0.786,-0.21399999999999997,28.419
CMR,2023,0.789,-0.21099999999999997,28.417
CAN,1950,0.631,-0.369,28.551
CAN,1951,0.631,-0.369,28.463
CAN,1952,0.631,-0.369,28.373
CAN,1953,0.638,-0.362,28.311
CAN,1954,0.638,-0.362,28.264
CAN,1955,0.638,-0.362,28.234
CAN,1956,0.637,-0.363,28.144
CAN,1957,0.647,-0.353,28.061
CAN,1958,0.654,-0.346,27.979
CAN,1959,0.654,-0.346,27.918
CAN,1960,0.674,-0.32599999999999996,27.88
CAN,1961,0.693,-0.30700000000000005,27.857
CAN,1962,0.693,-0.30700000000000005,27.835
CAN,1963,0.711,-0.28900000000000003,27.836
CAN,1964,0.711,-0.28900000000000003,27.869
CAN,1965,0.742,-0.258,27.823
CAN,1966,0.742,-0.258,27.685
CAN,1967,0.751,-0.249,27.484
CAN,1968,0.744,-0.256,27.344
CAN,1969,0.744,-0.256,27.296
CAN,1970,0.742,-0.258,27.2
CAN,1971,0.742,-0.258,27.094
CAN,1972,0.754,-0.246,26.994
CAN,1973,0.765,-0.235,26.878
CAN,1974,0.773,-0.22699999999999998,26.824
CAN,1975,0.783,-0.21699999999999997,26.75
CAN,1976,0.8,-0.19999999999999996,26.771
CAN,1977,0.8,-0.19999999999999996,26.813
CAN,1978,0.8,-0.19999999999999996,26.864
CAN,1979,0.8,-0.19999999999999996,26.942
CAN,1980,0.812,-0.18799999999999994,26.969
CAN,1981,0.813,-0.18700000000000006,27.058
CAN,1982,0.837,-0.16300000000000003,27.103
CAN,1983,0.846,-0.15400000000000003,27.205
CAN,1984,0.87,-0.13,27.336
CAN,1985,0.87,-0.13,27.433
CAN,1986,0.87,-0.13,27.529
CAN,1987,0.87,-0.13,27.623
CAN,1988,0.879,-0.121,27.688
CAN,1989,0.879,-0.121,27.719
CAN,1990,0.879,-0.121,27.775
CAN,1991,0.879,-0.121,27.815
CAN,1992,0.88,-0.12,27.918
CAN,1993,0.889,-0.11099999999999999,27.997
CAN,1994,0.893,-0.10699999999999998,28.069
CAN,1995,0.893,-0.10699999999999998,28.174
CAN,1996,0.893,-0.10699999999999998,28.34
CAN,1997,0.896,-0.10399999999999998,28.473
CAN,1998,0.897,-0.10299999999999998,28.536
CAN,1999,0.897,-0.10299999999999998,28.663
CAN,2000,0.897,-0.10299999999999998,28.819
CAN,2001,0.897,-0.10299999999999998,29.015
CAN,2002,0.897,-0.10299999999999998,29.151
CAN,2003,0.897,-0.10299999999999998,29.314
CAN,2004,0.898,-0.10199999999999998,29.449
CAN,2005,0.898,-0.10199999999999998,29.568
CAN,2006,0.903,-0.09699999999999998,29.66
CAN,2007,0.899,-0.10099999999999998,29.717
CAN,2008,0.899,-0.10099999999999998,29.78
CAN,2009,0.901,-0.09899999999999998,29.871
CAN,2010,0.904,-0.09599999999999997,30.022
CAN,2011,0.906,-0.09399999999999997,30.157
CAN,2012,0.903,-0.09699999999999998,30.263
CAN,2013,0.896,-0.10399999999999998,30.363
CAN,2014,0.897,-0.10299999999999998,30.459
CAN,2015,0.902,-0.09799999999999998,30.591
CAN,2016,0.903,-0.09699999999999998,30.714
CAN,2017,0.895,-0.10499999999999998,30.853
CAN,2018,0.892,-0.10799999999999998,31.021
CAN,2019,0.899,-0.10099999999999998,31.159
CAN,2020,0.879,-0.121,31.258
CAN,2021,0.9,-0.09999999999999998,31.407
CAN,2022,0.858,-0.14200000000000002,31.412
CAN,2023,0.867,-0.133,31.413
CPV,1950,0.166,-0.834,29.653
CPV,1951,0.166,-0.834,29.653
CPV,1952,0.166,-0.834,29.653
CPV,1953,0.166,-0.834,29.653
CPV,1954,0.166,-0.834,29.653
CPV,1955,0.166,-0.834,29.653
CPV,1956,0.166,-0.834,29.653
CPV,1957,0.166,-0.834,29.653
CPV,1958,0.166,-0.834,29.653
CPV,1959,0.166,-0.834,29.654
CPV,1960,0.166,-0.834,29.654
CPV,1961,0.166,-0.834,29.654
CPV,1962,0.166,-0.834,29.654
CPV,1963,0.166,-0.834,29.654
CPV,1964,0.166,-0.834,29.654
CPV,1965,0.166,-0.834,29.654
CPV,1966,0.166,-0.834,29.654
CPV,1967,0.166,-0.834,29.654
CPV,1968,0.166,-0.834,29.654
CPV,1969,0.166,-0.834,29.654
CPV,1970,0.166,-0.834,29.654
CPV,1971,0.166,-0.834,29.654
CPV,1972,0.166,-0.834,29.654
CPV,1973,0.166,-0.834,29.654
CPV,1974,0.166,-0.834,29.653
CPV,1975,0.374,-0.626,29.653
CPV,1976,0.503,-0.497,29.653
CPV,1977,0.503,-0.497,29.653
CPV,1978,0.503,-0.497,29.653
CPV,1979,0.503,-0.497,29.652
CPV,1980,0.503,-0.497,29.652
CPV,1981,0.583,-0.41700000000000004,29.652
CPV,1982,0.583,-0.41700000000000004,29.651
CPV,1983,0.583,-0.41700000000000004,29.651
CPV,1984,0.615,-0.385,29.651
CPV,1985,0.611,-0.389,29.651
CPV,1986,0.61,-0.39,29.5
CPV,1987,0.611,-0.389,29.335
CPV,1988,0.636,-0.364,29.176
CPV,1989,0.636,-0.364,29.097
CPV,1990,0.66,-0.33999999999999997,28.99
CPV,1991,0.632,-0.368,28.848
CPV,1992,0.645,-0.355,28.69
CPV,1993,0.68,-0.31999999999999995,28.528
CPV,1994,0.68,-0.31999999999999995,28.501
CPV,1995,0.717,-0.28300000000000003,28.492
CPV,1996,0.717,-0.28300000000000003,28.426
CPV,1997,0.717,-0.28300000000000003,28.311
CPV,1998,0.717,-0.28300000000000003,28.225
CPV,1999,0.717,-0.28300000000000003,28.15
CPV,2000,0.72,-0.28,28.063
CPV,2001,0.729,-0.271,27.953
CPV,2002,0.757,-0.243,27.861
CPV,2003,0.757,-0.243,27.754
CPV,2004,0.757,-0.243,27.701
CPV,2005,0.759,-0.241,27.614
CPV,2006,0.778,-0.22199999999999998,27.55
CPV,2007,0.789,-0.21099999999999997,27.501
CPV,2008,0.797,-0.20299999999999996,27.411
CPV,2009,0.797,-0.20299999999999996,27.474
CPV,2010,0.793,-0.20699999999999996,27.493
CPV,2011,0.802,-0.19799999999999995,27.621
CPV,2012,0.802,-0.19799999999999995,27.78
CPV,2013,0.805,-0.19499999999999995,27.872
CPV,2014,0.805,-0.19499999999999995,27.937
CPV,2015,0.806,-0.19399999999999995,27.991
CPV,2016,0.804,-0.19599999999999995,27.991
CPV,2017,0.795,-0.20499999999999996,28.041
CPV,2018,0.802,-0.19799999999999995,28.153
CPV,2019,0.809,-0.19099999999999995,28.344
CPV,2020,0.808,-0.19199999999999995,28.546
CPV,2021,0.826,-0.17400000000000004,28.591
CPV,2022,0.826,-0.17400000000000004,28.641
CPV,2023,0.841,-0.15900000000000003,28.637
CAF,1950,0.092,-0.908,27.716
CAF,1951,0.094,-0.906,27.728
CAF,1952,0.094,-0.906,27.739
CAF,1953,0.097,-0.903,27.749
CAF,1954,0.097,-0.903,27.759
CAF,1955,0.097,-0.903,27.769
CAF,1956,0.097,-0.903,27.778
CAF,1957,0.122,-0.878,27.786
CAF,1958,0.141,-0.859,27.794
CAF,1959,0.15,-0.85,27.803
CAF,1960,0.217,-0.783,27.833
CAF,1961,0.24,-0.76,27.864
CAF,1962,0.248,-0.752,27.895
CAF,1963,0.292,-0.708,27.926
CAF,1966,0.319,-0.681,28.023
CAF,1967,0.319,-0.681,28.051
CAF,1968,0.319,-0.681,28.094
CAF,1969,0.319,-0.681,28.137
CAF,1970,0.319,-0.681,28.223
CAF,1971,0.319,-0.681,28.309
CAF,1972,0.319,-0.681,28.393
CAF,1973,0.334,-0.6659999999999999,28.478
CAF,1974,0.334,-0.6659999999999999,28.563
CAF,1975,0.334,-0.6659999999999999,28.647
CAF,1976,0.334,-0.6659999999999999,28.725
CAF,1977,0.334,-0.6659999999999999,28.802
CAF,1978,0.334,-0.6659999999999999,28.834
CAF,1979,0.335,-0.665,28.861
CAF,1980,0.412,-0.5880000000000001,28.886
CAF,1981,0.415,-0.585,28.911
CAF,1982,0.404,-0.596,28.918
CAF,1983,0.404,-0.596,28.891
CAF,1984,0.404,-0.596,28.861
CAF,1985,0.404,-0.596,28.828
CAF,1986,0.404,-0.596,28.794
CAF,1987,0.429,-0.571,28.759
CAF,1988,0.453,-0.5469999999999999,28.756
CAF,1989,0.453,-0.5469999999999999,28.75
CAF,1990,0.455,-0.5449999999999999,28.744
CAF,1991,0.461,-0.5389999999999999,28.809
CAF,1992,0.459,-0.5409999999999999,28.781
CAF,1993,0.505,-0.495,28.803
CAF,1994,0.503,-0.497,28.946
CAF,1995,0.503,-0.497,29.067
CAF,1996,0.503,-0.497,29.187
CAF,1997,0.503,-0.497,29.308
CAF,1998,0.52,-0.48,29.333
CAF,1999,0.521,-0.479,29.358
CAF,2000,0.565,-0.43500000000000005,29.383
CAF,2001,0.565,-0.43500000000000005,29.409
CAF,2002,0.565,-0.43500000000000005,29.434
CAF,2003,0.514,-0.486,29.438
CAF,2004,0.514,-0.486,29.405
CAF,2005,0.572,-0.42800000000000005,29.37
CAF,2006,0.572,-0.42800000000000005,29.335
CAF,2007,0.572,-0.42800000000000005,29.29
CAF,2008,0.574,-0.42600000000000005,29.222
CAF,2009,0.571,-0.42900000000000005,29.154
CAF,2010,0.571,-0.42900000000000005,29.066
CAF,2011,0.584,-0.41600000000000004,29.064
CAF,2012,0.576,-0.42400000000000004,29.06
CAF,2013,0.521,-0.479,29.048
CAF,2014,0.565,-0.43500000000000005,29.035
CAF,2015,0.614,-0.386,29.022
CAF,2016,0.614,-0.386,28.994
CAF,2017,0.566,-0.43400000000000005,28.965
CAF,2018,0.598,-0.402,28.946
CAF,2019,0.581,-0.41900000000000004,28.958
CAF,2020,0.563,-0.43700000000000006,28.958
CAF,2021,0.626,-0.374,28.967
CAF,2022,0.611,-0.389,28.962
CAF,2023,0.589,-0.41100000000000003,28.968
TCD,1950,0.19,-0.81,27.606
TCD,1951,0.19,-0.81,27.621
TCD,1952,0.19,-0.81,27.636
TCD,1953,0.19,-0.81,27.649
TCD,1954,0.19,-0.81,27.661
TCD,1955,0.19,-0.81,27.673
TCD,1956,0.19,-0.81,27.683
TCD,1957,0.19,-0.81,27.692
TCD,1958,0.193,-0.8069999999999999,27.699
TCD,1959,0.193,-0.8069999999999999,27.704
TCD,1960,0.303,-0.6970000000000001,27.709
TCD,1961,0.303,-0.6970000000000001,27.714
TCD,1962,0.308,-0.692,27.718
TCD,1963,0.308,-0.692,27.72
TCD,1964,0.308,-0.692,27.735
TCD,1965,0.308,-0.692,27.753
TCD,1966,0.308,-0.692,27.773
TCD,1967,0.308,-0.692,27.792
TCD,1968,0.308,-0.692,27.808
TCD,1969,0.308,-0.692,27.775
TCD,1970,0.308,-0.692,27.76
TCD,1971,0.308,-0.692,27.747
TCD,1972,0.308,-0.692,27.795
TCD,1973,0.303,-0.6970000000000001,27.833
TCD,1974,0.303,-0.6970000000000001,27.87
TCD,1975,0.299,-0.7010000000000001,27.927
TCD,1976,0.286,-0.714,27.981
TCD,1977,0.286,-0.714,27.984
TCD,1978,0.286,-0.714,28.0
TCD,1979,0.286,-0.714,28.015
TCD,1980,0.26,-0.74,28.01
TCD,1981,0.26,-0.74,28.007
TCD,1982,0.248,-0.752,28.004
TCD,1983,0.27,-0.73,27.99
TCD,1984,0.27,-0.73,28.016
TCD,1985,0.27,-0.73,28.055
TCD,1986,0.27,-0.73,28.094
TCD,1987,0.27,-0.73,28.043
TCD,1988,0.27,-0.73,28.0
TCD,1989,0.272,-0.728,28.024
TCD,1990,0.303,-0.6970000000000001,28.12
TCD,1991,0.415,-0.585,28.214
TCD,1992,0.419,-0.581,28.285
TCD,1993,0.421,-0.579,28.296
TCD,1994,0.524,-0.476,28.305
TCD,1995,0.524,-0.476,28.273
TCD,1996,0.524,-0.476,28.378
TCD,1997,0.435,-0.565,28.482
TCD,1998,0.435,-0.565,28.43
TCD,1999,0.435,-0.565,28.482
TCD,2000,0.449,-0.5509999999999999,28.528
TCD,2001,0.449,-0.5509999999999999,28.5
TCD,2002,0.471,-0.529,28.683
TCD,2003,0.471,-0.529,28.686
TCD,2004,0.471,-0.529,28.64
TCD,2005,0.471,-0.529,28.7
TCD,2006,0.468,-0.532,28.768
TCD,2007,0.474,-0.526,28.769
TCD,2008,0.474,-0.526,28.788
TCD,2009,0.469,-0.531,28.805
TCD,2010,0.465,-0.5349999999999999,28.771
TCD,2011,0.526,-0.474,28.793
TCD,2012,0.526,-0.474,28.806
TCD,2013,0.554,-0.44599999999999995,28.876
TCD,2014,0.552,-0.44799999999999995,28.96
TCD,2015,0.55,-0.44999999999999996,29.054
TCD,2016,0.549,-0.45099999999999996,29.112
TCD,2017,0.518,-0.482,29.176
TCD,2018,0.523,-0.477,29.209
TCD,2019,0.553,-0.44699999999999995,29.221
TCD,2020,0.569,-0.43100000000000005,29.233
TCD,2021,0.473,-0.527,29.234
TCD,2022,0.583,-0.41700000000000004,29.244
TCD,2023,0.581,-0.41900000000000004,29.239
CHL,1950,0.298,-0.702,29.568
CHL,1951,0.301,-0.6990000000000001,29.537
CHL,1952,0.295,-0.7050000000000001,29.518
CHL,1953,0.297,-0.7030000000000001,29.535
CHL,1954,0.297,-0.7030000000000001,29.456
CHL,1955,0.297,-0.7030000000000001,29.408
CHL,1956,0.297,-0.7030000000000001,29.368
CHL,1957,0.3,-0.7,29.33
CHL,1958,0.324,-0.6759999999999999,29.316
CHL,1959,0.343,-0.657,29.268
CHL,1960,0.355,-0.645,29.225
CHL,1961,0.368,-0.632,29.22
CHL,1962,0.368,-0.632,29.085
CHL,1963,0.368,-0.632,28.956
CHL,1964,0.397,-0.603,28.859
CHL,1965,0.426,-0.5740000000000001,28.769
CHL,1966,0.426,-0.5740000000000001,28.644
CHL,1967,0.429,-0.571,28.496
CHL,1968,0.429,-0.571,28.357
CHL,1969,0.422,-0.5780000000000001,28.221
CHL,1970,0.429,-0.571,28.066
CHL,1971,0.429,-0.571,27.951
CHL,1972,0.392,-0.608,27.82
CHL,1973,0.261,-0.739,27.73
CHL,1974,0.181,-0.819,27.725
CHL,1975,0.181,-0.819,27.679
CHL,1976,0.181,-0.819,27.606
CHL,1977,0.181,-0.819,27.497
CHL,1978,0.181,-0.819,27.402
CHL,1979,0.181,-0.819,27.392
CHL,1980,0.194,-0.806,27.266
CHL,1981,0.205,-0.795,27.22
CHL,1982,0.205,-0.795,27.228
CHL,1983,0.205,-0.795,27.213
CHL,1984,0.205,-0.795,27.175
CHL,1985,0.205,-0.795,27.186
CHL,1986,0.211,-0.789,27.161
CHL,1987,0.211,-0.789,27.158
CHL,1988,0.211,-0.789,27.173
CHL,1989,0.262,-0.738,27.172
CHL,1990,0.571,-0.42900000000000005,27.216
CHL,1991,0.624,-0.376,27.309
CHL,1992,0.624,-0.376,27.428
CHL,1993,0.632,-0.368,27.458
CHL,1994,0.637,-0.363,27.435
CHL,1995,0.637,-0.363,27.422
CHL,1996,0.64,-0.36,27.433
CHL,1997,0.658,-0.34199999999999997,27.433
CHL,1998,0.658,-0.34199999999999997,27.452
CHL,1999,0.658,-0.34199999999999997,27.538
CHL,2000,0.813,-0.18700000000000006,27.616
CHL,2001,0.82,-0.18000000000000005,27.705
CHL,2002,0.832,-0.16800000000000004,27.799
CHL,2003,0.832,-0.16800000000000004,27.937
CHL,2004,0.832,-0.16800000000000004,27.967
CHL,2005,0.842,-0.15800000000000003,27.925
CHL,2006,0.842,-0.15800000000000003,27.864
CHL,2007,0.842,-0.15800000000000003,27.82
CHL,2008,0.842,-0.15800000000000003,27.777
CHL,2009,0.839,-0.16100000000000003,27.812
CHL,2010,0.839,-0.16100000000000003,27.907
CHL,2011,0.841,-0.15900000000000003,27.987
CHL,2012,0.841,-0.15900000000000003,28.037
CHL,2013,0.846,-0.15400000000000003,28.198
CHL,2014,0.858,-0.14200000000000002,28.386
CHL,2015,0.847,-0.15300000000000002,28.622
CHL,2016,0.831,-0.16900000000000004,28.961
CHL,2017,0.851,-0.14900000000000002,29.197
CHL,2018,0.847,-0.15300000000000002,29.379
CHL,2019,0.854,-0.14600000000000002,29.669
CHL,2020,0.867,-0.133,29.992
CHL,2021,0.855,-0.14500000000000002,31.011
CHL,2022,0.9,-0.09999999999999998,31.093
CHL,2023,0.905,-0.09499999999999997,31.193
CHN,1950,0.395,-0.605,29.943
CHN,1951,0.395,-0.605,29.923
CHN,1952,0.395,-0.605,29.903
CHN,1953,0.395,-0.605,29.886
CHN,1954,0.464,-0.536,29.87
CHN,1955,0.464,-0.536,29.86
CHN,1956,0.462,-0.538,29.856
CHN,1957,0.44,-0.56,29.864
CHN,1958,0.437,-0.563,29.869
CHN,1959,0.438,-0.562,29.879
CHN,1960,0.438,-0.562,29.899
CHN,1961,0.438,-0.562,29.942
CHN,1962,0.438,-0.562,30.0
CHN,1963,0.438,-0.562,30.104
CHN,1964,0.463,-0.5369999999999999,30.202
CHN,1965,0.461,-0.5389999999999999,30.311
CHN,1966,0.459,-0.5409999999999999,30.309
CHN,1967,0.459,-0.5409999999999999,30.191
CHN,1968,0.459,-0.5409999999999999,30.316
CHN,1969,0.459,-0.5409999999999999,30.249
CHN,1970,0.459,-0.5409999999999999,30.211
CHN,1971,0.459,-0.5409999999999999,30.034
CHN,1972,0.459,-0.5409999999999999,29.886
CHN,1973,0.459,-0.5409999999999999,29.726
CHN,1974,0.459,-0.5409999999999999,29.51
CHN,1975,0.475,-0.525,29.23
CHN,1976,0.475,-0.525,28.976
CHN,1977,0.48,-0.52,28.694
CHN,1978,0.495,-0.505,28.428
CHN,1979,0.538,-0.46199999999999997,28.182
CHN,1980,0.565,-0.43500000000000005,27.853
CHN,1981,0.578,-0.42200000000000004,27.53
CHN,1982,0.578,-0.42200000000000004,27.276
CHN,1983,0.578,-0.42200000000000004,26.832
CHN,1984,0.578,-0.42200000000000004,26.652
CHN,1985,0.578,-0.42200000000000004,26.512
CHN,1986,0.568,-0.43200000000000005,26.461
CHN,1987,0.568,-0.43200000000000005,26.404
CHN,1988,0.568,-0.43200000000000005,26.247
CHN,1989,0.568,-0.43200000000000005,26.148
CHN,1990,0.56,-0.43999999999999995,26.075
CHN,1991,0.56,-0.43999999999999995,25.43
CHN,1992,0.558,-0.44199999999999995,25.471
CHN,1993,0.563,-0.43700000000000006,25.63
CHN,1994,0.568,-0.43200000000000005,25.844
CHN,1995,0.568,-0.43200000000000005,25.75
CHN,1996,0.573,-0.42700000000000005,25.808
CHN,1997,0.57,-0.43000000000000005,26.005
CHN,1998,0.577,-0.42300000000000004,26.115
CHN,1999,0.579,-0.42100000000000004,26.219
CHN,2000,0.589,-0.41100000000000003,26.312
CHN,2001,0.589,-0.41100000000000003,26.543
CHN,2002,0.595,-0.405,26.617
CHN,2003,0.594,-0.406,26.611
CHN,2004,0.588,-0.41200000000000003,26.688
CHN,2005,0.631,-0.369,26.742
CHN,2006,0.625,-0.375,26.848
CHN,2007,0.624,-0.376,27.029
CHN,2008,0.633,-0.367,27.16
CHN,2009,0.63,-0.37,27.305
CHN,2010,0.633,-0.367,27.446
CHN,2011,0.628,-0.372,27.557
CHN,2012,0.637,-0.363,27.636
CHN,2013,0.629,-0.371,27.789
CHN,2014,0.623,-0.377,27.896
CHN,2015,0.626,-0.374,28.081
CHN,2016,0.632,-0.368,28.18
CHN,2017,0.626,-0.374,28.286
CHN,2018,0.624,-0.376,28.485
CHN,2019,0.61,-0.39,28.563
CHN,2020,0.615,-0.385,28.87
CHN,2021,0.602,-0.398,28.944
CHN,2022,0.581,-0.41900000000000004,29.031
CHN,2023,0.58,-0.42000000000000004,29.018
COL,1950,0.317,-0.683,29.29
COL,1951,0.317,-0.683,29.289
COL,1952,0.322,-0.6779999999999999,29.287
COL,1953,0.325,-0.675,29.285
COL,1954,0.363,-0.637,29.283
COL,1955,0.363,-0.637,29.282
COL,1956,0.363,-0.637,29.28
COL,1957,0.363,-0.637,29.279
COL,1958,0.424,-0.5760000000000001,29.277
COL,1959,0.488,-0.512,29.281
COL,1960,0.421,-0.579,29.293
COL,1961,0.449,-0.5509999999999999,29.306
COL,1962,0.46,-0.54,29.318
COL,1963,0.46,-0.54,29.327
COL,1964,0.463,-0.5369999999999999,29.335
COL,1965,0.463,-0.5369999999999999,29.337
COL,1966,0.456,-0.544,29.334
COL,1967,0.456,-0.544,29.287
COL,1968,0.457,-0.5429999999999999,29.268
COL,1969,0.457,-0.5429999999999999,29.22
COL,1970,0.455,-0.5449999999999999,29.153
COL,1971,0.455,-0.5449999999999999,29.088
COL,1972,0.455,-0.5449999999999999,29.011
COL,1973,0.455,-0.5449999999999999,28.924
COL,1974,0.466,-0.534,28.859
COL,1975,0.466,-0.534,28.751
COL,1976,0.466,-0.534,28.609
COL,1977,0.466,-0.534,28.468
COL,1978,0.459,-0.5409999999999999,28.323
COL,1979,0.459,-0.5409999999999999,28.216
COL,1980,0.478,-0.522,28.112
COL,1981,0.478,-0.522,28.031
COL,1982,0.455,-0.5449999999999999,27.941
COL,1983,0.455,-0.5449999999999999,27.909
COL,1984,0.46,-0.54,27.81
COL,1985,0.461,-0.5389999999999999,27.677
COL,1986,0.461,-0.5389999999999999,27.563
COL,1987,0.461,-0.5389999999999999,27.449
COL,1988,0.444,-0.556,27.312
COL,1989,0.444,-0.556,27.175
COL,1990,0.526,-0.474,27.052
COL,1991,0.721,-0.279,26.966
COL,1992,0.736,-0.264,26.937
COL,1993,0.736,-0.264,26.891
COL,1994,0.74,-0.26,26.873
COL,1995,0.74,-0.26,26.806
COL,1996,0.74,-0.26,26.682
COL,1997,0.74,-0.26,26.676
COL,1998,0.745,-0.255,26.65
COL,1999,0.745,-0.255,26.517
COL,2000,0.737,-0.263,26.465
COL,2001,0.737,-0.263,26.422
COL,2002,0.731,-0.269,26.38
COL,2003,0.731,-0.269,26.344
COL,2004,0.731,-0.269,26.297
COL,2005,0.731,-0.269,26.251
COL,2006,0.708,-0.29200000000000004,26.152
COL,2007,0.724,-0.276,26.081
COL,2008,0.724,-0.276,26.067
COL,2009,0.724,-0.276,26.096
COL,2010,0.768,-0.23199999999999998,26.055
COL,2011,0.774,-0.22599999999999998,26.051
COL,2012,0.774,-0.22599999999999998,26.022
COL,2013,0.762,-0.238,26.043
COL,2014,0.786,-0.21399999999999997,26.136
COL,2015,0.793,-0.20699999999999996,26.244
COL,2016,0.774,-0.22599999999999998,26.266
COL,2017,0.774,-0.22599999999999998,26.318
COL,2018,0.763,-0.237,26.355
COL,2019,0.765,-0.235,26.371
COL,2020,0.771,-0.22899999999999998,26.386
COL,2021,0.753,-0.247,26.449
COL,2022,0.783,-0.21699999999999997,26.556
COL,2023,0.805,-0.19499999999999995,26.554
COM,1950,0.171,-0.829,28.658
COM,1951,0.171,-0.829,28.674
COM,1952,0.171,-0.829,28.692
COM,1953,0.171,-0.829,28.71
COM,1954,0.171,-0.829,28.726
COM,1955,0.171,-0.829,28.743
COM,1956,0.172,-0.8280000000000001,28.758
COM,1957,0.172,-0.8280000000000001,28.773
COM,1958,0.172,-0.8280000000000001,28.787
COM,1959,0.172,-0.8280000000000001,28.801
COM,1960,0.172,-0.8280000000000001,28.815
COM,1961,0.172,-0.8280000000000001,28.826
COM,1962,0.172,-0.8280000000000001,28.839
COM,1963,0.172,-0.8280000000000001,28.851
COM,1964,0.172,-0.8280000000000001,28.869
COM,1965,0.177,-0.823,28.891
COM,1966,0.177,-0.823,28.914
COM,1967,0.177,-0.823,28.944
COM,1968,0.177,-0.823,28.961
COM,1969,0.177,-0.823,29.003
COM,1970,0.177,-0.823,29.045
COM,1971,0.177,-0.823,29.14
COM,1972,0.177,-0.823,29.232
COM,1973,0.186,-0.8140000000000001,29.326
COM,1974,0.186,-0.8140000000000001,29.352
COM,1975,0.365,-0.635,29.38
COM,1976,0.5,-0.5,29.406
COM,1977,0.5,-0.5,29.461
COM,1978,0.5,-0.5,29.513
COM,1979,0.345,-0.655,29.572
COM,1980,0.351,-0.649,29.666
COM,1981,0.351,-0.649,29.787
COM,1982,0.351,-0.649,29.903
COM,1983,0.351,-0.649,30.041
COM,1984,0.351,-0.649,30.114
COM,1985,0.351,-0.649,30.211
COM,1986,0.365,-0.635,30.29
COM,1987,0.365,-0.635,30.359
COM,1988,0.365,-0.635,30.435
COM,1989,0.373,-0.627,30.455
COM,1990,0.436,-0.5640000000000001,30.463
COM,1991,0.429,-0.571,30.448
COM,1992,0.448,-0.552,30.376
COM,1993,0.455,-0.5449999999999999,30.3
COM,1994,0.448,-0.552,30.255
COM,1995,0.448,-0.552,30.123
COM,1996,0.448,-0.552,30.044
COM,1997,0.448,-0.552,30.042
COM,1998,0.448,-0.552,30.038
COM,1999,0.438,-0.562,30.029
COM,2000,0.448,-0.552,30.059
COM,2001,0.448,-0.552,30.085
COM,2002,0.448,-0.552,30.109
COM,2003,0.453,-0.5469999999999999,30.133
COM,2004,0.453,-0.5469999999999999,30.133
COM,2005,0.472,-0.528,30.133
COM,2006,0.467,-0.5329999999999999,30.161
COM,2007,0.467,-0.5329999999999999,30.195
COM,2008,0.483,-0.517,30.225
COM,2009,0.47,-0.53,30.224
COM,2010,0.49,-0.51,30.228
COM,2011,0.49,-0.51,30.22
COM,2012,0.49,-0.51,30.241
COM,2013,0.489,-0.511,30.253
COM,2014,0.489,-0.511,30.273
COM,2015,0.489,-0.511,30.285
COM,2016,0.509,-0.491,30.308
COM,2017,0.499,-0.501,30.321
COM,2018,0.502,-0.498,30.311
COM,2019,0.501,-0.499,30.3
COM,2020,0.555,-0.44499999999999995,30.277
COM,2021,0.563,-0.43700000000000006,30.262
COM,2022,0.533,-0.46699999999999997,30.235
COM,2023,0.53,-0.47,30.217
COG,1950,0.144,-0.856,28.839
COG,1951,0.144,-0.856,28.842
COG,1952,0.144,-0.856,28.843
COG,1953,0.144,-0.856,28.844
COG,1954,0.144,-0.856,28.844
COG,1955,0.144,-0.856,28.844
COG,1956,0.144,-0.856,28.843
COG,1957,0.144,-0.856,28.843
COG,1958,0.144,-0.856,28.842
COG,1959,0.144,-0.856,28.839
COG,1960,0.271,-0.729,28.836
COG,1961,0.271,-0.729,28.852
COG,1962,0.271,-0.729,28.867
COG,1963,0.3,-0.7,28.885
COG,1964,0.263,-0.737,28.902
COG,1965,0.263,-0.737,28.92
COG,1966,0.263,-0.737,28.937
COG,1967,0.263,-0.737,28.951
COG,1968,0.225,-0.775,28.965
COG,1969,0.203,-0.7969999999999999,28.977
COG,1970,0.203,-0.7969999999999999,28.988
COG,1971,0.203,-0.7969999999999999,29.0
COG,1972,0.203,-0.7969999999999999,29.02
COG,1973,0.204,-0.796,29.032
COG,1974,0.242,-0.758,29.049
COG,1975,0.242,-0.758,29.055
COG,1976,0.242,-0.758,29.059
COG,1977,0.205,-0.795,29.058
COG,1978,0.205,-0.795,29.102
COG,1979,0.205,-0.795,29.129
COG,1980,0.251,-0.749,29.145
COG,1981,0.247,-0.753,29.113
COG,1982,0.247,-0.753,29.077
COG,1983,0.247,-0.753,29.044
COG,1984,0.263,-0.737,29.036
COG,1985,0.263,-0.737,29.093
COG,1986,0.263,-0.737,29.14
COG,1987,0.263,-0.737,29.178
COG,1988,0.268,-0.732,29.17
COG,1989,0.296,-0.704,29.144
COG,1990,0.299,-0.7010000000000001,29.132
COG,1991,0.348,-0.652,29.121
COG,1992,0.318,-0.6819999999999999,29.113
COG,1993,0.318,-0.6819999999999999,29.085
COG,1994,0.318,-0.6819999999999999,29.111
COG,1995,0.318,-0.6819999999999999,29.152
COG,1996,0.318,-0.6819999999999999,29.141
COG,1997,0.272,-0.728,29.139
COG,1998,0.265,-0.735,29.031
COG,1999,0.321,-0.679,28.964
COG,2000,0.321,-0.679,28.879
COG,2001,0.321,-0.679,28.804
COG,2002,0.308,-0.692,28.829
COG,2003,0.289,-0.7110000000000001,28.762
COG,2004,0.289,-0.7110000000000001,28.738
COG,2005,0.289,-0.7110000000000001,28.698
COG,2006,0.289,-0.7110000000000001,28.67
COG,2007,0.282,-0.718,28.641
COG,2008,0.282,-0.718,28.609
COG,2009,0.282,-0.718,28.593
COG,2010,0.283,-0.7170000000000001,28.636
COG,2011,0.283,-0.7170000000000001,28.676
COG,2012,0.304,-0.696,28.716
COG,2013,0.345,-0.655,28.729
COG,2014,0.345,-0.655,28.717
COG,2015,0.348,-0.652,28.707
COG,2016,0.348,-0.652,28.697
COG,2017,0.378,-0.622,28.685
COG,2018,0.423,-0.577,28.673
COG,2019,0.41,-0.5900000000000001,28.645
COG,2020,0.4,-0.6,28.627
COG,2021,0.396,-0.604,28.607
COG,2022,0.435,-0.565,28.585
COG,2023,0.453,-0.5469999999999999,28.562
CRI,1950,0.591,-0.40900000000000003,29.255
CRI,1951,0.591,-0.40900000000000003,29.254
CRI,1952,0.589,-0.41100000000000003,29.252
CRI,1953,0.65,-0.35,29.251
CRI,1954,0.65,-0.35,29.249
CRI,1955,0.65,-0.35,29.247
CRI,1956,0.65,-0.35,29.245
CRI,1957,0.65,-0.35,29.243
CRI,1958,0.635,-0.365,29.241
CRI,1959,0.635,-0.365,29.239
CRI,1960,0.635,-0.365,29.236
CRI,1961,0.635,-0.365,29.233
CRI,1962,0.618,-0.382,29.23
CRI,1963,0.618,-0.382,29.224
CRI,1964,0.618,-0.382,29.208
CRI,1965,0.618,-0.382,29.17
CRI,1966,0.641,-0.359,29.103
CRI,1967,0.641,-0.359,29.0
CRI,1968,0.641,-0.359,28.81
CRI,1969,0.641,-0.359,28.674
CRI,1970,0.685,-0.31499999999999995,28.504
CRI,1971,0.685,-0.31499999999999995,28.352
CRI,1972,0.685,-0.31499999999999995,28.2
CRI,1973,0.685,-0.31499999999999995,28.072
CRI,1974,0.674,-0.32599999999999996,27.978
CRI,1975,0.684,-0.31599999999999995,27.886
CRI,1976,0.684,-0.31599999999999995,27.819
CRI,1977,0.684,-0.31599999999999995,27.766
CRI,1978,0.695,-0.30500000000000005,27.716
CRI,1979,0.714,-0.28600000000000003,27.689
CRI,1980,0.735,-0.265,27.636
CRI,1981,0.735,-0.265,27.627
CRI,1982,0.735,-0.265,27.621
CRI,1983,0.735,-0.265,27.568
CRI,1984,0.735,-0.265,27.535
CRI,1985,0.735,-0.265,27.502
CRI,1986,0.776,-0.22399999999999998,27.437
CRI,1987,0.818,-0.18200000000000005,27.354
CRI,1988,0.828,-0.17200000000000004,27.29
CRI,1989,0.841,-0.15900000000000003,27.243
CRI,1990,0.891,-0.10899999999999999,27.183
CRI,1991,0.905,-0.09499999999999997,27.114
CRI,1992,0.905,-0.09499999999999997,27.042
CRI,1993,0.905,-0.09499999999999997,26.959
CRI,1994,0.91,-0.08999999999999997,26.89
CRI,1995,0.91,-0.08999999999999997,26.84
CRI,1996,0.91,-0.08999999999999997,26.777
CRI,1997,0.914,-0.08599999999999997,26.724
CRI,1998,0.926,-0.07399999999999995,26.628
CRI,1999,0.926,-0.07399999999999995,26.539
CRI,2000,0.938,-0.062000000000000055,26.48
CRI,2001,0.938,-0.062000000000000055,26.524
CRI,2002,0.945,-0.05500000000000005,26.535
CRI,2003,0.945,-0.05500000000000005,26.507
CRI,2004,0.945,-0.05500000000000005,26.497
CRI,2005,0.94,-0.06000000000000005,26.495
CRI,2006,0.941,-0.05900000000000005,26.41
CRI,2007,0.943,-0.05700000000000005,26.324
CRI,2008,0.943,-0.05700000000000005,26.3
CRI,2009,0.943,-0.05700000000000005,26.371
CRI,2010,0.937,-0.06299999999999994,26.434
CRI,2011,0.938,-0.062000000000000055,26.493
CRI,2012,0.943,-0.05700000000000005,26.469
CRI,2013,0.936,-0.06399999999999995,26.596
CRI,2014,0.934,-0.06599999999999995,26.722
CRI,2015,0.916,-0.08399999999999996,26.902
CRI,2016,0.916,-0.08399999999999996,26.968
CRI,2017,0.911,-0.08899999999999997,27.092
CRI,2018,0.912,-0.08799999999999997,27.218
CRI,2019,0.914,-0.08599999999999997,27.463
CRI,2020,0.911,-0.08899999999999997,27.82
CRI,2021,0.916,-0.08399999999999996,28.078
CRI,2022,0.92,-0.07999999999999996,28.192
CRI,2023,0.92,-0.07999999999999996,28.201
CIV,1950,0.101,-0.899,29.619
CIV,1951,0.101,-0.899,29.622
CIV,1952,0.101,-0.899,29.624
CIV,1953,0.101,-0.899,29.625
CIV,1954,0.101,-0.899,29.623
CIV,1955,0.089,-0.911,29.62
CIV,1956,0.101,-0.899,29.612
CIV,1957,0.101,-0.899,29.604
CIV,1958,0.101,-0.899,29.596
CIV,1959,0.105,-0.895,29.546
CIV,1960,0.369,-0.631,29.498
CIV,1961,0.376,-0.624,29.453
CIV,1962,0.371,-0.629,29.407
CIV,1963,0.371,-0.629,29.367
CIV,1964,0.371,-0.629,29.362
CIV,1965,0.393,-0.607,29.387
CIV,1966,0.393,-0.607,29.411
CIV,1967,0.393,-0.607,29.402
CIV,1968,0.393,-0.607,29.402
CIV,1969,0.393,-0.607,29.407
CIV,1970,0.39,-0.61,29.439
CIV,1971,0.39,-0.61,29.448
CIV,1972,0.39,-0.61,29.461
CIV,1973,0.39,-0.61,29.361
CIV,1974,0.39,-0.61,29.283
CIV,1975,0.429,-0.571,29.288
CIV,1976,0.429,-0.571,29.255
CIV,1977,0.429,-0.571,29.234
CIV,1978,0.429,-0.571,29.151
CIV,1979,0.429,-0.571,29.175
CIV,1980,0.405,-0.595,29.251
CIV,1981,0.418,-0.5820000000000001,29.33
CIV,1982,0.418,-0.5820000000000001,29.408
CIV,1983,0.418,-0.5820000000000001,29.468
CIV,1984,0.418,-0.5820000000000001,29.472
CIV,1985,0.432,-0.5680000000000001,29.532
CIV,1986,0.432,-0.5680000000000001,29.573
CIV,1987,0.432,-0.5680000000000001,29.545
CIV,1988,0.432,-0.5680000000000001,29.655
CIV,1989,0.432,-0.5680000000000001,29.646
CIV,1990,0.493,-0.507,29.541
CIV,1991,0.506,-0.494,29.517
CIV,1992,0.506,-0.494,29.448
CIV,1993,0.506,-0.494,29.486
CIV,1994,0.541,-0.45899999999999996,29.546
CIV,1995,0.562,-0.43799999999999994,29.476
CIV,1996,0.564,-0.43600000000000005,29.443
CIV,1997,0.565,-0.43500000000000005,29.385
CIV,1998,0.574,-0.42600000000000005,29.328
CIV,1999,0.556,-0.44399999999999995,29.339
CIV,2000,0.592,-0.40800000000000003,29.222
CIV,2001,0.595,-0.405,29.115
CIV,2002,0.64,-0.36,29.074
CIV,2003,0.642,-0.358,29.048
CIV,2004,0.642,-0.358,29.08
CIV,2005,0.642,-0.358,29.082
CIV,2006,0.657,-0.34299999999999997,29.06
CIV,2007,0.659,-0.34099999999999997,29.065
CIV,2008,0.657,-0.34299999999999997,29.083
CIV,2009,0.649,-0.351,29.109
CIV,2010,0.651,-0.349,29.085
CIV,2011,0.648,-0.352,29.156
CIV,2012,0.658,-0.34199999999999997,29.189
CIV,2013,0.675,-0.32499999999999996,29.198
CIV,2014,0.664,-0.33599999999999997,29.161
CIV,2015,0.675,-0.32499999999999996,29.082
CIV,2016,0.684,-0.31599999999999995,29.031
CIV,2017,0.658,-0.34199999999999997,29.058
CIV,2018,0.646,-0.354,29.059
CIV,2019,0.646,-0.354,29.07
CIV,2020,0.62,-0.38,29.084
CIV,2021,0.659,-0.34099999999999997,29.095
CIV,2022,0.704,-0.29600000000000004,29.067
CIV,2023,0.699,-0.30100000000000005,29.028
HRV,1950,0.458,-0.542,28.385
HRV,1951,0.458,-0.542,28.121
HRV,1952,0.478,-0.522,28.001
HRV,1953,0.497,-0.503,27.833
HRV,1954,0.503,-0.497,27.564
HRV,1955,0.509,-0.491,27.427
HRV,1956,0.509,-0.491,27.316
HRV,1957,0.509,-0.491,27.201
HRV,1958,0.516,-0.484,27.117
HRV,1959,0.516,-0.484,27.008
HRV,1960,0.516,-0.484,26.863
HRV,1961,0.516,-0.484,26.73
HRV,1962,0.516,-0.484,26.585
HRV,1963,0.595,-0.405,26.539
HRV,1964,0.595,-0.405,26.463
HRV,1965,0.581,-0.41900000000000004,26.298
HRV,1966,0.581,-0.41900000000000004,26.156
HRV,1967,0.554,-0.44599999999999995,26.114
HRV,1968,0.565,-0.43500000000000005,26.009
HRV,1969,0.591,-0.40900000000000003,25.974
HRV,1970,0.591,-0.40900000000000003,25.936
HRV,1971,0.591,-0.40900000000000003,25.802
HRV,1972,0.591,-0.40900000000000003,25.793
HRV,1973,0.591,-0.40900000000000003,25.79
HRV,1974,0.625,-0.375,25.789
HRV,1975,0.625,-0.375,25.731
HRV,1976,0.625,-0.375,25.713
HRV,1977,0.625,-0.375,25.671
HRV,1978,0.63,-0.37,25.609
HRV,1979,0.63,-0.37,25.538
HRV,1980,0.63,-0.37,25.52
HRV,1981,0.642,-0.358,25.55
HRV,1982,0.667,-0.33299999999999996,25.566
HRV,1983,0.667,-0.33299999999999996,25.6
HRV,1984,0.667,-0.33299999999999996,25.599
HRV,1985,0.667,-0.33299999999999996,25.656
HRV,1986,0.653,-0.347,25.671
HRV,1987,0.652,-0.348,25.716
HRV,1988,0.66,-0.33999999999999997,25.748
HRV,1989,0.66,-0.33999999999999997,25.849
HRV,1990,0.702,-0.29800000000000004,26.053
HRV,1991,0.631,-0.369,26.232
HRV,1992,0.718,-0.28200000000000003,26.508
HRV,1993,0.717,-0.28300000000000003,26.801
HRV,1994,0.716,-0.28400000000000003,26.974
HRV,1995,0.729,-0.271,27.152
HRV,1996,0.741,-0.259,27.378
HRV,1997,0.769,-0.23099999999999998,27.593
HRV,1998,0.768,-0.23199999999999998,27.662
HRV,1999,0.779,-0.22099999999999997,27.732
HRV,2000,0.914,-0.08599999999999997,27.783
HRV,2001,0.914,-0.08599999999999997,27.801
HRV,2002,0.914,-0.08599999999999997,27.855
HRV,2003,0.912,-0.08799999999999997,27.968
HRV,2004,0.912,-0.08799999999999997,28.129
HRV,2005,0.912,-0.08799999999999997,28.307
HRV,2006,0.912,-0.08799999999999997,28.46
HRV,2007,0.914,-0.08599999999999997,28.607
HRV,2008,0.913,-0.08699999999999997,28.728
HRV,2009,0.918,-0.08199999999999996,28.914
HRV,2010,0.916,-0.08399999999999996,29.138
HRV,2011,0.918,-0.08199999999999996,29.293
HRV,2012,0.911,-0.08899999999999997,29.428
HRV,2013,0.905,-0.09499999999999997,29.617
HRV,2014,0.905,-0.09499999999999997,29.776
HRV,2015,0.886,-0.11399999999999999,29.891
HRV,2016,0.893,-0.10699999999999998,30.08
HRV,2017,0.89,-0.10999999999999999,30.245
HRV,2018,0.905,-0.09499999999999997,30.35
HRV,2019,0.889,-0.11099999999999999,30.463
HRV,2020,0.895,-0.10499999999999998,30.573
HRV,2021,0.916,-0.08399999999999996,30.632
HRV,2022,0.914,-0.08599999999999997,30.656
HRV,2023,0.914,-0.08599999999999997,30.66
CUB,1950,0.539,-0.46099999999999997,26.211
CUB,1951,0.539,-0.46099999999999997,26.176
CUB,1952,0.489,-0.511,26.141
CUB,1953,0.499,-0.501,26.131
CUB,1954,0.499,-0.501,26.12
CUB,1955,0.499,-0.501,26.107
CUB,1956,0.499,-0.501,26.094
CUB,1957,0.499,-0.501,26.056
CUB,1958,0.478,-0.522,26.066
CUB,1959,0.507,-0.493,26.102
CUB,1960,0.426,-0.5740000000000001,26.137
CUB,1961,0.426,-0.5740000000000001,26.2
CUB,1962,0.416,-0.5840000000000001,26.264
CUB,1963,0.416,-0.5840000000000001,26.33
CUB,1964,0.416,-0.5840000000000001,26.282
CUB,1965,0.401,-0.599,26.262
CUB,1966,0.401,-0.599,26.185
CUB,1967,0.401,-0.599,26.108
CUB,1968,0.395,-0.605,26.031
CUB,1969,0.414,-0.5860000000000001,25.953
CUB,1970,0.423,-0.577,25.85
CUB,1971,0.423,-0.577,25.748
CUB,1972,0.425,-0.575,25.626
CUB,1973,0.425,-0.575,25.513
CUB,1974,0.425,-0.575,25.395
CUB,1975,0.425,-0.575,25.273
CUB,1976,0.426,-0.5740000000000001,25.197
CUB,1977,0.558,-0.44199999999999995,25.133
CUB,1978,0.558,-0.44199999999999995,24.754
CUB,1979,0.598,-0.402,24.673
CUB,1980,0.616,-0.384,24.517
CUB,1981,0.617,-0.383,24.434
CUB,1982,0.617,-0.383,24.437
CUB,1983,0.617,-0.383,24.536
CUB,1984,0.617,-0.383,24.646
CUB,1985,0.617,-0.383,24.742
CUB,1986,0.635,-0.365,24.838
CUB,1987,0.635,-0.365,24.916
CUB,1988,0.635,-0.365,24.981
CUB,1989,0.635,-0.365,24.96
CUB,1990,0.634,-0.366,25.043
CUB,1991,0.634,-0.366,25.132
CUB,1992,0.634,-0.366,25.115
CUB,1993,0.615,-0.385,25.169
CUB,1994,0.615,-0.385,25.303
CUB,1995,0.615,-0.385,25.406
CUB,1996,0.615,-0.385,25.593
CUB,1997,0.622,-0.378,25.698
CUB,1998,0.632,-0.368,25.853
CUB,1999,0.632,-0.368,25.926
CUB,2000,0.632,-0.368,26.085
CUB,2001,0.647,-0.353,26.182
CUB,2002,0.647,-0.353,26.342
CUB,2003,0.657,-0.34299999999999997,26.415
CUB,2004,0.657,-0.34299999999999997,26.377
CUB,2005,0.658,-0.34199999999999997,26.325
CUB,2006,0.658,-0.34199999999999997,26.296
CUB,2007,0.658,-0.34199999999999997,26.283
CUB,2008,0.662,-0.33799999999999997,26.192
CUB,2009,0.663,-0.33699999999999997,26.166
CUB,2010,0.68,-0.31999999999999995,26.111
CUB,2011,0.68,-0.31999999999999995,26.089
CUB,2012,0.674,-0.32599999999999996,26.164
CUB,2013,0.682,-0.31799999999999995,26.221
CUB,2014,0.682,-0.31799999999999995,26.285
CUB,2015,0.68,-0.31999999999999995,26.293
CUB,2016,0.682,-0.31799999999999995,26.317
CUB,2017,0.684,-0.31599999999999995,26.303
CUB,2018,0.693,-0.30700000000000005,26.264
CUB,2019,0.736,-0.264,26.256
CUB,2020,0.708,-0.29200000000000004,26.25
CUB,2021,0.709,-0.29100000000000004,26.267
CUB,2022,0.71,-0.29000000000000004,26.264
CUB,2023,0.704,-0.29600000000000004,26.216
CYP,1950,0.202,-0.798,30.064
CYP,1951,0.202,-0.798,30.036
CYP,1952,0.202,-0.798,29.817
CYP,1953,0.202,-0.798,29.837
CYP,1954,0.202,-0.798,29.607
CYP,1955,0.195,-0.8049999999999999,29.425
CYP,1956,0.193,-0.8069999999999999,28.898
CYP,1957,0.191,-0.8089999999999999,28.681
CYP,1958,0.191,-0.8089999999999999,28.63
CYP,1959,0.2,-0.8,28.96
CYP,1960,0.363,-0.637,29.056
CYP,1961,0.406,-0.594,29.085
CYP,1962,0.403,-0.597,28.91
CYP,1963,0.421,-0.579,28.743
CYP,1964,0.421,-0.579,28.635
CYP,1965,0.425,-0.575,28.735
CYP,1966,0.425,-0.575,28.486
CYP,1967,0.425,-0.575,28.437
CYP,1968,0.425,-0.575,28.416
CYP,1969,0.425,-0.575,28.446
CYP,1970,0.478,-0.522,28.384
CYP,1971,0.478,-0.522,28.092
CYP,1972,0.478,-0.522,27.874
CYP,1973,0.482,-0.518,27.825
CYP,1974,0.471,-0.529,27.496
CYP,1975,0.533,-0.46699999999999997,27.264
CYP,1976,0.534,-0.46599999999999997,27.056
CYP,1977,0.534,-0.46599999999999997,27.216
CYP,1978,0.534,-0.46599999999999997,27.023
CYP,1979,0.551,-0.44899999999999995,26.821
CYP,1980,0.601,-0.399,26.717
CYP,1981,0.619,-0.381,26.828
CYP,1982,0.619,-0.381,26.721
CYP,1983,0.619,-0.381,26.728
CYP,1984,0.619,-0.381,26.736
CYP,1985,0.612,-0.388,26.907
CYP,1986,0.612,-0.388,26.931
CYP,1987,0.612,-0.388,26.888
CYP,1988,0.612,-0.388,27.07
CYP,1989,0.612,-0.388,27.248
CYP,1990,0.694,-0.30600000000000005,27.176
CYP,1991,0.722,-0.278,27.218
CYP,1992,0.722,-0.278,27.417
CYP,1993,0.713,-0.28700000000000003,27.639
CYP,1994,0.716,-0.28400000000000003,27.809
CYP,1995,0.716,-0.28400000000000003,28.012
CYP,1996,0.725,-0.275,28.122
CYP,1997,0.736,-0.264,28.285
CYP,1998,0.736,-0.264,28.349
CYP,1999,0.739,-0.261,28.587
CYP,2000,0.76,-0.24,28.701
CYP,2001,0.784,-0.21599999999999997,28.918
CYP,2002,0.784,-0.21599999999999997,29.097
CYP,2003,0.784,-0.21599999999999997,29.219
CYP,2004,0.819,-0.18100000000000005,29.261
CYP,2005,0.819,-0.18100000000000005,29.523
CYP,2006,0.814,-0.18600000000000005,29.773
CYP,2007,0.814,-0.18600000000000005,30.001
CYP,2008,0.819,-0.18100000000000005,30.087
CYP,2009,0.815,-0.18500000000000005,30.229
CYP,2010,0.829,-0.17100000000000004,30.391
CYP,2011,0.824,-0.17600000000000005,30.474
CYP,2012,0.818,-0.18200000000000005,30.6
CYP,2013,0.826,-0.17400000000000004,30.749
CYP,2014,0.834,-0.16600000000000004,30.917
CYP,2015,0.834,-0.16600000000000004,31.155
CYP,2016,0.854,-0.14600000000000002,31.283
CYP,2017,0.859,-0.14100000000000001,31.369
CYP,2018,0.851,-0.14900000000000002,31.51
CYP,2019,0.858,-0.14200000000000002,31.64
CYP,2020,0.856,-0.14400000000000002,31.656
CYP,2021,0.82,-0.18000000000000005,31.688
CYP,2022,0.824,-0.17600000000000005,31.694
CYP,2023,0.835,-0.16500000000000004,31.7
CZE,1950,0.458,-0.542,27.187
CZE,1951,0.458,-0.542,27.041
CZE,1952,0.458,-0.542,26.949
CZE,1953,0.458,-0.542,26.899
CZE,1954,0.468,-0.532,26.822
CZE,1955,0.472,-0.528,26.761
CZE,1956,0.483,-0.517,26.605
CZE,1957,0.483,-0.517,26.368
CZE,1958,0.483,-0.517,26.02
CZE,1959,0.483,-0.517,25.63
CZE,1960,0.538,-0.46199999999999997,25.544
CZE,1961,0.551,-0.44899999999999995,25.506
CZE,1962,0.56,-0.43999999999999995,25.412
CZE,1963,0.56,-0.43999999999999995,25.506
CZE,1964,0.557,-0.44299999999999995,25.597
CZE,1965,0.557,-0.44299999999999995,25.528
CZE,1966,0.557,-0.44299999999999995,25.317
CZE,1967,0.555,-0.44499999999999995,25.15
CZE,1968,0.571,-0.42900000000000005,25.065
CZE,1969,0.562,-0.43799999999999994,25.015
CZE,1970,0.553,-0.44699999999999995,24.995
CZE,1971,0.577,-0.42300000000000004,25.098
CZE,1972,0.577,-0.42300000000000004,25.133
CZE,1973,0.577,-0.42300000000000004,25.23
CZE,1974,0.577,-0.42300000000000004,25.212
CZE,1975,0.577,-0.42300000000000004,25.095
CZE,1976,0.588,-0.41200000000000003,25.038
CZE,1977,0.588,-0.41200000000000003,24.976
CZE,1978,0.588,-0.41200000000000003,24.95
CZE,1979,0.588,-0.41200000000000003,24.895
CZE,1980,0.588,-0.41200000000000003,24.742
CZE,1981,0.584,-0.41600000000000004,24.726
CZE,1982,0.584,-0.41600000000000004,24.652
CZE,1983,0.584,-0.41600000000000004,24.574
CZE,1984,0.584,-0.41600000000000004,24.538
CZE,1985,0.584,-0.41600000000000004,24.572
CZE,1986,0.588,-0.41200000000000003,24.638
CZE,1987,0.591,-0.40900000000000003,24.702
CZE,1988,0.591,-0.40900000000000003,24.772
CZE,1989,0.602,-0.398,24.814
CZE,1990,0.863,-0.137,24.814
CZE,1991,0.863,-0.137,24.779
CZE,1992,0.863,-0.137,24.854
CZE,1993,0.869,-0.131,25.037
CZE,1994,0.869,-0.131,25.364
CZE,1995,0.869,-0.131,25.728
CZE,1996,0.89,-0.10999999999999999,26.046
CZE,1997,0.89,-0.10999999999999999,26.313
CZE,1998,0.89,-0.10999999999999999,26.578
CZE,1999,0.89,-0.10999999999999999,26.845
CZE,2000,0.891,-0.10899999999999999,27.166
CZE,2001,0.891,-0.10899999999999999,27.511
CZE,2002,0.898,-0.10199999999999998,27.785
CZE,2003,0.898,-0.10199999999999998,28.049
CZE,2004,0.898,-0.10199999999999998,28.337
CZE,2005,0.898,-0.10199999999999998,28.624
CZE,2006,0.893,-0.10699999999999998,28.89
CZE,2007,0.892,-0.10799999999999998,29.119
CZE,2008,0.892,-0.10799999999999998,29.3
CZE,2009,0.892,-0.10799999999999998,29.415
CZE,2010,0.911,-0.08899999999999997,29.556
CZE,2011,0.911,-0.08899999999999997,29.675
CZE,2012,0.911,-0.08899999999999997,29.723
CZE,2013,0.905,-0.09499999999999997,29.82
CZE,2014,0.905,-0.09499999999999997,29.914
CZE,2015,0.908,-0.09199999999999997,29.952
CZE,2016,0.908,-0.09199999999999997,29.955
CZE,2017,0.91,-0.08999999999999997,29.99
CZE,2018,0.914,-0.08599999999999997,30.064
CZE,2019,0.887,-0.11299999999999999,30.138
CZE,2020,0.887,-0.11299999999999999,30.207
CZE,2021,0.904,-0.09599999999999997,30.366
CZE,2022,0.926,-0.07399999999999995,30.404
CZE,2023,0.928,-0.07199999999999995,30.43
COD,1950,0.11,-0.89,29.013
COD,1951,0.11,-0.89,29.023
COD,1952,0.11,-0.89,29.032
COD,1953,0.11,-0.89,29.041
COD,1954,0.11,-0.89,29.049
COD,1955,0.11,-0.89,29.058
COD,1956,0.11,-0.89,29.066
COD,1957,0.11,-0.89,29.086
COD,1958,0.11,-0.89,29.106
COD,1959,0.119,-0.881,29.125
COD,1960,0.273,-0.727,29.144
COD,1961,0.281,-0.719,29.163
COD,1962,0.281,-0.719,29.183
COD,1963,0.281,-0.719,29.204
COD,1964,0.281,-0.719,29.226
COD,1965,0.281,-0.719,29.248
COD,1966,0.255,-0.745,29.27
COD,1967,0.239,-0.761,29.29
COD,1968,0.239,-0.761,29.309
COD,1969,0.239,-0.761,29.326
COD,1970,0.258,-0.742,29.344
COD,1971,0.257,-0.743,29.361
COD,1972,0.257,-0.743,29.38
COD,1973,0.257,-0.743,29.415
COD,1974,0.257,-0.743,29.452
COD,1975,0.308,-0.692,29.491
COD,1976,0.308,-0.692,29.522
COD,1977,0.251,-0.749,29.551
COD,1978,0.251,-0.749,29.577
COD,1979,0.254,-0.746,29.618
COD,1980,0.282,-0.718,29.666
COD,1981,0.282,-0.718,29.714
COD,1982,0.293,-0.7070000000000001,29.743
COD,1983,0.292,-0.708,29.772
COD,1984,0.292,-0.708,29.798
COD,1985,0.292,-0.708,29.799
COD,1986,0.292,-0.708,29.809
COD,1987,0.304,-0.696,29.856
COD,1988,0.302,-0.698,29.938
COD,1989,0.297,-0.7030000000000001,30.053
COD,1990,0.339,-0.661,30.107
COD,1991,0.351,-0.649,30.096
COD,1992,0.366,-0.634,30.123
COD,1993,0.39,-0.61,30.085
COD,1994,0.39,-0.61,30.135
COD,1995,0.39,-0.61,30.284
COD,1996,0.395,-0.605,30.185
COD,1997,0.385,-0.615,30.15
COD,1998,0.391,-0.609,30.133
COD,1999,0.396,-0.604,30.058
COD,2000,0.401,-0.599,30.031
COD,2001,0.401,-0.599,30.032
COD,2002,0.401,-0.599,29.994
COD,2003,0.401,-0.599,29.963
COD,2004,0.469,-0.531,29.989
COD,2005,0.471,-0.529,29.983
COD,2006,0.455,-0.5449999999999999,29.922
COD,2007,0.455,-0.5449999999999999,29.962
COD,2008,0.455,-0.5449999999999999,29.951
COD,2009,0.455,-0.5449999999999999,29.94
COD,2010,0.476,-0.524,29.972
COD,2011,0.479,-0.521,29.934
COD,2012,0.479,-0.521,29.904
COD,2013,0.485,-0.515,29.979
COD,2014,0.485,-0.515,30.018
COD,2015,0.485,-0.515,30.066
COD,2016,0.495,-0.505,30.076
COD,2017,0.496,-0.504,30.076
COD,2018,0.518,-0.482,30.075
COD,2019,0.535,-0.46499999999999997,30.075
COD,2020,0.546,-0.45399999999999996,30.074
COD,2021,0.552,-0.44799999999999995,30.074
COD,2022,0.561,-0.43899999999999995,30.073
COD,2023,0.563,-0.43700000000000006,30.073
DNK,1950,0.857,-0.14300000000000002,27.839
DNK,1951,0.857,-0.14300000000000002,27.677
DNK,1952,0.857,-0.14300000000000002,27.582
DNK,1953,0.865,-0.135,27.494
DNK,1954,0.889,-0.11099999999999999,27.387
DNK,1955,0.889,-0.11099999999999999,27.309
DNK,1956,0.889,-0.11099999999999999,27.24
DNK,1957,0.885,-0.11499999999999999,27.12
DNK,1958,0.885,-0.11499999999999999,27.047
DNK,1959,0.885,-0.11499999999999999,27.015
DNK,1960,0.89,-0.10999999999999999,26.999
DNK,1961,0.89,-0.10999999999999999,26.966
DNK,1962,0.89,-0.10999999999999999,26.93
DNK,1963,0.89,-0.10999999999999999,27.043
DNK,1964,0.89,-0.10999999999999999,26.799
DNK,1965,0.89,-0.10999999999999999,26.741
DNK,1966,0.893,-0.10699999999999998,26.64
DNK,1967,0.893,-0.10699999999999998,26.523
DNK,1968,0.893,-0.10699999999999998,26.518
DNK,1969,0.893,-0.10699999999999998,26.6
DNK,1970,0.924,-0.07599999999999996,26.697
DNK,1971,0.93,-0.06999999999999995,26.711
DNK,1972,0.93,-0.06999999999999995,26.698
DNK,1973,0.936,-0.06399999999999995,26.675
DNK,1974,0.936,-0.06399999999999995,26.604
DNK,1975,0.937,-0.06299999999999994,26.496
DNK,1976,0.937,-0.06299999999999994,26.587
DNK,1977,0.941,-0.05900000000000005,26.584
DNK,1978,0.941,-0.05900000000000005,26.665
DNK,1979,0.945,-0.05500000000000005,26.761
DNK,1980,0.944,-0.05600000000000005,26.847
DNK,1981,0.944,-0.05600000000000005,26.983
DNK,1982,0.944,-0.05600000000000005,27.166
DNK,1983,0.944,-0.05600000000000005,27.356
DNK,1984,0.945,-0.05500000000000005,27.543
DNK,1985,0.945,-0.05500000000000005,27.731
DNK,1986,0.945,-0.05500000000000005,27.895
DNK,1987,0.946,-0.05400000000000005,28.072
DNK,1988,0.946,-0.05400000000000005,28.199
DNK,1989,0.946,-0.05400000000000005,28.321
DNK,1990,0.952,-0.04800000000000004,28.419
DNK,1991,0.954,-0.04600000000000004,28.596
DNK,1992,0.957,-0.04300000000000004,28.748
DNK,1993,0.957,-0.04300000000000004,28.919
DNK,1994,0.957,-0.04300000000000004,29.07
DNK,1995,0.955,-0.04500000000000004,29.187
DNK,1996,0.954,-0.04600000000000004,29.266
DNK,1997,0.954,-0.04600000000000004,29.403
DNK,1998,0.957,-0.04300000000000004,29.5
DNK,1999,0.957,-0.04300000000000004,29.594
DNK,2000,0.956,-0.04400000000000004,29.68
DNK,2001,0.957,-0.04300000000000004,29.747
DNK,2002,0.957,-0.04300000000000004,29.919
DNK,2003,0.957,-0.04300000000000004,30.035
DNK,2004,0.954,-0.04600000000000004,30.133
DNK,2005,0.956,-0.04400000000000004,30.216
DNK,2006,0.956,-0.04400000000000004,30.297
DNK,2007,0.955,-0.04500000000000004,30.412
DNK,2008,0.955,-0.04500000000000004,30.437
DNK,2009,0.955,-0.04500000000000004,30.489
DNK,2010,0.956,-0.04400000000000004,30.583
DNK,2011,0.955,-0.04500000000000004,30.677
DNK,2012,0.956,-0.04400000000000004,30.742
DNK,2013,0.958,-0.04200000000000004,30.824
DNK,2014,0.956,-0.04400000000000004,30.89
DNK,2015,0.96,-0.040000000000000036,30.94
DNK,2016,0.958,-0.04200000000000004,30.98
DNK,2017,0.961,-0.039000000000000035,31.041
DNK,2018,0.96,-0.040000000000000036,31.185
DNK,2019,0.955,-0.04500000000000004,31.282
DNK,2020,0.955,-0.04500000000000004,31.432
DNK,2021,0.958,-0.04200000000000004,31.584
DNK,2022,0.957,-0.04300000000000004,31.623
DNK,2023,0.956,-0.04400000000000004,31.638
DJI,1950,0.076,-0.924,31.218
DJI,1951,0.076,-0.924,31.218
DJI,1952,0.076,-0.924,31.218
DJI,1953,0.076,-0.924,31.218
DJI,1954,0.076,-0.924,31.218
DJI,1955,0.075,-0.925,31.218
DJI,1956,0.075,-0.925,31.218
DJI,1957,0.076,-0.924,31.218
DJI,1958,0.076,-0.924,31.218
DJI,1959,0.076,-0.924,31.218
DJI,1960,0.076,-0.924,31.218
DJI,1961,0.076,-0.924,31.218
DJI,1962,0.076,-0.924,31.218
DJI,1963,0.076,-0.924,31.218
DJI,1964,0.076,-0.924,31.218
DJI,1965,0.076,-0.924,31.218
DJI,1966,0.076,-0.924,31.218
DJI,1967,0.076,-0.924,31.218
DJI,1968,0.076,-0.924,31.218
DJI,1969,0.077,-0.923,31.218
DJI,1970,0.077,-0.923,31.218
DJI,1971,0.057,-0.943,31.218
DJI,1972,0.056,-0.944,31.218
DJI,1973,0.056,-0.944,31.218
DJI,1974,0.056,-0.944,31.217
DJI,1975,0.056,-0.944,31.217
DJI,1976,0.057,-0.943,31.217
DJI,1977,0.084,-0.916,31.216
DJI,1978,0.219,-0.781,31.216
DJI,1979,0.218,-0.782,31.215
DJI,1980,0.227,-0.773,31.214
DJI,1981,0.227,-0.773,31.214
DJI,1982,0.227,-0.773,31.242
DJI,1983,0.226,-0.774,31.273
DJI,1984,0.226,-0.774,31.309
DJI,1985,0.226,-0.774,31.355
DJI,1986,0.226,-0.774,31.387
DJI,1987,0.226,-0.774,31.439
DJI,1988,0.226,-0.774,31.516
DJI,1989,0.226,-0.774,31.593
DJI,1990,0.235,-0.765,31.664
DJI,1991,0.222,-0.778,31.731
DJI,1992,0.34,-0.6599999999999999,31.786
DJI,1993,0.341,-0.659,31.808
DJI,1994,0.341,-0.659,31.838
DJI,1995,0.341,-0.659,31.861
DJI,1996,0.341,-0.659,31.869
DJI,1997,0.341,-0.659,31.917
DJI,1998,0.341,-0.659,31.964
DJI,1999,0.341,-0.659,31.953
DJI,2000,0.379,-0.621,31.966
DJI,2001,0.379,-0.621,31.946
DJI,2002,0.436,-0.5640000000000001,31.921
DJI,2003,0.502,-0.498,31.929
DJI,2004,0.502,-0.498,31.93
DJI,2005,0.502,-0.498,31.93
DJI,2006,0.496,-0.504,31.949
DJI,2007,0.511,-0.489,31.96
DJI,2008,0.511,-0.489,31.968
DJI,2009,0.512,-0.488,31.958
DJI,2010,0.512,-0.488,31.941
DJI,2011,0.512,-0.488,31.914
DJI,2012,0.512,-0.488,31.85
DJI,2013,0.51,-0.49,31.799
DJI,2014,0.51,-0.49,31.74
DJI,2015,0.51,-0.49,31.697
DJI,2016,0.499,-0.501,31.65
DJI,2017,0.512,-0.488,31.617
DJI,2018,0.574,-0.42600000000000005,31.591
DJI,2019,0.583,-0.41700000000000004,31.57
DJI,2020,0.591,-0.40900000000000003,31.553
DJI,2021,0.596,-0.404,31.539
DJI,2022,0.596,-0.404,31.529
DJI,2023,0.595,-0.405,31.522
DOM,1950,0.325,-0.675,29.221
DOM,1951,0.325,-0.675,29.216
DOM,1952,0.343,-0.657,29.209
DOM,1953,0.343,-0.657,29.193
DOM,1954,0.343,-0.657,29.181
DOM,1955,0.343,-0.657,29.168
DOM,1956,0.343,-0.657,29.16
DOM,1957,0.321,-0.679,29.152
DOM,1958,0.321,-0.679,29.142
DOM,1959,0.321,-0.679,29.116
DOM,1960,0.321,-0.679,29.089
DOM,1961,0.321,-0.679,29.055
DOM,1962,0.366,-0.634,29.023
DOM,1963,0.465,-0.5349999999999999,28.987
DOM,1964,0.375,-0.625,28.962
DOM,1965,0.375,-0.625,28.954
DOM,1966,0.501,-0.499,28.934
DOM,1967,0.497,-0.503,28.912
DOM,1968,0.497,-0.503,28.916
DOM,1969,0.497,-0.503,28.888
DOM,1970,0.497,-0.503,28.812
DOM,1971,0.497,-0.503,28.752
DOM,1972,0.458,-0.542,28.697
DOM,1973,0.458,-0.542,28.604
DOM,1974,0.512,-0.488,28.475
DOM,1975,0.512,-0.488,28.348
DOM,1976,0.512,-0.488,28.232
DOM,1977,0.512,-0.488,28.047
DOM,1978,0.518,-0.482,27.868
DOM,1979,0.649,-0.351,27.644
DOM,1980,0.649,-0.351,27.446
DOM,1981,0.649,-0.351,27.347
DOM,1982,0.608,-0.392,27.228
DOM,1983,0.605,-0.395,27.175
DOM,1984,0.605,-0.395,27.02
DOM,1985,0.605,-0.395,26.867
DOM,1986,0.615,-0.385,26.768
DOM,1987,0.615,-0.385,26.6
DOM,1988,0.615,-0.385,26.492
DOM,1989,0.63,-0.37,26.309
DOM,1990,0.657,-0.34299999999999997,26.133
DOM,1991,0.657,-0.34299999999999997,26.062
DOM,1992,0.657,-0.34299999999999997,26.007
DOM,1993,0.657,-0.34299999999999997,25.854
DOM,1994,0.652,-0.348,25.81
DOM,1995,0.661,-0.33899999999999997,25.817
DOM,1996,0.675,-0.32499999999999996,25.784
DOM,1997,0.738,-0.262,25.729
DOM,1998,0.767,-0.23299999999999998,25.684
DOM,1999,0.767,-0.23299999999999998,25.644
DOM,2000,0.767,-0.23299999999999998,25.598
DOM,2001,0.767,-0.23299999999999998,25.662
DOM,2002,0.766,-0.23399999999999999,25.728
DOM,2003,0.766,-0.23399999999999999,25.798
DOM,2004,0.766,-0.23399999999999999,25.875
DOM,2005,0.766,-0.23399999999999999,25.906
DOM,2006,0.776,-0.22399999999999998,25.906
DOM,2007,0.776,-0.22399999999999998,25.989
DOM,2008,0.776,-0.22399999999999998,26.001
DOM,2009,0.776,-0.22399999999999998,25.981
DOM,2010,0.785,-0.21499999999999997,25.931
DOM,2011,0.785,-0.21499999999999997,25.91
DOM,2012,0.782,-0.21799999999999997,25.977
DOM,2013,0.791,-0.20899999999999996,26.154
DOM,2014,0.791,-0.20899999999999996,26.267
DOM,2015,0.787,-0.21299999999999997,26.353
DOM,2016,0.82,-0.18000000000000005,26.467
DOM,2017,0.82,-0.18000000000000005,26.565
DOM,2018,0.828,-0.17200000000000004,26.719
DOM,2019,0.83,-0.17000000000000004,26.953
DOM,2020,0.848,-0.15200000000000002,27.201
DOM,2021,0.84,-0.16000000000000003,27.319
DOM,2022,0.828,-0.17200000000000004,27.432
DOM,2023,0.815,-0.18500000000000005,27.433
TLS,1950,0.089,-0.911,31.013
TLS,1951,0.089,-0.911,31.013
TLS,1952,0.089,-0.911,31.013
TLS,1953,0.089,-0.911,31.013
TLS,1954,0.089,-0.911,31.012
TLS,1955,0.089,-0.911,31.012
TLS,1956,0.089,-0.911,31.012
TLS,1957,0.089,-0.911,31.012
TLS,1958,0.089,-0.911,31.012
TLS,1959,0.089,-0.911,31.012
TLS,1960,0.096,-0.904,31.012
TLS,1961,0.096,-0.904,31.011
TLS,1962,0.096,-0.904,31.011
TLS,1963,0.096,-0.904,31.011
TLS,1964,0.096,-0.904,31.01
TLS,1965,0.096,-0.904,31.01
TLS,1966,0.096,-0.904,31.01
TLS,1967,0.096,-0.904,31.009
TLS,1968,0.096,-0.904,31.009
TLS,1969,0.096,-0.904,31.009
TLS,1970,0.096,-0.904,31.008
TLS,1971,0.096,-0.904,31.008
TLS,1972,0.096,-0.904,31.007
TLS,1973,0.096,-0.904,31.007
TLS,1975,0.252,-0.748,31.005
TLS,1976,0.193,-0.8069999999999999,31.005
TLS,1977,0.193,-0.8069999999999999,31.005
TLS,1978,0.193,-0.8069999999999999,31.005
TLS,1979,0.193,-0.8069999999999999,31.005
TLS,1980,0.193,-0.8069999999999999,31.005
TLS,1981,0.193,-0.8069999999999999,31.007
TLS,1982,0.193,-0.8069999999999999,31.008
TLS,1983,0.193,-0.8069999999999999,31.008
TLS,1984,0.193,-0.8069999999999999,31.008
TLS,1985,0.193,-0.8069999999999999,31.008
TLS,1986,0.193,-0.8069999999999999,31.008
TLS,1987,0.193,-0.8069999999999999,31.008
TLS,1988,0.193,-0.8069999999999999,31.008
TLS,1989,0.207,-0.793,31.009
TLS,1990,0.216,-0.784,31.009
TLS,1991,0.216,-0.784,31.009
TLS,1992,0.216,-0.784,31.009
TLS,1993,0.216,-0.784,31.009
TLS,1994,0.216,-0.784,31.01
TLS,1995,0.216,-0.784,31.01
TLS,1996,0.216,-0.784,31.01
TLS,1997,0.216,-0.784,31.01
TLS,1998,0.216,-0.784,31.01
TLS,1999,0.226,-0.774,31.01
TLS,2000,0.538,-0.46199999999999997,31.01
TLS,2001,0.579,-0.42100000000000004,30.961
TLS,2003,0.727,-0.273,30.993
TLS,2004,0.727,-0.273,30.986
TLS,2005,0.727,-0.273,30.963
TLS,2006,0.732,-0.268,30.916
TLS,2007,0.753,-0.247,30.869
TLS,2008,0.754,-0.246,30.807
TLS,2009,0.756,-0.244,30.728
TLS,2010,0.755,-0.245,30.653
TLS,2011,0.755,-0.245,30.511
TLS,2012,0.773,-0.22699999999999998,30.358
TLS,2013,0.778,-0.22199999999999998,30.237
TLS,2014,0.749,-0.251,30.108
TLS,2015,0.739,-0.261,29.987
TLS,2016,0.748,-0.252,29.904
TLS,2017,0.726,-0.274,29.837
TLS,2018,0.739,-0.261,29.769
TLS,2019,0.749,-0.251,29.696
TLS,2020,0.733,-0.267,29.64
TLS,2021,0.735,-0.265,29.589
TLS,2022,0.755,-0.245,29.498
TLS,2023,0.757,-0.243,29.409
ECU,1950,0.223,-0.777,29.652
ECU,1951,0.223,-0.777,29.653
ECU,1952,0.223,-0.777,29.655
ECU,1953,0.223,-0.777,29.656
ECU,1954,0.223,-0.777,29.658
ECU,1955,0.223,-0.777,29.661
ECU,1956,0.223,-0.777,29.663
ECU,1957,0.223,-0.777,29.666
ECU,1958,0.223,-0.777,29.669
ECU,1959,0.223,-0.777,29.672
ECU,1960,0.232,-0.768,29.677
ECU,1961,0.232,-0.768,29.682
ECU,1962,0.235,-0.765,29.687
ECU,1963,0.226,-0.774,29.693
ECU,1964,0.247,-0.753,29.698
ECU,1965,0.247,-0.753,29.704
ECU,1966,0.249,-0.751,29.709
ECU,1967,0.252,-0.748,29.706
ECU,1968,0.249,-0.751,29.697
ECU,1969,0.282,-0.718,29.685
ECU,1970,0.291,-0.7090000000000001,29.66
ECU,1971,0.291,-0.7090000000000001,29.625
ECU,1972,0.291,-0.7090000000000001,29.573
ECU,1973,0.283,-0.7170000000000001,29.514
ECU,1974,0.311,-0.6890000000000001,29.446
ECU,1975,0.311,-0.6890000000000001,29.368
ECU,1976,0.311,-0.6890000000000001,29.28
ECU,1977,0.315,-0.685,29.185
ECU,1978,0.32,-0.6799999999999999,29.104
ECU,1979,0.402,-0.598,29.006
ECU,1980,0.519,-0.481,28.902
ECU,1981,0.519,-0.481,28.831
ECU,1982,0.525,-0.475,28.803
ECU,1983,0.525,-0.475,28.734
ECU,1984,0.534,-0.46599999999999997,28.669
ECU,1985,0.534,-0.46599999999999997,28.573
ECU,1986,0.521,-0.479,28.479
ECU,1987,0.521,-0.479,28.413
ECU,1988,0.548,-0.45199999999999996,28.348
ECU,1989,0.548,-0.45199999999999996,28.247
ECU,1990,0.567,-0.43300000000000005,28.179
ECU,1991,0.567,-0.43300000000000005,28.082
ECU,1992,0.557,-0.44299999999999995,28.032
ECU,1993,0.572,-0.42800000000000005,27.936
ECU,1994,0.562,-0.43799999999999994,27.848
ECU,1995,0.562,-0.43799999999999994,27.783
ECU,1996,0.579,-0.42100000000000004,27.709
ECU,1997,0.587,-0.41300000000000003,27.698
ECU,1998,0.722,-0.278,27.638
ECU,1999,0.722,-0.278,27.57
ECU,2000,0.746,-0.254,27.49
ECU,2001,0.746,-0.254,27.411
ECU,2002,0.739,-0.261,27.315
ECU,2003,0.739,-0.261,27.242
ECU,2004,0.739,-0.261,27.185
ECU,2005,0.739,-0.261,27.118
ECU,2006,0.802,-0.19799999999999995,27.018
ECU,2007,0.813,-0.18700000000000006,26.921
ECU,2008,0.825,-0.17500000000000004,26.848
ECU,2009,0.845,-0.15500000000000003,26.792
ECU,2010,0.844,-0.15600000000000003,26.788
ECU,2011,0.847,-0.15300000000000002,26.796
ECU,2012,0.847,-0.15300000000000002,26.811
ECU,2013,0.844,-0.15600000000000003,26.933
ECU,2014,0.842,-0.15800000000000003,26.996
ECU,2015,0.844,-0.15600000000000003,26.933
ECU,2016,0.85,-0.15000000000000002,26.981
ECU,2017,0.854,-0.14600000000000002,26.995
ECU,2018,0.858,-0.14200000000000002,27.028
ECU,2019,0.834,-0.16600000000000004,27.132
ECU,2020,0.861,-0.139,27.253
ECU,2021,0.85,-0.15000000000000002,27.343
ECU,2022,0.831,-0.16900000000000004,27.351
ECU,2023,0.797,-0.20299999999999996,27.366
EGY,1950,0.227,-0.773,28.619
EGY,1951,0.227,-0.773,28.6
EGY,1952,0.267,-0.733,28.58
EGY,1953,0.284,-0.716,28.561
EGY,1954,0.28,-0.72,28.545
EGY,1955,0.28,-0.72,28.543
EGY,1956,0.28,-0.72,28.54
EGY,1957,0.28,-0.72,28.533
EGY,1958,0.28,-0.72,28.524
EGY,1959,0.28,-0.72,28.545
EGY,1960,0.28,-0.72,28.551
EGY,1961,0.28,-0.72,28.529
EGY,1962,0.28,-0.72,28.553
EGY,1963,0.28,-0.72,28.5
EGY,1964,0.28,-0.72,28.481
EGY,1965,0.289,-0.7110000000000001,28.462
EGY,1966,0.289,-0.7110000000000001,28.359
EGY,1967,0.289,-0.7110000000000001,28.404
EGY,1968,0.289,-0.7110000000000001,28.449
EGY,1969,0.283,-0.7170000000000001,28.43
EGY,1970,0.301,-0.6990000000000001,28.511
EGY,1971,0.309,-0.6910000000000001,28.45
EGY,1972,0.314,-0.6859999999999999,28.428
EGY,1973,0.314,-0.6859999999999999,28.488
EGY,1974,0.314,-0.6859999999999999,28.429
EGY,1975,0.314,-0.6859999999999999,28.38
EGY,1976,0.311,-0.6890000000000001,28.411
EGY,1977,0.311,-0.6890000000000001,28.437
EGY,1978,0.311,-0.6890000000000001,28.42
EGY,1979,0.354,-0.646,28.418
EGY,1980,0.312,-0.688,28.398
EGY,1981,0.37,-0.63,28.383
EGY,1982,0.398,-0.602,28.354
EGY,1983,0.398,-0.602,28.317
EGY,1984,0.408,-0.5920000000000001,28.361
EGY,1985,0.408,-0.5920000000000001,28.35
EGY,1986,0.405,-0.595,28.394
EGY,1987,0.381,-0.619,28.402
EGY,1988,0.381,-0.619,28.38
EGY,1989,0.381,-0.619,28.345
EGY,1990,0.378,-0.622,28.327
EGY,1991,0.378,-0.622,28.227
EGY,1992,0.378,-0.622,28.162
EGY,1993,0.378,-0.622,28.094
EGY,1994,0.378,-0.622,28.033
EGY,1995,0.377,-0.623,28.016
EGY,1996,0.376,-0.624,27.99
EGY,1997,0.376,-0.624,27.964
EGY,1998,0.376,-0.624,27.982
EGY,1999,0.376,-0.624,27.93
EGY,2000,0.369,-0.631,27.87
EGY,2001,0.365,-0.635,27.867
EGY,2002,0.365,-0.635,27.858
EGY,2003,0.365,-0.635,27.811
EGY,2004,0.376,-0.624,27.774
EGY,2005,0.361,-0.639,27.751
EGY,2006,0.356,-0.644,27.696
EGY,2007,0.359,-0.641,27.67
EGY,2008,0.359,-0.641,27.637
EGY,2009,0.357,-0.643,27.605
EGY,2010,0.425,-0.575,27.618
EGY,2011,0.355,-0.645,27.623
EGY,2012,0.353,-0.647,27.669
EGY,2013,0.283,-0.7170000000000001,27.742
EGY,2014,0.309,-0.6910000000000001,27.799
EGY,2015,0.299,-0.7010000000000001,27.856
EGY,2016,0.307,-0.6930000000000001,27.888
EGY,2017,0.411,-0.589,27.938
EGY,2018,0.411,-0.589,27.967
EGY,2019,0.425,-0.575,28.023
EGY,2020,0.494,-0.506,27.999
EGY,2021,0.507,-0.493,27.998
EGY,2022,0.525,-0.475,27.995
EGY,2023,0.547,-0.45299999999999996,27.99
SLV,1950,0.141,-0.859,28.405
SLV,1951,0.141,-0.859,28.385
SLV,1952,0.141,-0.859,28.379
SLV,1953,0.141,-0.859,28.364
SLV,1954,0.141,-0.859,28.368
SLV,1955,0.141,-0.859,28.438
SLV,1956,0.141,-0.859,28.463
SLV,1957,0.141,-0.859,28.518
SLV,1958,0.141,-0.859,28.586
SLV,1959,0.141,-0.859,28.707
SLV,1960,0.142,-0.858,28.795
SLV,1961,0.143,-0.857,28.862
SLV,1962,0.21,-0.79,28.867
SLV,1963,0.21,-0.79,28.892
SLV,1964,0.202,-0.798,28.884
SLV,1965,0.202,-0.798,28.871
SLV,1966,0.249,-0.751,28.83
SLV,1967,0.249,-0.751,28.792
SLV,1968,0.195,-0.8049999999999999,28.79
SLV,1969,0.195,-0.8049999999999999,28.835
SLV,1970,0.236,-0.764,28.829
SLV,1971,0.236,-0.764,28.792
SLV,1972,0.231,-0.769,28.728
SLV,1973,0.22,-0.78,28.658
SLV,1974,0.231,-0.769,28.582
SLV,1975,0.231,-0.769,28.502
SLV,1976,0.23,-0.77,28.418
SLV,1977,0.219,-0.781,28.317
SLV,1978,0.228,-0.772,28.23
SLV,1979,0.236,-0.764,28.115
SLV,1980,0.31,-0.69,28.023
SLV,1981,0.321,-0.679,27.96
SLV,1982,0.321,-0.679,27.877
SLV,1983,0.321,-0.679,27.794
SLV,1984,0.321,-0.679,27.772
SLV,1985,0.321,-0.679,27.681
SLV,1986,0.364,-0.636,27.554
SLV,1987,0.363,-0.637,27.476
SLV,1988,0.396,-0.604,27.353
SLV,1989,0.396,-0.604,27.211
SLV,1990,0.406,-0.594,27.147
SLV,1991,0.384,-0.616,27.054
SLV,1992,0.463,-0.5369999999999999,27.032
SLV,1993,0.557,-0.44299999999999995,26.955
SLV,1994,0.602,-0.398,26.843
SLV,1995,0.602,-0.398,26.809
SLV,1996,0.604,-0.396,26.717
SLV,1997,0.639,-0.361,26.676
SLV,1998,0.671,-0.32899999999999996,26.671
SLV,1999,0.665,-0.33499999999999996,26.709
SLV,2000,0.63,-0.37,26.693
SLV,2001,0.63,-0.37,26.702
SLV,2002,0.633,-0.367,26.748
SLV,2003,0.64,-0.36,26.765
SLV,2004,0.64,-0.36,26.751
SLV,2005,0.65,-0.35,26.761
SLV,2006,0.689,-0.31100000000000005,26.737
SLV,2007,0.689,-0.31100000000000005,26.712
SLV,2008,0.689,-0.31100000000000005,26.71
SLV,2009,0.704,-0.29600000000000004,26.711
SLV,2010,0.71,-0.29000000000000004,26.749
SLV,2011,0.71,-0.29000000000000004,26.802
SLV,2012,0.738,-0.262,26.789
SLV,2013,0.763,-0.237,26.837
SLV,2014,0.754,-0.246,26.883
SLV,2015,0.763,-0.237,26.886
SLV,2016,0.763,-0.237,26.884
SLV,2017,0.776,-0.22399999999999998,27.0
SLV,2018,0.746,-0.254,27.098
SLV,2019,0.753,-0.247,27.1
SLV,2020,0.715,-0.28500000000000003,27.118
SLV,2021,0.657,-0.34299999999999997,27.118
SLV,2022,0.565,-0.43500000000000005,27.141
SLV,2023,0.532,-0.46799999999999997,27.141
GNQ,1950,0.057,-0.943,28.959
GNQ,1951,0.057,-0.943,28.947
GNQ,1952,0.057,-0.943,28.935
GNQ,1953,0.057,-0.943,28.921
GNQ,1954,0.057,-0.943,28.907
GNQ,1955,0.057,-0.943,28.892
GNQ,1956,0.057,-0.943,28.878
GNQ,1957,0.057,-0.943,28.863
GNQ,1958,0.057,-0.943,28.846
GNQ,1959,0.064,-0.9359999999999999,28.829
GNQ,1960,0.082,-0.918,28.812
GNQ,1961,0.082,-0.918,28.794
GNQ,1962,0.082,-0.918,28.777
GNQ,1963,0.086,-0.914,28.759
GNQ,1964,0.093,-0.907,28.742
GNQ,1965,0.093,-0.907,28.725
GNQ,1966,0.093,-0.907,28.707
GNQ,1967,0.093,-0.907,28.687
GNQ,1968,0.172,-0.8280000000000001,28.667
GNQ,1969,0.135,-0.865,28.644
GNQ,1970,0.142,-0.858,28.621
GNQ,1971,0.107,-0.893,28.597
GNQ,1972,0.107,-0.893,28.573
GNQ,1973,0.142,-0.858,28.549
GNQ,1974,0.142,-0.858,28.526
GNQ,1975,0.142,-0.858,28.503
GNQ,1976,0.142,-0.858,28.476
GNQ,1977,0.142,-0.858,28.447
GNQ,1978,0.141,-0.859,28.416
GNQ,1979,0.122,-0.878,28.382
GNQ,1980,0.302,-0.698,28.348
GNQ,1981,0.302,-0.698,28.314
GNQ,1982,0.302,-0.698,28.28
GNQ,1983,0.302,-0.698,28.245
GNQ,1984,0.322,-0.6779999999999999,28.252
GNQ,1985,0.322,-0.6779999999999999,28.257
GNQ,1986,0.322,-0.6779999999999999,28.26
GNQ,1987,0.322,-0.6779999999999999,28.261
GNQ,1988,0.385,-0.615,28.26
GNQ,1989,0.385,-0.615,28.258
GNQ,1990,0.385,-0.615,28.254
GNQ,1991,0.385,-0.615,28.248
GNQ,1992,0.385,-0.615,28.243
GNQ,1993,0.364,-0.636,28.239
GNQ,1994,0.357,-0.643,28.235
GNQ,1995,0.365,-0.635,28.226
GNQ,1996,0.365,-0.635,28.216
GNQ,1997,0.365,-0.635,28.204
GNQ,1998,0.365,-0.635,28.181
GNQ,1999,0.349,-0.651,28.156
GNQ,2000,0.351,-0.649,28.121
GNQ,2001,0.351,-0.649,28.084
GNQ,2002,0.351,-0.649,28.015
GNQ,2003,0.351,-0.649,27.944
GNQ,2004,0.405,-0.595,27.872
GNQ,2005,0.405,-0.595,27.819
GNQ,2006,0.407,-0.593,27.765
GNQ,2007,0.407,-0.593,27.699
GNQ,2008,0.36,-0.64,27.645
GNQ,2009,0.36,-0.64,27.592
GNQ,2010,0.396,-0.604,27.554
GNQ,2011,0.396,-0.604,27.513
GNQ,2012,0.396,-0.604,27.486
GNQ,2013,0.46,-0.54,27.446
GNQ,2014,0.467,-0.5329999999999999,27.406
GNQ,2015,0.465,-0.5349999999999999,27.367
GNQ,2016,0.459,-0.5409999999999999,27.327
GNQ,2017,0.448,-0.552,27.301
GNQ,2018,0.45,-0.55,27.258
GNQ,2019,0.451,-0.5489999999999999,27.215
GNQ,2020,0.447,-0.5529999999999999,27.186
GNQ,2021,0.429,-0.571,27.142
GNQ,2022,0.457,-0.5429999999999999,27.095
GNQ,2023,0.492,-0.508,27.049
ERI,1950,0.265,-0.735,30.719
ERI,1951,0.265,-0.735,30.717
ERI,1952,0.226,-0.774,30.715
ERI,1953,0.192,-0.808,30.715
ERI,1954,0.192,-0.808,30.714
ERI,1955,0.192,-0.808,30.715
ERI,1956,0.192,-0.808,30.717
ERI,1957,0.192,-0.808,30.719
ERI,1958,0.188,-0.812,30.722
ERI,1959,0.188,-0.812,30.726
ERI,1960,0.186,-0.8140000000000001,30.73
ERI,1961,0.186,-0.8140000000000001,30.735
ERI,1962,0.169,-0.831,30.741
ERI,1963,0.168,-0.832,30.747
ERI,1964,0.168,-0.832,30.757
ERI,1965,0.168,-0.832,30.769
ERI,1966,0.168,-0.832,30.781
ERI,1967,0.168,-0.832,30.794
ERI,1968,0.168,-0.832,30.789
ERI,1969,0.168,-0.832,30.82
ERI,1970,0.179,-0.821,30.85
ERI,1971,0.179,-0.821,30.916
ERI,1972,0.179,-0.821,30.981
ERI,1973,0.179,-0.821,31.046
ERI,1974,0.159,-0.841,31.042
ERI,1975,0.159,-0.841,31.057
ERI,1976,0.157,-0.843,31.074
ERI,1977,0.155,-0.845,31.144
ERI,1978,0.164,-0.836,31.215
ERI,1979,0.164,-0.836,31.298
ERI,1980,0.16,-0.84,31.251
ERI,1981,0.16,-0.84,31.204
ERI,1982,0.16,-0.84,31.151
ERI,1983,0.16,-0.84,31.123
ERI,1984,0.16,-0.84,31.163
ERI,1985,0.16,-0.84,31.136
ERI,1986,0.16,-0.84,31.118
ERI,1987,0.16,-0.84,31.099
ERI,1988,0.16,-0.84,30.883
ERI,1989,0.16,-0.84,30.865
ERI,1990,0.171,-0.829,30.836
ERI,1991,0.205,-0.795,30.736
ERI,1992,0.242,-0.758,30.645
ERI,1993,0.247,-0.753,30.495
ERI,1994,0.382,-0.618,30.338
ERI,1995,0.37,-0.63,30.377
ERI,1996,0.37,-0.63,30.408
ERI,1997,0.37,-0.63,30.473
ERI,1998,0.366,-0.634,30.473
ERI,1999,0.371,-0.629,30.477
ERI,2000,0.353,-0.647,30.437
ERI,2001,0.306,-0.694,30.331
ERI,2002,0.306,-0.694,30.229
ERI,2003,0.168,-0.832,30.144
ERI,2004,0.168,-0.832,30.039
ERI,2005,0.165,-0.835,29.94
ERI,2006,0.165,-0.835,29.884
ERI,2007,0.164,-0.836,29.828
ERI,2008,0.164,-0.836,29.783
ERI,2009,0.164,-0.836,29.724
ERI,2010,0.164,-0.836,29.667
ERI,2011,0.164,-0.836,29.611
ERI,2012,0.153,-0.847,29.566
ERI,2013,0.157,-0.843,29.512
ERI,2014,0.157,-0.843,29.472
ERI,2015,0.157,-0.843,29.435
ERI,2016,0.156,-0.844,29.401
ERI,2017,0.16,-0.84,29.367
ERI,2018,0.166,-0.834,29.335
ERI,2019,0.157,-0.843,29.304
ERI,2020,0.156,-0.844,29.263
ERI,2021,0.174,-0.8260000000000001,29.235
ERI,2022,0.184,-0.8160000000000001,29.195
ERI,2023,0.186,-0.8140000000000001,29.169
EST,1950,0.347,-0.653,28.801
EST,1951,0.347,-0.653,28.818
EST,1952,0.347,-0.653,28.807
EST,1953,0.358,-0.642,28.832
EST,1954,0.426,-0.5740000000000001,28.853
EST,1955,0.43,-0.5700000000000001,28.776
EST,1956,0.445,-0.5549999999999999,28.627
EST,1957,0.446,-0.554,28.446
EST,1958,0.454,-0.546,28.156
EST,1959,0.454,-0.546,27.967
EST,1960,0.462,-0.538,27.826
EST,1961,0.462,-0.538,27.678
EST,1962,0.468,-0.532,27.584
EST,1963,0.468,-0.532,27.555
EST,1964,0.468,-0.532,27.432
EST,1965,0.48,-0.52,27.299
EST,1966,0.485,-0.515,27.267
EST,1967,0.491,-0.509,27.076
EST,1968,0.487,-0.513,26.959
EST,1969,0.478,-0.522,26.854
EST,1970,0.482,-0.518,26.721
EST,1971,0.481,-0.519,26.674
EST,1972,0.477,-0.523,26.605
EST,1973,0.481,-0.519,26.556
EST,1974,0.488,-0.512,26.379
EST,1975,0.484,-0.516,26.257
EST,1976,0.485,-0.515,26.177
EST,1977,0.478,-0.522,26.089
EST,1978,0.478,-0.522,25.945
EST,1979,0.482,-0.518,25.844
EST,1980,0.482,-0.518,25.7
EST,1981,0.482,-0.518,25.753
EST,1982,0.482,-0.518,25.884
EST,1983,0.482,-0.518,25.953
EST,1984,0.48,-0.52,25.905
EST,1985,0.496,-0.504,25.859
EST,1986,0.531,-0.469,25.913
EST,1987,0.525,-0.475,25.944
EST,1988,0.534,-0.46599999999999997,25.931
EST,1989,0.497,-0.503,25.741
EST,1990,0.77,-0.22999999999999998,25.555
EST,1991,0.809,-0.19099999999999995,25.316
EST,1992,0.81,-0.18999999999999995,25.305
EST,1993,0.882,-0.118,25.349
EST,1994,0.869,-0.131,25.421
EST,1995,0.884,-0.11599999999999999,25.564
EST,1996,0.885,-0.11499999999999999,25.807
EST,1997,0.885,-0.11499999999999999,26.121
EST,1998,0.885,-0.11499999999999999,26.33
EST,1999,0.899,-0.10099999999999998,26.544
EST,2000,0.907,-0.09299999999999997,26.892
EST,2001,0.908,-0.09199999999999997,27.112
EST,2002,0.908,-0.09199999999999997,27.408
EST,2003,0.911,-0.08899999999999997,27.581
EST,2004,0.911,-0.08899999999999997,27.771
EST,2005,0.911,-0.08899999999999997,28.044
EST,2006,0.911,-0.08899999999999997,28.211
EST,2007,0.913,-0.08699999999999997,28.372
EST,2008,0.918,-0.08199999999999996,28.604
EST,2009,0.919,-0.08099999999999996,28.883
EST,2010,0.921,-0.07899999999999996,29.182
EST,2011,0.914,-0.08599999999999997,29.404
EST,2012,0.915,-0.08499999999999996,29.499
EST,2013,0.922,-0.07799999999999996,29.526
EST,2014,0.926,-0.07399999999999995,29.613
EST,2015,0.932,-0.06799999999999995,29.889
EST,2016,0.942,-0.05800000000000005,30.158
EST,2017,0.943,-0.05700000000000005,30.357
EST,2018,0.948,-0.052000000000000046,30.498
EST,2019,0.946,-0.05400000000000005,30.605
EST,2020,0.948,-0.052000000000000046,30.724
EST,2021,0.945,-0.05500000000000005,30.88
EST,2022,0.941,-0.05900000000000005,30.95
EST,2023,0.942,-0.05800000000000005,30.959
SWZ,1950,0.284,-0.716,29.368
SWZ,1951,0.284,-0.716,29.363
SWZ,1952,0.284,-0.716,29.357
SWZ,1953,0.284,-0.716,29.351
SWZ,1954,0.284,-0.716,29.344
SWZ,1955,0.284,-0.716,29.338
SWZ,1956,0.284,-0.716,29.331
SWZ,1957,0.284,-0.716,29.325
SWZ,1958,0.284,-0.716,29.318
SWZ,1959,0.284,-0.716,29.31
SWZ,1960,0.301,-0.6990000000000001,29.302
SWZ,1961,0.333,-0.667,29.294
SWZ,1962,0.333,-0.667,29.287
SWZ,1963,0.333,-0.667,29.279
SWZ,1964,0.333,-0.667,29.272
SWZ,1965,0.334,-0.6659999999999999,29.265
SWZ,1966,0.337,-0.663,29.221
SWZ,1967,0.25,-0.75,29.175
SWZ,1968,0.256,-0.744,29.127
SWZ,1969,0.256,-0.744,29.078
SWZ,1970,0.256,-0.744,29.028
SWZ,1971,0.256,-0.744,28.978
SWZ,1972,0.279,-0.721,28.927
SWZ,1973,0.256,-0.744,28.888
SWZ,1974,0.321,-0.679,28.85
SWZ,1975,0.321,-0.679,28.808
SWZ,1976,0.321,-0.679,28.775
SWZ,1977,0.321,-0.679,28.724
SWZ,1978,0.321,-0.679,28.678
SWZ,1979,0.391,-0.609,28.634
SWZ,1980,0.391,-0.609,28.61
SWZ,1981,0.397,-0.603,28.592
SWZ,1982,0.397,-0.603,28.623
SWZ,1983,0.376,-0.624,28.623
SWZ,1984,0.372,-0.628,28.621
SWZ,1985,0.372,-0.628,28.672
SWZ,1986,0.372,-0.628,28.708
SWZ,1987,0.385,-0.615,28.682
SWZ,1988,0.383,-0.617,28.661
SWZ,1989,0.383,-0.617,28.624
SWZ,1990,0.362,-0.638,28.611
SWZ,1991,0.362,-0.638,28.593
SWZ,1992,0.304,-0.696,28.606
SWZ,1993,0.319,-0.681,28.59
SWZ,1994,0.319,-0.681,28.584
SWZ,1995,0.319,-0.681,28.558
SWZ,1996,0.313,-0.687,28.538
SWZ,1997,0.313,-0.687,28.525
SWZ,1998,0.313,-0.687,28.465
SWZ,1999,0.313,-0.687,28.38
SWZ,2000,0.294,-0.706,28.337
SWZ,2001,0.294,-0.706,28.318
SWZ,2002,0.294,-0.706,28.297
SWZ,2003,0.344,-0.656,28.258
SWZ,2004,0.344,-0.656,28.207
SWZ,2005,0.343,-0.657,28.195
SWZ,2006,0.353,-0.647,28.26
SWZ,2007,0.372,-0.628,28.235
SWZ,2008,0.372,-0.628,28.253
SWZ,2009,0.372,-0.628,28.243
SWZ,2010,0.373,-0.627,28.199
SWZ,2011,0.376,-0.624,28.17
SWZ,2012,0.376,-0.624,28.141
SWZ,2013,0.323,-0.677,28.094
SWZ,2014,0.323,-0.677,28.058
SWZ,2015,0.323,-0.677,28.038
SWZ,2016,0.323,-0.677,28.017
SWZ,2017,0.31,-0.69,27.995
SWZ,2018,0.317,-0.683,27.973
SWZ,2019,0.327,-0.673,27.951
SWZ,2020,0.325,-0.675,27.944
SWZ,2021,0.298,-0.702,27.925
SWZ,2022,0.276,-0.724,27.908
SWZ,2023,0.294,-0.706,27.891
ETH,1950,0.134,-0.866,29.976
ETH,1951,0.134,-0.866,29.976
ETH,1952,0.134,-0.866,29.975
ETH,1953,0.134,-0.866,29.974
ETH,1954,0.134,-0.866,29.972
ETH,1955,0.138,-0.862,29.97
ETH,1956,0.138,-0.862,29.969
ETH,1957,0.144,-0.856,29.967
ETH,1958,0.144,-0.856,29.965
ETH,1959,0.144,-0.856,29.932
ETH,1960,0.144,-0.856,29.898
ETH,1961,0.149,-0.851,29.863
ETH,1962,0.154,-0.846,29.83
ETH,1963,0.154,-0.846,29.797
ETH,1964,0.154,-0.846,29.702
ETH,1965,0.148,-0.852,29.607
ETH,1966,0.154,-0.846,29.559
ETH,1967,0.154,-0.846,29.51
ETH,1968,0.154,-0.846,29.46
ETH,1969,0.155,-0.845,29.336
ETH,1970,0.151,-0.849,29.297
ETH,1971,0.151,-0.849,29.254
ETH,1972,0.151,-0.849,29.207
ETH,1973,0.155,-0.845,29.217
ETH,1974,0.19,-0.81,29.151
ETH,1975,0.176,-0.8240000000000001,29.162
ETH,1976,0.184,-0.8160000000000001,29.171
ETH,1977,0.184,-0.8160000000000001,29.193
ETH,1978,0.184,-0.8160000000000001,29.285
ETH,1979,0.184,-0.8160000000000001,29.331
ETH,1980,0.184,-0.8160000000000001,29.413
ETH,1981,0.184,-0.8160000000000001,29.453
ETH,1982,0.184,-0.8160000000000001,29.463
ETH,1983,0.184,-0.8160000000000001,29.449
ETH,1984,0.184,-0.8160000000000001,29.433
ETH,1985,0.184,-0.8160000000000001,29.43
ETH,1986,0.184,-0.8160000000000001,29.491
ETH,1987,0.184,-0.8160000000000001,29.591
ETH,1988,0.185,-0.815,29.575
ETH,1989,0.185,-0.815,29.612
ETH,1990,0.185,-0.815,29.484
ETH,1991,0.354,-0.646,29.495
ETH,1992,0.466,-0.534,29.679
ETH,1993,0.469,-0.531,29.645
ETH,1994,0.468,-0.532,29.653
ETH,1995,0.467,-0.5329999999999999,29.721
ETH,1996,0.48,-0.52,29.565
ETH,1997,0.48,-0.52,29.58
ETH,1998,0.48,-0.52,29.62
ETH,1999,0.48,-0.52,29.505
ETH,2000,0.516,-0.484,29.58
ETH,2001,0.516,-0.484,29.462
ETH,2002,0.516,-0.484,29.448
ETH,2003,0.516,-0.484,29.536
ETH,2004,0.516,-0.484,29.462
ETH,2005,0.587,-0.41300000000000003,29.386
ETH,2006,0.597,-0.403,29.418
ETH,2007,0.597,-0.403,29.445
ETH,2008,0.597,-0.403,29.463
ETH,2009,0.599,-0.401,29.541
ETH,2010,0.622,-0.378,29.445
ETH,2011,0.629,-0.371,29.352
ETH,2012,0.632,-0.368,29.435
ETH,2013,0.662,-0.33799999999999997,29.468
ETH,2014,0.664,-0.33599999999999997,29.393
ETH,2015,0.669,-0.33099999999999996,29.343
ETH,2016,0.676,-0.32399999999999995,29.313
ETH,2017,0.703,-0.29700000000000004,29.288
ETH,2018,0.704,-0.29600000000000004,29.259
ETH,2019,0.722,-0.278,29.237
ETH,2020,0.71,-0.29000000000000004,29.193
ETH,2021,0.779,-0.22099999999999997,29.15
ETH,2022,0.761,-0.239,29.107
ETH,2023,0.735,-0.265,29.079
FJI,1950,0.311,-0.6890000000000001,28.626
FJI,1951,0.311,-0.6890000000000001,28.59
FJI,1952,0.311,-0.6890000000000001,28.517
FJI,1953,0.315,-0.685,28.689
FJI,1954,0.315,-0.685,28.72
FJI,1955,0.315,-0.685,28.768
FJI,1956,0.315,-0.685,28.838
FJI,1957,0.315,-0.685,28.824
FJI,1958,0.315,-0.685,28.794
FJI,1959,0.315,-0.685,28.784
FJI,1960,0.325,-0.675,28.773
FJI,1961,0.325,-0.675,28.966
FJI,1962,0.325,-0.675,28.574
FJI,1963,0.325,-0.675,28.645
FJI,1964,0.325,-0.675,28.848
FJI,1965,0.325,-0.675,28.818
FJI,1966,0.325,-0.675,28.845
FJI,1967,0.325,-0.675,28.979
FJI,1968,0.325,-0.675,28.733
FJI,1969,0.325,-0.675,28.457
FJI,1972,0.532,-0.46799999999999997,28.135
FJI,1973,0.532,-0.46799999999999997,28.116
FJI,1974,0.532,-0.46799999999999997,28.089
FJI,1975,0.532,-0.46799999999999997,28.015
FJI,1976,0.532,-0.46799999999999997,27.91
FJI,1977,0.522,-0.478,27.853
FJI,1978,0.522,-0.478,27.76
FJI,1979,0.522,-0.478,27.765
FJI,1980,0.522,-0.478,27.712
FJI,1981,0.522,-0.478,27.61
FJI,1982,0.522,-0.478,27.49
FJI,1983,0.522,-0.478,27.358
FJI,1984,0.522,-0.478,27.198
FJI,1985,0.522,-0.478,27.095
FJI,1986,0.522,-0.478,27.1
FJI,1987,0.493,-0.507,26.958
FJI,1988,0.507,-0.493,26.8
FJI,1989,0.507,-0.493,26.716
FJI,1990,0.507,-0.493,26.672
FJI,1991,0.507,-0.493,26.674
FJI,1992,0.508,-0.492,26.716
FJI,1993,0.565,-0.43500000000000005,26.762
FJI,1994,0.584,-0.41600000000000004,26.83
FJI,1995,0.584,-0.41600000000000004,26.948
FJI,1996,0.584,-0.41600000000000004,27.09
FJI,1997,0.599,-0.401,27.265
FJI,1998,0.599,-0.401,27.436
FJI,1999,0.644,-0.356,27.499
FJI,2000,0.571,-0.42900000000000005,27.599
FJI,2001,0.571,-0.42900000000000005,27.702
FJI,2002,0.608,-0.392,27.791
FJI,2003,0.608,-0.392,27.988
FJI,2004,0.617,-0.383,28.187
FJI,2005,0.617,-0.383,28.23
FJI,2006,0.533,-0.46699999999999997,28.268
FJI,2007,0.495,-0.505,28.321
FJI,2008,0.494,-0.506,28.404
FJI,2009,0.491,-0.509,28.374
FJI,2010,0.511,-0.489,28.343
FJI,2011,0.509,-0.491,28.375
FJI,2012,0.528,-0.472,28.385
FJI,2013,0.542,-0.45799999999999996,28.393
FJI,2014,0.568,-0.43200000000000005,28.624
FJI,2015,0.69,-0.31000000000000005,28.842
FJI,2016,0.707,-0.29300000000000004,28.852
FJI,2017,0.705,-0.29500000000000004,28.815
FJI,2018,0.7,-0.30000000000000004,28.756
FJI,2019,0.67,-0.32999999999999996,28.743
FJI,2020,0.674,-0.32599999999999996,28.74
FJI,2021,0.654,-0.346,28.76
FJI,2022,0.621,-0.379,28.757
FJI,2023,0.646,-0.354,28.777
FIN,1950,0.824,-0.17600000000000005,29.457
FIN,1951,0.821,-0.17900000000000005,29.375
FIN,1952,0.821,-0.17900000000000005,29.237
FIN,1953,0.821,-0.17900000000000005,29.121
FIN,1954,0.856,-0.14400000000000002,28.956
FIN,1955,0.856,-0.14400000000000002,28.898
FIN,1956,0.851,-0.14900000000000002,28.751
FIN,1957,0.851,-0.14900000000000002,28.64
FIN,1958,0.854,-0.14600000000000002,28.545
FIN,1959,0.854,-0.14600000000000002,28.472
FIN,1960,0.825,-0.17500000000000004,28.374
FIN,1961,0.825,-0.17500000000000004,28.365
FIN,1962,0.82,-0.18000000000000005,28.204
FIN,1963,0.817,-0.18300000000000005,28.144
FIN,1964,0.817,-0.18300000000000005,28.076
FIN,1965,0.819,-0.18100000000000005,27.985
FIN,1966,0.833,-0.16700000000000004,27.803
FIN,1967,0.833,-0.16700000000000004,27.685
FIN,1968,0.831,-0.16900000000000004,27.459
FIN,1969,0.873,-0.127,27.361
FIN,1970,0.882,-0.118,27.166
FIN,1971,0.882,-0.118,26.962
FIN,1972,0.895,-0.10499999999999998,26.866
FIN,1973,0.895,-0.10499999999999998,26.949
FIN,1974,0.899,-0.10099999999999998,26.962
FIN,1975,0.902,-0.09799999999999998,27.051
FIN,1976,0.902,-0.09799999999999998,27.189
FIN,1977,0.899,-0.10099999999999998,27.36
FIN,1978,0.899,-0.10099999999999998,27.511
FIN,1979,0.908,-0.09199999999999997,27.665
FIN,1980,0.911,-0.08899999999999997,27.722
FIN,1981,0.911,-0.08899999999999997,27.877
FIN,1982,0.911,-0.08899999999999997,27.98
FIN,1983,0.918,-0.08199999999999996,28.157
FIN,1984,0.918,-0.08199999999999996,28.3
FIN,1985,0.917,-0.08299999999999996,28.415
FIN,1986,0.922,-0.07799999999999996,28.531
FIN,1987,0.923,-0.07699999999999996,28.655
FIN,1988,0.922,-0.07799999999999996,28.721
FIN,1989,0.922,-0.07799999999999996,28.754
FIN,1990,0.928,-0.07199999999999995,28.842
FIN,1991,0.932,-0.06799999999999995,28.85
FIN,1992,0.932,-0.06799999999999995,28.92
FIN,1993,0.932,-0.06799999999999995,28.994
FIN,1994,0.932,-0.06799999999999995,29.101
FIN,1995,0.931,-0.06899999999999995,29.241
FIN,1996,0.938,-0.062000000000000055,29.174
FIN,1997,0.938,-0.062000000000000055,29.42
FIN,1998,0.938,-0.062000000000000055,29.527
FIN,1999,0.936,-0.06399999999999995,29.569
FIN,2000,0.94,-0.06000000000000005,29.584
FIN,2001,0.94,-0.06000000000000005,29.638
FIN,2002,0.94,-0.06000000000000005,29.697
FIN,2003,0.941,-0.05900000000000005,29.796
FIN,2004,0.941,-0.05900000000000005,29.857
FIN,2005,0.944,-0.05600000000000005,29.898
FIN,2006,0.944,-0.05600000000000005,29.969
FIN,2007,0.945,-0.05500000000000005,30.017
FIN,2008,0.945,-0.05500000000000005,30.073
FIN,2009,0.945,-0.05500000000000005,30.111
FIN,2010,0.942,-0.05800000000000005,30.181
FIN,2011,0.942,-0.05800000000000005,30.295
FIN,2012,0.942,-0.05800000000000005,30.365
FIN,2013,0.943,-0.05700000000000005,30.444
FIN,2014,0.943,-0.05700000000000005,30.475
FIN,2015,0.945,-0.05500000000000005,30.583
FIN,2016,0.945,-0.05500000000000005,30.766
FIN,2017,0.944,-0.05600000000000005,30.873
FIN,2018,0.945,-0.05500000000000005,30.985
FIN,2019,0.946,-0.05400000000000005,31.073
FIN,2020,0.942,-0.05800000000000005,31.18
FIN,2021,0.94,-0.06000000000000005,31.384
FIN,2022,0.943,-0.05700000000000005,31.453
FIN,2023,0.942,-0.05800000000000005,31.472
FRA,1950,0.81,-0.18999999999999995,28.151
FRA,1951,0.79,-0.20999999999999996,28.075
FRA,1952,0.79,-0.20999999999999996,28.05
FRA,1953,0.79,-0.20999999999999996,27.965
FRA,1954,0.79,-0.20999999999999996,27.961
FRA,1955,0.79,-0.20999999999999996,27.932
FRA,1956,0.787,-0.21299999999999997,27.849
FRA,1957,0.787,-0.21299999999999997,27.833
FRA,1958,0.774,-0.22599999999999998,27.78
FRA,1959,0.774,-0.22599999999999998,27.738
FRA,1960,0.778,-0.22199999999999998,27.685
FRA,1961,0.778,-0.22199999999999998,27.651
FRA,1962,0.78,-0.21999999999999997,27.584
FRA,1963,0.78,-0.21999999999999997,27.518
FRA,1964,0.78,-0.21999999999999997,27.432
FRA,1965,0.778,-0.22199999999999998,27.337
FRA,1966,0.79,-0.20999999999999996,27.331
FRA,1967,0.792,-0.20799999999999996,27.34
FRA,1968,0.791,-0.20899999999999996,27.316
FRA,1969,0.795,-0.20499999999999996,27.275
FRA,1970,0.795,-0.20499999999999996,27.167
FRA,1971,0.795,-0.20499999999999996,27.092
FRA,1972,0.795,-0.20499999999999996,26.972
FRA,1973,0.798,-0.20199999999999996,26.873
FRA,1974,0.791,-0.20899999999999996,26.783
FRA,1975,0.791,-0.20899999999999996,26.676
FRA,1976,0.793,-0.20699999999999996,26.582
FRA,1977,0.793,-0.20699999999999996,26.559
FRA,1978,0.803,-0.19699999999999995,26.635
FRA,1979,0.803,-0.19699999999999995,26.747
FRA,1980,0.81,-0.18999999999999995,26.85
FRA,1981,0.826,-0.17400000000000004,26.99
FRA,1982,0.827,-0.17300000000000004,27.072
FRA,1983,0.831,-0.16900000000000004,27.137
FRA,1984,0.831,-0.16900000000000004,27.279
FRA,1985,0.831,-0.16900000000000004,27.479
FRA,1986,0.828,-0.17200000000000004,27.664
FRA,1987,0.828,-0.17200000000000004,27.87
FRA,1988,0.828,-0.17200000000000004,28.038
FRA,1989,0.829,-0.17100000000000004,28.183
FRA,1990,0.874,-0.126,28.306
FRA,1991,0.874,-0.126,28.395
FRA,1992,0.878,-0.122,28.539
FRA,1993,0.876,-0.124,28.676
FRA,1994,0.876,-0.124,28.834
FRA,1995,0.876,-0.124,28.986
FRA,1996,0.876,-0.124,29.105
FRA,1997,0.893,-0.10699999999999998,29.206
FRA,1998,0.903,-0.09699999999999998,29.282
FRA,1999,0.904,-0.09599999999999997,29.321
FRA,2000,0.909,-0.09099999999999997,29.364
FRA,2001,0.909,-0.09099999999999997,29.39
FRA,2002,0.914,-0.08599999999999997,29.459
FRA,2003,0.914,-0.08599999999999997,29.534
FRA,2004,0.914,-0.08599999999999997,29.577
FRA,2005,0.914,-0.08599999999999997,29.673
FRA,2006,0.911,-0.08899999999999997,29.752
FRA,2007,0.926,-0.07399999999999995,29.819
FRA,2008,0.93,-0.06999999999999995,29.86
FRA,2009,0.929,-0.07099999999999995,29.908
FRA,2010,0.93,-0.06999999999999995,29.965
FRA,2011,0.93,-0.06999999999999995,30.036
FRA,2012,0.939,-0.061000000000000054,30.095
FRA,2013,0.942,-0.05800000000000005,30.202
FRA,2014,0.942,-0.05800000000000005,30.304
FRA,2015,0.94,-0.06000000000000005,30.407
FRA,2016,0.94,-0.06000000000000005,30.506
FRA,2017,0.943,-0.05700000000000005,30.616
FRA,2018,0.944,-0.05600000000000005,30.721
FRA,2019,0.942,-0.05800000000000005,30.787
FRA,2020,0.929,-0.07099999999999995,30.896
FRA,2021,0.931,-0.06899999999999995,31.113
FRA,2022,0.929,-0.07099999999999995,31.484
FRA,2023,0.93,-0.06999999999999995,31.58
GAB,1950,0.127,-0.873,28.19
GAB,1951,0.127,-0.873,28.192
GAB,1952,0.127,-0.873,28.194
GAB,1953,0.127,-0.873,28.195
GAB,1954,0.127,-0.873,28.196
GAB,1955,0.127,-0.873,28.198
GAB,1956,0.127,-0.873,28.2
GAB,1957,0.137,-0.863,28.203
GAB,1958,0.145,-0.855,28.206
GAB,1959,0.145,-0.855,28.209
GAB,1960,0.283,-0.7170000000000001,28.211
GAB,1961,0.315,-0.685,28.212
GAB,1962,0.315,-0.685,28.213
GAB,1963,0.315,-0.685,28.213
GAB,1964,0.306,-0.694,28.214
GAB,1965,0.315,-0.685,28.215
GAB,1966,0.315,-0.685,28.215
GAB,1967,0.325,-0.675,28.211
GAB,1968,0.318,-0.6819999999999999,28.206
GAB,1969,0.318,-0.6819999999999999,28.198
GAB,1970,0.321,-0.679,28.198
GAB,1971,0.321,-0.679,28.198
GAB,1972,0.32,-0.6799999999999999,28.199
GAB,1973,0.347,-0.653,28.207
GAB,1974,0.347,-0.653,28.213
GAB,1975,0.347,-0.653,28.22
GAB,1976,0.347,-0.653,28.235
GAB,1977,0.347,-0.653,28.245
GAB,1978,0.347,-0.653,28.25
GAB,1979,0.347,-0.653,28.298
GAB,1980,0.406,-0.594,28.346
GAB,1981,0.41,-0.5900000000000001,28.391
GAB,1982,0.41,-0.5900000000000001,28.436
GAB,1983,0.41,-0.5900000000000001,28.482
GAB,1984,0.41,-0.5900000000000001,28.5
GAB,1985,0.406,-0.594,28.532
GAB,1986,0.406,-0.594,28.563
GAB,1987,0.406,-0.594,28.539
GAB,1988,0.406,-0.594,28.562
GAB,1989,0.406,-0.594,28.628
GAB,1990,0.516,-0.484,28.582
GAB,1991,0.602,-0.398,28.591
GAB,1992,0.602,-0.398,28.612
GAB,1993,0.602,-0.398,28.569
GAB,1994,0.602,-0.398,28.579
GAB,1995,0.602,-0.398,28.511
GAB,1996,0.597,-0.403,28.384
GAB,1997,0.62,-0.38,28.314
GAB,1998,0.62,-0.38,28.242
GAB,1999,0.62,-0.38,28.254
GAB,2000,0.62,-0.38,28.35
GAB,2001,0.675,-0.32499999999999996,28.446
GAB,2002,0.675,-0.32499999999999996,28.467
GAB,2003,0.675,-0.32499999999999996,28.489
GAB,2004,0.675,-0.32499999999999996,28.519
GAB,2005,0.675,-0.32499999999999996,28.504
GAB,2006,0.689,-0.31100000000000005,28.492
GAB,2007,0.706,-0.29400000000000004,28.497
GAB,2008,0.689,-0.31100000000000005,28.452
GAB,2009,0.689,-0.31100000000000005,28.485
GAB,2010,0.707,-0.29300000000000004,28.518
GAB,2011,0.702,-0.29800000000000004,28.56
GAB,2012,0.714,-0.28600000000000003,28.572
GAB,2013,0.735,-0.265,28.597
GAB,2014,0.739,-0.261,28.596
GAB,2015,0.739,-0.261,28.595
GAB,2016,0.751,-0.249,28.608
GAB,2017,0.764,-0.236,28.608
GAB,2018,0.775,-0.22499999999999998,28.608
GAB,2019,0.754,-0.246,28.592
GAB,2020,0.755,-0.245,28.576
GAB,2021,0.755,-0.245,28.56
GAB,2022,0.759,-0.241,28.542
GAB,2023,0.797,-0.20299999999999996,28.524
GMB,1950,0.148,-0.852,27.585
GMB,1951,0.148,-0.852,27.606
GMB,1952,0.148,-0.852,27.626
GMB,1953,0.148,-0.852,27.645
GMB,1954,0.148,-0.852,27.663
GMB,1955,0.148,-0.852,27.68
GMB,1956,0.148,-0.852,27.697
GMB,1957,0.148,-0.852,27.712
GMB,1958,0.148,-0.852,27.727
GMB,1959,0.148,-0.852,27.74
GMB,1960,0.212,-0.788,27.752
GMB,1961,0.212,-0.788,27.764
GMB,1962,0.218,-0.782,27.776
GMB,1963,0.218,-0.782,27.788
GMB,1964,0.218,-0.782,27.801
GMB,1965,0.294,-0.706,27.813
GMB,1966,0.364,-0.636,27.823
GMB,1967,0.423,-0.577,27.833
GMB,1968,0.423,-0.577,27.841
GMB,1969,0.423,-0.577,27.848
GMB,1970,0.431,-0.569,27.854
GMB,1971,0.431,-0.569,27.861
GMB,1972,0.431,-0.569,27.867
GMB,1973,0.431,-0.569,27.954
GMB,1974,0.431,-0.569,28.001
GMB,1975,0.431,-0.569,28.048
GMB,1976,0.431,-0.569,28.093
GMB,1977,0.441,-0.5589999999999999,28.134
GMB,1978,0.441,-0.5589999999999999,28.172
GMB,1979,0.441,-0.5589999999999999,28.2
GMB,1980,0.441,-0.5589999999999999,28.228
GMB,1981,0.441,-0.5589999999999999,28.259
GMB,1982,0.478,-0.522,28.293
GMB,1983,0.487,-0.513,28.34
GMB,1984,0.487,-0.513,28.365
GMB,1985,0.487,-0.513,28.374
GMB,1986,0.487,-0.513,28.384
GMB,1987,0.501,-0.499,28.398
GMB,1988,0.498,-0.502,28.397
GMB,1989,0.498,-0.502,28.515
GMB,1990,0.498,-0.502,28.585
GMB,1991,0.494,-0.506,28.64
GMB,1992,0.515,-0.485,28.645
GMB,1993,0.494,-0.506,28.64
GMB,1994,0.464,-0.536,28.736
GMB,1995,0.482,-0.518,28.857
GMB,1996,0.482,-0.518,28.949
GMB,1997,0.502,-0.498,28.986
GMB,1998,0.497,-0.503,29.094
GMB,1999,0.498,-0.502,29.234
GMB,2000,0.504,-0.496,29.327
GMB,2001,0.504,-0.496,29.343
GMB,2002,0.528,-0.472,29.557
GMB,2003,0.528,-0.472,29.712
GMB,2004,0.57,-0.43000000000000005,29.831
GMB,2005,0.57,-0.43000000000000005,29.962
GMB,2006,0.57,-0.43000000000000005,29.965
GMB,2007,0.548,-0.45199999999999996,29.991
GMB,2008,0.552,-0.44799999999999995,30.023
GMB,2009,0.54,-0.45999999999999996,30.009
GMB,2010,0.545,-0.45499999999999996,30.073
GMB,2011,0.544,-0.45599999999999996,30.139
GMB,2012,0.548,-0.45199999999999996,30.142
GMB,2013,0.539,-0.46099999999999997,30.137
GMB,2014,0.552,-0.44799999999999995,30.138
GMB,2015,0.554,-0.44599999999999995,30.126
GMB,2016,0.547,-0.45299999999999996,30.108
GMB,2017,0.68,-0.31999999999999995,30.076
GMB,2018,0.749,-0.251,30.024
GMB,2019,0.75,-0.25,29.986
GMB,2020,0.781,-0.21899999999999997,29.953
GMB,2021,0.762,-0.238,29.907
GMB,2022,0.782,-0.21799999999999997,29.86
GMB,2023,0.79,-0.20999999999999996,29.823
GEO,1950,0.347,-0.653,28.88
GEO,1951,0.347,-0.653,28.868
GEO,1952,0.347,-0.653,28.856
GEO,1953,0.358,-0.642,28.844
GEO,1954,0.426,-0.5740000000000001,28.83
GEO,1955,0.43,-0.5700000000000001,28.818
GEO,1956,0.445,-0.5549999999999999,28.804
GEO,1957,0.446,-0.554,28.791
GEO,1958,0.454,-0.546,28.775
GEO,1959,0.454,-0.546,28.76
GEO,1960,0.462,-0.538,28.427
GEO,1961,0.462,-0.538,28.336
GEO,1962,0.468,-0.532,28.242
GEO,1963,0.468,-0.532,28.149
GEO,1964,0.468,-0.532,28.057
GEO,1965,0.48,-0.52,27.96
GEO,1966,0.485,-0.515,27.909
GEO,1967,0.491,-0.509,27.746
GEO,1968,0.487,-0.513,27.587
GEO,1969,0.478,-0.522,27.424
GEO,1970,0.482,-0.518,27.267
GEO,1971,0.481,-0.519,27.22
GEO,1972,0.477,-0.523,27.146
GEO,1973,0.481,-0.519,27.074
GEO,1974,0.488,-0.512,27.0
GEO,1975,0.484,-0.516,26.928
GEO,1976,0.485,-0.515,26.92
GEO,1977,0.478,-0.522,26.696
GEO,1978,0.478,-0.522,26.473
GEO,1979,0.482,-0.518,26.252
GEO,1980,0.482,-0.518,25.928
GEO,1981,0.482,-0.518,25.895
GEO,1982,0.482,-0.518,25.838
GEO,1983,0.482,-0.518,25.838
GEO,1984,0.48,-0.52,25.887
GEO,1985,0.496,-0.504,25.863
GEO,1986,0.531,-0.469,25.923
GEO,1987,0.525,-0.475,25.868
GEO,1988,0.534,-0.46599999999999997,25.648
GEO,1989,0.497,-0.503,25.579
GEO,1990,0.614,-0.386,25.679
GEO,1991,0.716,-0.28400000000000003,25.589
GEO,1992,0.686,-0.31399999999999995,25.322
GEO,1993,0.724,-0.276,25.074
GEO,1994,0.728,-0.272,24.874
GEO,1995,0.752,-0.248,25.015
GEO,1996,0.747,-0.253,25.249
GEO,1997,0.747,-0.253,25.536
GEO,1998,0.749,-0.251,25.531
GEO,1999,0.75,-0.25,25.671
GEO,2000,0.749,-0.251,25.835
GEO,2001,0.751,-0.249,26.174
GEO,2002,0.748,-0.252,26.367
GEO,2003,0.75,-0.25,26.33
GEO,2004,0.792,-0.20799999999999996,26.233
GEO,2005,0.788,-0.21199999999999997,26.089
GEO,2006,0.786,-0.21399999999999997,26.126
GEO,2007,0.784,-0.21599999999999997,26.187
GEO,2008,0.756,-0.244,26.168
GEO,2009,0.755,-0.245,26.112
GEO,2010,0.76,-0.24,26.353
GEO,2011,0.762,-0.238,26.459
GEO,2012,0.801,-0.19899999999999995,26.651
GEO,2013,0.8,-0.19999999999999996,26.814
GEO,2014,0.802,-0.19799999999999995,26.921
GEO,2015,0.822,-0.17800000000000005,27.151
GEO,2016,0.853,-0.14700000000000002,27.375
GEO,2017,0.853,-0.14700000000000002,27.598
GEO,2018,0.869,-0.131,27.789
GEO,2019,0.881,-0.119,28.006
GEO,2020,0.896,-0.10399999999999998,28.211
GEO,2021,0.892,-0.10799999999999998,28.33
GEO,2022,0.887,-0.11299999999999999,28.499
GEO,2023,0.886,-0.11399999999999999,28.501
DEU,1991,0.913,-0.08699999999999997,27.759
DEU,1992,0.913,-0.08699999999999997,27.918
DEU,1993,0.915,-0.08499999999999996,28.05
DEU,1994,0.921,-0.07899999999999996,28.18
DEU,1995,0.923,-0.07699999999999996,28.304
DEU,1996,0.923,-0.07699999999999996,28.385
DEU,1997,0.919,-0.08099999999999996,28.524
DEU,1998,0.944,-0.05600000000000005,28.587
DEU,1999,0.945,-0.05500000000000005,28.664
DEU,2000,0.949,-0.051000000000000045,28.766
DEU,2001,0.949,-0.051000000000000045,28.843
DEU,2002,0.949,-0.051000000000000045,28.994
DEU,2003,0.949,-0.051000000000000045,29.141
DEU,2004,0.947,-0.05300000000000005,29.311
DEU,2005,0.951,-0.049000000000000044,29.441
DEU,2006,0.951,-0.049000000000000044,29.596
DEU,2007,0.951,-0.049000000000000044,29.805
DEU,2008,0.948,-0.052000000000000046,29.968
DEU,2009,0.948,-0.052000000000000046,30.137
DEU,2010,0.951,-0.049000000000000044,30.282
DEU,2011,0.951,-0.049000000000000044,30.451
DEU,2012,0.951,-0.049000000000000044,30.56
DEU,2013,0.953,-0.04700000000000004,30.705
DEU,2014,0.953,-0.04700000000000004,30.82
DEU,2015,0.953,-0.04700000000000004,30.87
DEU,2016,0.953,-0.04700000000000004,30.86
DEU,2017,0.952,-0.04800000000000004,31.001
DEU,2018,0.954,-0.04600000000000004,31.125
DEU,2019,0.956,-0.04400000000000004,31.215
DEU,2020,0.952,-0.04800000000000004,31.315
DEU,2021,0.952,-0.04800000000000004,31.429
DEU,2022,0.951,-0.049000000000000044,31.463
DEU,2023,0.953,-0.04700000000000004,31.466
GHA,1950,0.311,-0.6890000000000001,29.734
GHA,1951,0.311,-0.6890000000000001,29.743
GHA,1952,0.311,-0.6890000000000001,29.751
GHA,1953,0.311,-0.6890000000000001,29.758
GHA,1954,0.324,-0.6759999999999999,29.762
GHA,1955,0.324,-0.6759999999999999,29.739
GHA,1956,0.347,-0.653,29.717
GHA,1957,0.43,-0.5700000000000001,29.696
GHA,1958,0.434,-0.5660000000000001,29.627
GHA,1959,0.434,-0.5660000000000001,29.557
GHA,1960,0.529,-0.471,29.554
GHA,1961,0.514,-0.486,29.602
GHA,1962,0.534,-0.46599999999999997,29.643
GHA,1963,0.534,-0.46599999999999997,29.667
GHA,1964,0.534,-0.46599999999999997,29.665
GHA,1965,0.534,-0.46599999999999997,29.661
GHA,1966,0.436,-0.5640000000000001,29.776
GHA,1967,0.431,-0.569,29.842
GHA,1968,0.431,-0.569,29.801
GHA,1969,0.499,-0.501,29.873
GHA,1970,0.528,-0.472,29.915
GHA,1971,0.537,-0.46299999999999997,29.989
GHA,1972,0.421,-0.579,30.016
GHA,1973,0.416,-0.5840000000000001,30.023
GHA,1974,0.428,-0.5720000000000001,30.082
GHA,1975,0.428,-0.5720000000000001,30.161
GHA,1976,0.428,-0.5720000000000001,30.273
GHA,1977,0.428,-0.5720000000000001,30.217
GHA,1978,0.428,-0.5720000000000001,30.171
GHA,1979,0.514,-0.486,30.179
GHA,1980,0.556,-0.44399999999999995,30.181
GHA,1981,0.518,-0.482,30.202
GHA,1982,0.492,-0.508,30.135
GHA,1983,0.455,-0.5449999999999999,30.085
GHA,1984,0.455,-0.5449999999999999,30.061
GHA,1985,0.461,-0.5389999999999999,30.058
GHA,1986,0.461,-0.5389999999999999,30.074
GHA,1987,0.461,-0.5389999999999999,30.073
GHA,1988,0.465,-0.5349999999999999,30.081
GHA,1989,0.465,-0.5349999999999999,30.042
GHA,1990,0.52,-0.48,30.004
GHA,1991,0.52,-0.48,29.975
GHA,1992,0.523,-0.477,29.964
GHA,1993,0.691,-0.30900000000000005,30.039
GHA,1994,0.754,-0.246,30.054
GHA,1995,0.761,-0.239,30.014
GHA,1996,0.766,-0.23399999999999999,30.067
GHA,1997,0.772,-0.22799999999999998,30.021
GHA,1998,0.772,-0.22799999999999998,30.013
GHA,1999,0.772,-0.22799999999999998,30.095
GHA,2000,0.781,-0.21899999999999997,30.025
GHA,2001,0.786,-0.21399999999999997,30.026
GHA,2002,0.79,-0.20999999999999996,30.053
GHA,2003,0.79,-0.20999999999999996,30.067
GHA,2004,0.801,-0.19899999999999995,30.061
GHA,2005,0.801,-0.19899999999999995,30.07
GHA,2006,0.801,-0.19899999999999995,29.989
GHA,2007,0.801,-0.19899999999999995,29.92
GHA,2008,0.787,-0.21299999999999997,29.918
GHA,2009,0.786,-0.21399999999999997,29.919
GHA,2010,0.798,-0.20199999999999996,29.915
GHA,2011,0.796,-0.20399999999999996,29.849
GHA,2012,0.807,-0.19299999999999995,29.782
GHA,2013,0.8,-0.19999999999999996,29.688
GHA,2014,0.794,-0.20599999999999996,29.594
GHA,2015,0.78,-0.21999999999999997,29.55
GHA,2016,0.791,-0.20899999999999996,29.528
GHA,2017,0.789,-0.21099999999999997,29.49
GHA,2018,0.793,-0.20699999999999996,29.483
GHA,2019,0.795,-0.20499999999999996,29.504
GHA,2020,0.809,-0.19099999999999995,29.526
GHA,2021,0.788,-0.21199999999999997,29.55
GHA,2022,0.81,-0.18999999999999995,29.515
GHA,2023,0.812,-0.18799999999999994,29.506
GRC,1950,0.433,-0.567,29.972
GRC,1951,0.441,-0.5589999999999999,29.851
GRC,1952,0.477,-0.523,29.752
GRC,1953,0.539,-0.46099999999999997,29.675
GRC,1954,0.544,-0.45599999999999996,29.598
GRC,1955,0.544,-0.45599999999999996,29.523
GRC,1956,0.542,-0.45799999999999996,29.465
GRC,1957,0.542,-0.45799999999999996,29.384
GRC,1958,0.546,-0.45399999999999996,29.243
GRC,1959,0.546,-0.45399999999999996,29.023
GRC,1960,0.546,-0.45399999999999996,28.77
GRC,1961,0.542,-0.45799999999999996,28.717
GRC,1962,0.542,-0.45799999999999996,28.626
GRC,1963,0.54,-0.45999999999999996,28.434
GRC,1964,0.552,-0.44799999999999995,28.254
GRC,1965,0.552,-0.44799999999999995,28.051
GRC,1966,0.538,-0.46199999999999997,27.888
GRC,1967,0.438,-0.562,27.769
GRC,1968,0.438,-0.562,27.66
GRC,1969,0.438,-0.562,27.637
GRC,1970,0.438,-0.562,27.433
GRC,1971,0.438,-0.562,27.347
GRC,1972,0.438,-0.562,27.227
GRC,1973,0.438,-0.562,27.103
GRC,1974,0.509,-0.491,26.931
GRC,1975,0.732,-0.268,26.765
GRC,1976,0.784,-0.21599999999999997,26.561
GRC,1977,0.794,-0.20599999999999996,26.468
GRC,1978,0.794,-0.20599999999999996,26.317
GRC,1979,0.794,-0.20599999999999996,26.215
GRC,1980,0.798,-0.20199999999999996,26.146
GRC,1981,0.804,-0.19599999999999995,26.17
GRC,1982,0.821,-0.17900000000000005,26.184
GRC,1983,0.844,-0.15600000000000003,26.186
GRC,1984,0.844,-0.15600000000000003,26.196
GRC,1985,0.844,-0.15600000000000003,26.298
GRC,1986,0.844,-0.15600000000000003,26.458
GRC,1987,0.844,-0.15600000000000003,26.603
GRC,1988,0.844,-0.15600000000000003,26.799
GRC,1989,0.87,-0.13,26.999
GRC,1990,0.862,-0.138,27.185
GRC,1991,0.862,-0.138,27.398
GRC,1992,0.862,-0.138,27.592
GRC,1993,0.868,-0.132,27.866
GRC,1994,0.868,-0.132,28.058
GRC,1995,0.868,-0.132,28.24
GRC,1996,0.87,-0.13,28.431
GRC,1997,0.885,-0.11499999999999999,28.633
GRC,1998,0.885,-0.11499999999999999,28.787
GRC,1999,0.885,-0.11499999999999999,28.978
GRC,2000,0.894,-0.10599999999999998,29.432
GRC,2001,0.891,-0.10899999999999999,29.274
GRC,2002,0.891,-0.10899999999999999,29.395
GRC,2003,0.891,-0.10899999999999999,29.541
GRC,2004,0.905,-0.09499999999999997,29.722
GRC,2005,0.905,-0.09499999999999997,29.894
GRC,2006,0.908,-0.09199999999999997,29.962
GRC,2007,0.911,-0.08899999999999997,30.07
GRC,2008,0.911,-0.08899999999999997,30.177
GRC,2009,0.917,-0.08299999999999996,30.303
GRC,2010,0.92,-0.07999999999999996,30.392
GRC,2011,0.92,-0.07999999999999996,30.513
GRC,2012,0.922,-0.07799999999999996,30.681
GRC,2013,0.92,-0.07999999999999996,30.881
GRC,2014,0.922,-0.07799999999999996,31.044
GRC,2015,0.921,-0.07899999999999996,31.215
GRC,2016,0.917,-0.08299999999999996,31.293
GRC,2017,0.926,-0.07399999999999995,31.376
GRC,2018,0.912,-0.08799999999999997,31.473
GRC,2019,0.914,-0.08599999999999997,31.586
GRC,2020,0.909,-0.09099999999999997,31.684
GRC,2021,0.918,-0.08199999999999996,31.929
GRC,2022,0.909,-0.09099999999999997,31.959
GRC,2023,0.91,-0.08999999999999997,31.969
GTM,1950,0.24,-0.76,28.863
GTM,1951,0.24,-0.76,28.813
GTM,1952,0.24,-0.76,28.747
GTM,1953,0.24,-0.76,28.673
GTM,1954,0.228,-0.772,28.596
GTM,1955,0.141,-0.859,28.559
GTM,1956,0.149,-0.851,28.533
GTM,1957,0.149,-0.851,28.501
GTM,1958,0.142,-0.858,28.494
GTM,1959,0.143,-0.857,28.476
GTM,1960,0.147,-0.853,28.507
GTM,1961,0.147,-0.853,28.522
GTM,1962,0.147,-0.853,28.57
GTM,1963,0.141,-0.859,28.615
GTM,1964,0.141,-0.859,28.678
GTM,1965,0.137,-0.863,28.737
GTM,1966,0.13,-0.87,28.736
GTM,1967,0.141,-0.859,28.792
GTM,1968,0.141,-0.859,28.828
GTM,1969,0.141,-0.859,28.819
GTM,1970,0.142,-0.858,28.845
GTM,1971,0.141,-0.859,28.862
GTM,1972,0.141,-0.859,28.909
GTM,1973,0.141,-0.859,28.967
GTM,1974,0.153,-0.847,28.937
GTM,1975,0.155,-0.845,28.936
GTM,1976,0.156,-0.844,28.965
GTM,1977,0.147,-0.853,28.983
GTM,1978,0.136,-0.864,28.987
GTM,1979,0.136,-0.864,28.985
GTM,1980,0.136,-0.864,28.939
GTM,1981,0.136,-0.864,28.988
GTM,1982,0.117,-0.883,29.014
GTM,1983,0.119,-0.881,28.966
GTM,1984,0.132,-0.868,29.049
GTM,1985,0.197,-0.8029999999999999,29.026
GTM,1986,0.258,-0.742,29.005
GTM,1987,0.302,-0.698,28.966
GTM,1988,0.302,-0.698,28.89
GTM,1989,0.302,-0.698,28.871
GTM,1990,0.362,-0.638,28.853
GTM,1991,0.364,-0.636,28.783
GTM,1992,0.364,-0.636,28.755
GTM,1993,0.363,-0.637,28.711
GTM,1994,0.414,-0.5860000000000001,28.68
GTM,1995,0.45,-0.55,28.63
GTM,1996,0.499,-0.501,28.593
GTM,1997,0.52,-0.48,28.555
GTM,1998,0.529,-0.471,28.471
GTM,1999,0.5,-0.5,28.45
GTM,2000,0.595,-0.405,28.349
GTM,2001,0.595,-0.405,28.355
GTM,2002,0.595,-0.405,28.361
GTM,2003,0.595,-0.405,28.389
GTM,2004,0.601,-0.399,28.413
GTM,2005,0.601,-0.399,28.37
GTM,2006,0.603,-0.397,28.352
GTM,2007,0.623,-0.377,28.228
GTM,2008,0.63,-0.37,28.107
GTM,2009,0.628,-0.372,28.01
GTM,2010,0.635,-0.365,27.914
GTM,2011,0.641,-0.359,27.794
GTM,2012,0.636,-0.364,27.703
GTM,2013,0.66,-0.33999999999999997,27.895
GTM,2014,0.663,-0.33699999999999997,27.807
GTM,2015,0.667,-0.33299999999999996,27.708
GTM,2016,0.662,-0.33799999999999997,27.585
GTM,2017,0.681,-0.31899999999999995,27.469
GTM,2018,0.698,-0.30200000000000005,27.403
GTM,2019,0.679,-0.32099999999999995,27.355
GTM,2020,0.691,-0.30900000000000005,27.339
GTM,2021,0.697,-0.30300000000000005,27.344
GTM,2022,0.696,-0.30400000000000005,27.337
GTM,2023,0.724,-0.276,27.329
GIN,1950,0.108,-0.892,28.381
GIN,1951,0.108,-0.892,28.391
GIN,1952,0.108,-0.892,28.4
GIN,1953,0.108,-0.892,28.408
GIN,1954,0.109,-0.891,28.415
GIN,1955,0.108,-0.892,28.452
GIN,1956,0.108,-0.892,28.489
GIN,1957,0.121,-0.879,28.526
GIN,1958,0.194,-0.806,28.562
GIN,1959,0.235,-0.765,28.596
GIN,1960,0.219,-0.781,28.631
GIN,1961,0.219,-0.781,28.665
GIN,1962,0.219,-0.781,28.699
GIN,1963,0.331,-0.669,28.735
GIN,1964,0.331,-0.669,28.772
GIN,1965,0.341,-0.659,28.808
GIN,1966,0.341,-0.659,28.843
GIN,1967,0.341,-0.659,28.882
GIN,1968,0.357,-0.643,28.922
GIN,1969,0.357,-0.643,28.961
GIN,1970,0.361,-0.639,28.998
GIN,1971,0.361,-0.639,29.027
GIN,1972,0.361,-0.639,29.084
GIN,1973,0.361,-0.639,29.138
GIN,1974,0.333,-0.667,29.241
GIN,1975,0.333,-0.667,29.342
GIN,1976,0.33,-0.6699999999999999,29.441
GIN,1977,0.337,-0.663,29.464
GIN,1978,0.337,-0.663,29.439
GIN,1979,0.337,-0.663,29.408
GIN,1980,0.337,-0.663,29.395
GIN,1981,0.337,-0.663,29.385
GIN,1982,0.337,-0.663,29.351
GIN,1983,0.337,-0.663,29.391
GIN,1984,0.232,-0.768,29.432
GIN,1985,0.235,-0.765,29.436
GIN,1986,0.235,-0.765,29.475
GIN,1987,0.235,-0.765,29.523
GIN,1988,0.238,-0.762,29.537
GIN,1989,0.238,-0.762,29.594
GIN,1990,0.243,-0.757,29.563
GIN,1991,0.354,-0.646,29.32
GIN,1992,0.374,-0.626,29.262
GIN,1993,0.377,-0.623,29.256
GIN,1994,0.372,-0.628,29.309
GIN,1995,0.315,-0.685,29.413
GIN,1996,0.315,-0.685,29.11
GIN,1997,0.315,-0.685,29.031
GIN,1998,0.315,-0.685,29.183
GIN,1999,0.315,-0.685,29.168
GIN,2000,0.355,-0.645,29.232
GIN,2001,0.355,-0.645,29.254
GIN,2002,0.434,-0.5660000000000001,29.201
GIN,2003,0.434,-0.5660000000000001,29.299
GIN,2004,0.434,-0.5660000000000001,29.406
GIN,2005,0.438,-0.562,29.38
GIN,2006,0.444,-0.556,29.396
GIN,2007,0.445,-0.5549999999999999,29.376
GIN,2008,0.311,-0.6890000000000001,29.29
GIN,2009,0.301,-0.6990000000000001,29.233
GIN,2010,0.349,-0.651,29.146
GIN,2011,0.346,-0.654,29.139
GIN,2012,0.346,-0.654,29.112
GIN,2013,0.359,-0.641,29.087
GIN,2014,0.369,-0.631,29.06
GIN,2015,0.486,-0.514,29.044
GIN,2016,0.486,-0.514,28.988
GIN,2017,0.497,-0.503,28.835
GIN,2018,0.516,-0.484,28.669
GIN,2019,0.492,-0.508,28.511
GIN,2020,0.485,-0.515,28.413
GIN,2021,0.397,-0.603,28.361
GIN,2022,0.409,-0.591,28.311
GIN,2023,0.55,-0.44999999999999996,28.261
GNB,1950,0.043,-0.957,30.123
GNB,1951,0.043,-0.957,30.123
GNB,1952,0.043,-0.957,30.123
GNB,1953,0.043,-0.957,30.123
GNB,1954,0.043,-0.957,30.123
GNB,1955,0.043,-0.957,30.123
GNB,1956,0.043,-0.957,30.123
GNB,1957,0.043,-0.957,30.123
GNB,1958,0.043,-0.957,30.123
GNB,1959,0.043,-0.957,30.123
GNB,1960,0.069,-0.931,30.124
GNB,1961,0.071,-0.929,30.124
GNB,1962,0.072,-0.928,30.124
GNB,1963,0.072,-0.928,30.125
GNB,1964,0.072,-0.928,30.125
GNB,1965,0.072,-0.928,30.125
GNB,1966,0.072,-0.928,30.126
GNB,1967,0.072,-0.928,30.126
GNB,1968,0.072,-0.928,30.126
GNB,1969,0.072,-0.928,30.127
GNB,1970,0.072,-0.928,30.127
GNB,1971,0.072,-0.928,30.128
GNB,1972,0.107,-0.893,30.129
GNB,1973,0.172,-0.8280000000000001,30.129
GNB,1974,0.426,-0.5740000000000001,30.13
GNB,1975,0.426,-0.5740000000000001,30.131
GNB,1976,0.454,-0.546,30.132
GNB,1977,0.454,-0.546,30.134
GNB,1978,0.454,-0.546,30.136
GNB,1979,0.454,-0.546,30.138
GNB,1980,0.471,-0.529,30.141
GNB,1981,0.471,-0.529,30.143
GNB,1982,0.471,-0.529,30.145
GNB,1983,0.471,-0.529,30.146
GNB,1984,0.483,-0.517,30.147
GNB,1985,0.484,-0.516,30.147
GNB,1986,0.484,-0.516,30.147
GNB,1987,0.484,-0.516,30.147
GNB,1988,0.484,-0.516,30.146
GNB,1989,0.512,-0.488,30.145
GNB,1990,0.514,-0.486,30.141
GNB,1991,0.517,-0.483,30.134
GNB,1992,0.517,-0.483,30.132
GNB,1993,0.577,-0.42300000000000004,30.129
GNB,1994,0.543,-0.45699999999999996,30.108
GNB,1995,0.551,-0.44899999999999995,30.144
GNB,1996,0.551,-0.44899999999999995,30.186
GNB,1997,0.551,-0.44899999999999995,30.118
GNB,1998,0.551,-0.44899999999999995,30.095
GNB,1999,0.538,-0.46199999999999997,30.066
GNB,2000,0.584,-0.41600000000000004,30.034
GNB,2001,0.587,-0.41300000000000003,30.019
GNB,2002,0.616,-0.384,30.0
GNB,2003,0.577,-0.42300000000000004,29.976
GNB,2004,0.578,-0.42200000000000004,29.991
GNB,2005,0.664,-0.33599999999999997,30.006
GNB,2006,0.666,-0.33399999999999996,30.002
GNB,2007,0.667,-0.33299999999999996,29.997
GNB,2008,0.625,-0.375,29.984
GNB,2009,0.644,-0.356,29.965
GNB,2010,0.644,-0.356,29.962
GNB,2011,0.644,-0.356,29.957
GNB,2012,0.632,-0.368,29.949
GNB,2013,0.674,-0.32599999999999996,29.925
GNB,2014,0.705,-0.29500000000000004,29.898
GNB,2015,0.705,-0.29500000000000004,29.873
GNB,2016,0.705,-0.29500000000000004,29.84
GNB,2017,0.697,-0.30300000000000005,29.794
GNB,2018,0.704,-0.29600000000000004,29.743
GNB,2019,0.7,-0.30000000000000004,29.691
GNB,2020,0.689,-0.31100000000000005,29.637
GNB,2021,0.688,-0.31200000000000006,29.586
GNB,2022,0.576,-0.42400000000000004,29.528
GNB,2023,0.595,-0.405,29.468
GUY,1950,0.465,-0.5349999999999999,27.305
GUY,1951,0.451,-0.5489999999999999,27.303
GUY,1952,0.451,-0.5489999999999999,27.301
GUY,1953,0.462,-0.538,27.331
GUY,1954,0.526,-0.474,27.358
GUY,1955,0.526,-0.474,27.437
GUY,1956,0.526,-0.474,27.487
GUY,1957,0.526,-0.474,27.559
GUY,1968,0.706,-0.29400000000000004,27.988
GUY,1969,0.706,-0.29400000000000004,27.904
GUY,1970,0.707,-0.29300000000000004,27.915
GUY,1971,0.707,-0.29300000000000004,27.854
GUY,1972,0.707,-0.29300000000000004,27.767
GUY,1973,0.707,-0.29300000000000004,27.633
GUY,1974,0.707,-0.29300000000000004,27.541
GUY,1975,0.707,-0.29300000000000004,27.449
GUY,1976,0.707,-0.29300000000000004,27.358
GUY,1977,0.707,-0.29300000000000004,27.293
GUY,1978,0.707,-0.29300000000000004,27.225
GUY,1979,0.707,-0.29300000000000004,27.21
GUY,1980,0.734,-0.266,27.2
GUY,1981,0.725,-0.275,27.055
GUY,1982,0.725,-0.275,27.004
GUY,1983,0.725,-0.275,26.975
GUY,1984,0.725,-0.275,26.9
GUY,1985,0.779,-0.22099999999999997,26.826
GUY,1986,0.797,-0.20299999999999996,26.754
GUY,1987,0.797,-0.20299999999999996,26.73
GUY,1988,0.797,-0.20299999999999996,26.709
GUY,1989,0.797,-0.20299999999999996,26.733
GUY,1990,0.802,-0.19799999999999995,26.743
GUY,1991,0.802,-0.19799999999999995,26.756
GUY,1992,0.744,-0.256,26.725
GUY,1993,0.716,-0.28400000000000003,26.687
GUY,1994,0.716,-0.28400000000000003,26.674
GUY,1995,0.716,-0.28400000000000003,26.649
GUY,1996,0.741,-0.259,26.658
GUY,1997,0.733,-0.267,26.664
GUY,1998,0.807,-0.19299999999999995,26.601
GUY,1999,0.8,-0.19999999999999996,26.617
GUY,2000,0.8,-0.19999999999999996,26.632
GUY,2001,0.807,-0.19299999999999995,26.637
GUY,2002,0.807,-0.19299999999999995,26.562
GUY,2003,0.807,-0.19299999999999995,26.526
GUY,2004,0.83,-0.17000000000000004,26.503
GUY,2005,0.83,-0.17000000000000004,26.491
GUY,2006,0.85,-0.15000000000000002,26.479
GUY,2007,0.85,-0.15000000000000002,26.495
GUY,2008,0.852,-0.14800000000000002,26.569
GUY,2009,0.844,-0.15600000000000003,26.636
GUY,2010,0.857,-0.14300000000000002,26.698
GUY,2011,0.864,-0.136,26.78
GUY,2012,0.864,-0.136,26.857
GUY,2013,0.853,-0.14700000000000002,26.902
GUY,2014,0.853,-0.14700000000000002,26.913
GUY,2015,0.867,-0.133,26.918
GUY,2016,0.875,-0.125,26.955
GUY,2017,0.873,-0.127,26.996
GUY,2018,0.868,-0.132,27.021
GUY,2019,0.867,-0.133,27.02
GUY,2020,0.861,-0.139,27.019
GUY,2021,0.836,-0.16400000000000003,27.016
GUY,2022,0.824,-0.17600000000000005,27.013
GUY,2023,0.83,-0.17000000000000004,27.009
HTI,1950,0.255,-0.745,30.621
HTI,1951,0.255,-0.745,30.63
HTI,1952,0.255,-0.745,30.639
HTI,1953,0.255,-0.745,30.638
HTI,1954,0.255,-0.745,30.637
HTI,1955,0.255,-0.745,30.638
HTI,1956,0.255,-0.745,30.655
HTI,1957,0.246,-0.754,30.674
HTI,1958,0.22,-0.78,30.694
HTI,1959,0.22,-0.78,30.746
HTI,1960,0.22,-0.78,30.798
HTI,1961,0.24,-0.76,30.837
HTI,1962,0.24,-0.76,30.87
HTI,1963,0.24,-0.76,30.904
HTI,1964,0.24,-0.76,30.94
HTI,1965,0.24,-0.76,30.961
HTI,1966,0.24,-0.76,30.967
HTI,1967,0.257,-0.743,30.969
HTI,1968,0.257,-0.743,30.94
HTI,1969,0.257,-0.743,30.91
HTI,1970,0.257,-0.743,30.879
HTI,1971,0.265,-0.735,30.806
HTI,1972,0.269,-0.731,30.73
HTI,1973,0.245,-0.755,30.669
HTI,1974,0.245,-0.755,30.608
HTI,1975,0.245,-0.755,30.557
HTI,1976,0.245,-0.755,30.496
HTI,1977,0.245,-0.755,30.436
HTI,1978,0.245,-0.755,30.426
HTI,1979,0.253,-0.747,30.357
HTI,1980,0.253,-0.747,30.289
HTI,1981,0.253,-0.747,30.29
HTI,1982,0.253,-0.747,30.305
HTI,1983,0.231,-0.769,30.332
HTI,1984,0.232,-0.768,30.32
HTI,1985,0.268,-0.732,30.272
HTI,1986,0.24,-0.76,30.214
HTI,1987,0.349,-0.651,30.22
HTI,1988,0.353,-0.647,30.25
HTI,1989,0.353,-0.647,30.277
HTI,1990,0.367,-0.633,30.289
HTI,1991,0.415,-0.585,30.286
HTI,1992,0.369,-0.631,30.252
HTI,1993,0.369,-0.631,30.28
HTI,1994,0.418,-0.5820000000000001,30.252
HTI,1995,0.495,-0.505,30.213
HTI,1996,0.495,-0.505,30.146
HTI,1997,0.495,-0.505,30.076
HTI,1998,0.495,-0.505,30.051
HTI,1999,0.496,-0.504,29.946
HTI,2000,0.496,-0.504,29.919
HTI,2001,0.496,-0.504,29.926
HTI,2002,0.496,-0.504,29.918
HTI,2003,0.491,-0.509,29.951
HTI,2004,0.456,-0.544,29.926
HTI,2005,0.456,-0.544,29.84
HTI,2006,0.46,-0.54,29.792
HTI,2007,0.496,-0.504,29.788
HTI,2008,0.497,-0.503,29.768
HTI,2009,0.497,-0.503,29.768
HTI,2010,0.509,-0.491,29.799
HTI,2011,0.511,-0.489,29.846
HTI,2012,0.511,-0.489,29.797
HTI,2013,0.498,-0.502,29.772
HTI,2014,0.498,-0.502,29.763
HTI,2015,0.487,-0.513,29.753
HTI,2016,0.487,-0.513,29.723
HTI,2017,0.472,-0.528,29.683
HTI,2018,0.465,-0.5349999999999999,29.657
HTI,2019,0.473,-0.527,29.632
HTI,2020,0.445,-0.5549999999999999,29.61
HTI,2021,0.429,-0.571,29.59
HTI,2022,0.403,-0.597,29.573
HTI,2023,0.391,-0.609,29.559
HND,1950,0.264,-0.736,28.982
HND,1951,0.264,-0.736,28.981
HND,1952,0.264,-0.736,28.98
HND,1953,0.264,-0.736,28.979
HND,1954,0.329,-0.671,28.977
HND,1955,0.329,-0.671,28.976
HND,1956,0.329,-0.671,28.974
HND,1957,0.359,-0.641,28.973
HND,1958,0.359,-0.641,28.971
HND,1959,0.359,-0.641,28.969
HND,1960,0.361,-0.639,28.967
HND,1961,0.361,-0.639,28.966
HND,1962,0.361,-0.639,29.005
HND,1963,0.33,-0.6699999999999999,29.046
HND,1964,0.278,-0.722,29.088
HND,1965,0.278,-0.722,29.131
HND,1966,0.278,-0.722,29.181
HND,1967,0.278,-0.722,29.233
HND,1968,0.278,-0.722,29.26
HND,1969,0.278,-0.722,29.272
HND,1970,0.267,-0.733,29.282
HND,1971,0.267,-0.733,29.296
HND,1972,0.267,-0.733,29.311
HND,1973,0.267,-0.733,29.303
HND,1974,0.267,-0.733,29.292
HND,1975,0.267,-0.733,29.279
HND,1976,0.275,-0.725,29.26
HND,1977,0.271,-0.729,29.241
HND,1978,0.271,-0.729,29.219
HND,1979,0.271,-0.729,29.175
HND,1980,0.296,-0.704,29.153
HND,1981,0.364,-0.636,29.128
HND,1982,0.448,-0.552,29.09
HND,1983,0.448,-0.552,29.056
HND,1984,0.47,-0.53,29.03
HND,1985,0.463,-0.5369999999999999,29.001
HND,1986,0.481,-0.519,28.974
HND,1987,0.484,-0.516,28.93
HND,1988,0.49,-0.51,28.868
HND,1989,0.507,-0.493,28.765
HND,1990,0.558,-0.44199999999999995,28.659
HND,1991,0.594,-0.406,28.566
HND,1992,0.621,-0.379,28.458
HND,1993,0.594,-0.406,28.346
HND,1994,0.599,-0.401,28.277
HND,1995,0.632,-0.368,28.183
HND,1996,0.64,-0.36,28.086
HND,1997,0.654,-0.346,28.013
HND,1998,0.654,-0.346,27.914
HND,1999,0.654,-0.346,27.855
HND,2000,0.662,-0.33799999999999997,27.829
HND,2001,0.634,-0.366,27.753
HND,2002,0.634,-0.366,27.685
HND,2003,0.634,-0.366,27.619
HND,2004,0.634,-0.366,27.558
HND,2005,0.715,-0.28500000000000003,27.5
HND,2006,0.718,-0.28200000000000003,27.466
HND,2007,0.718,-0.28200000000000003,27.436
HND,2008,0.721,-0.279,27.41
HND,2009,0.673,-0.32699999999999996,27.388
HND,2010,0.675,-0.32499999999999996,27.367
HND,2011,0.707,-0.29300000000000004,27.364
HND,2012,0.704,-0.29600000000000004,27.35
HND,2013,0.731,-0.269,27.351
HND,2014,0.731,-0.269,27.331
HND,2015,0.724,-0.276,27.314
HND,2016,0.719,-0.281,27.297
HND,2017,0.721,-0.279,27.282
HND,2018,0.713,-0.28700000000000003,27.274
HND,2019,0.691,-0.30900000000000005,27.261
HND,2020,0.706,-0.29400000000000004,27.249
HND,2021,0.723,-0.277,27.242
HND,2022,0.77,-0.22999999999999998,27.233
HND,2023,0.796,-0.20399999999999996,27.227
HKG,1950,0.586,-0.41400000000000003,29.079
HKG,1951,0.586,-0.41400000000000003,29.093
HKG,1952,0.586,-0.41400000000000003,29.111
HKG,1953,0.586,-0.41400000000000003,29.13
HKG,1954,0.586,-0.41400000000000003,29.149
HKG,1955,0.586,-0.41400000000000003,29.169
HKG,1956,0.586,-0.41400000000000003,29.19
HKG,1957,0.586,-0.41400000000000003,29.211
HKG,1958,0.586,-0.41400000000000003,29.231
HKG,1959,0.586,-0.41400000000000003,29.249
HKG,1960,0.596,-0.404,29.263
HKG,1961,0.596,-0.404,29.276
HKG,1962,0.596,-0.404,29.196
HKG,1963,0.605,-0.395,29.115
HKG,1964,0.605,-0.395,29.003
HKG,1965,0.623,-0.377,28.876
HKG,1966,0.623,-0.377,29.163
HKG,1967,0.623,-0.377,29.487
HKG,1968,0.642,-0.358,29.45
HKG,1969,0.642,-0.358,29.449
HKG,1970,0.658,-0.34199999999999997,29.387
HKG,1971,0.704,-0.29600000000000004,29.34
HKG,1972,0.704,-0.29600000000000004,29.2
HKG,1973,0.712,-0.28800000000000003,29.131
HKG,1974,0.712,-0.28800000000000003,29.007
HKG,1975,0.712,-0.28800000000000003,28.877
HKG,1976,0.732,-0.268,28.737
HKG,1977,0.732,-0.268,28.674
HKG,1978,0.732,-0.268,28.703
HKG,1979,0.732,-0.268,28.756
HKG,1980,0.813,-0.18700000000000006,28.665
HKG,1981,0.813,-0.18700000000000006,28.529
HKG,1982,0.813,-0.18700000000000006,28.592
HKG,1983,0.813,-0.18700000000000006,28.519
HKG,1984,0.821,-0.17900000000000005,28.695
HKG,1985,0.821,-0.17900000000000005,28.791
HKG,1986,0.821,-0.17900000000000005,28.996
HKG,1987,0.823,-0.17700000000000005,29.222
HKG,1988,0.878,-0.122,29.363
HKG,1989,0.885,-0.11499999999999999,29.462
HKG,1990,0.913,-0.08699999999999997,29.446
HKG,1991,0.892,-0.10799999999999998,29.489
HKG,1992,0.9,-0.09999999999999998,29.405
HKG,1993,0.9,-0.09999999999999998,29.338
HKG,1994,0.9,-0.09999999999999998,29.399
HKG,1995,0.897,-0.10299999999999998,29.596
HKG,1996,0.897,-0.10299999999999998,29.767
HKG,1997,0.906,-0.09399999999999997,29.942
HKG,1998,0.906,-0.09399999999999997,29.984
HKG,1999,0.909,-0.09099999999999997,29.952
HKG,2000,0.911,-0.08899999999999997,30.033
HKG,2001,0.911,-0.08899999999999997,30.084
HKG,2002,0.911,-0.08899999999999997,30.023
HKG,2003,0.911,-0.08899999999999997,30.02
HKG,2004,0.911,-0.08899999999999997,30.115
HKG,2005,0.909,-0.09099999999999997,30.37
HKG,2006,0.909,-0.09099999999999997,30.681
HKG,2007,0.912,-0.08799999999999997,30.989
HKG,2008,0.909,-0.09099999999999997,31.169
HKG,2009,0.909,-0.09099999999999997,31.22
HKG,2010,0.909,-0.09099999999999997,31.297
HKG,2011,0.909,-0.09099999999999997,31.457
HKG,2012,0.899,-0.10099999999999998,31.761
HKG,2013,0.899,-0.10099999999999998,31.833
HKG,2014,0.898,-0.10199999999999998,31.943
HKG,2015,0.897,-0.10299999999999998,31.943
HKG,2016,0.892,-0.10799999999999998,32.038
HKG,2017,0.897,-0.10299999999999998,32.147
HKG,2018,0.888,-0.11199999999999999,32.236
HKG,2019,0.864,-0.136,32.305
HKG,2020,0.842,-0.15800000000000003,32.49
HKG,2021,0.803,-0.19699999999999995,32.83
HKG,2022,0.805,-0.19499999999999995,32.93
HKG,2023,0.796,-0.20399999999999996,32.929
HUN,1950,0.413,-0.587,27.25
HUN,1951,0.413,-0.587,27.142
HUN,1952,0.413,-0.587,27.12
HUN,1953,0.412,-0.5880000000000001,27.285
HUN,1954,0.424,-0.5760000000000001,27.27
HUN,1955,0.424,-0.5760000000000001,27.066
HUN,1956,0.424,-0.5760000000000001,26.723
HUN,1957,0.424,-0.5760000000000001,26.242
HUN,1958,0.437,-0.563,26.021
HUN,1959,0.435,-0.565,25.899
HUN,1960,0.445,-0.5549999999999999,25.84
HUN,1961,0.445,-0.5549999999999999,25.767
HUN,1962,0.456,-0.544,25.771
HUN,1963,0.469,-0.531,25.826
HUN,1964,0.49,-0.51,25.745
HUN,1965,0.49,-0.51,25.658
HUN,1966,0.511,-0.489,25.584
HUN,1967,0.516,-0.484,25.569
HUN,1968,0.521,-0.479,25.542
HUN,1969,0.515,-0.485,25.521
HUN,1970,0.52,-0.48,25.461
HUN,1971,0.536,-0.46399999999999997,25.39
HUN,1972,0.536,-0.46399999999999997,25.294
HUN,1973,0.536,-0.46399999999999997,25.245
HUN,1974,0.536,-0.46399999999999997,25.32
HUN,1975,0.545,-0.45499999999999996,25.264
HUN,1976,0.545,-0.45499999999999996,25.046
HUN,1977,0.545,-0.45499999999999996,24.931
HUN,1978,0.545,-0.45499999999999996,24.777
HUN,1979,0.545,-0.45499999999999996,24.68
HUN,1980,0.552,-0.44799999999999995,24.68
HUN,1981,0.555,-0.44499999999999995,24.74
HUN,1982,0.556,-0.44399999999999995,24.764
HUN,1983,0.556,-0.44399999999999995,24.83
HUN,1984,0.556,-0.44399999999999995,24.894
HUN,1985,0.542,-0.45799999999999996,25.05
HUN,1986,0.542,-0.45799999999999996,25.208
HUN,1987,0.542,-0.45799999999999996,25.308
HUN,1988,0.56,-0.43999999999999995,25.387
HUN,1989,0.622,-0.378,25.517
HUN,1990,0.907,-0.09299999999999997,25.605
HUN,1991,0.907,-0.09299999999999997,25.716
HUN,1992,0.905,-0.09499999999999997,25.804
HUN,1993,0.908,-0.09199999999999997,25.956
HUN,1994,0.908,-0.09199999999999997,26.124
HUN,1995,0.907,-0.09299999999999997,26.278
HUN,1996,0.906,-0.09399999999999997,26.44
HUN,1997,0.88,-0.12,26.602
HUN,1998,0.871,-0.129,26.781
HUN,1999,0.87,-0.13,26.983
HUN,2000,0.867,-0.133,27.243
HUN,2001,0.872,-0.128,27.529
HUN,2002,0.875,-0.125,27.741
HUN,2003,0.875,-0.125,27.953
HUN,2004,0.873,-0.127,28.204
HUN,2005,0.868,-0.132,28.449
HUN,2006,0.868,-0.132,28.648
HUN,2007,0.873,-0.127,28.829
HUN,2008,0.874,-0.126,28.909
HUN,2009,0.875,-0.125,29.074
HUN,2010,0.849,-0.15100000000000002,29.297
HUN,2011,0.849,-0.15100000000000002,29.429
HUN,2012,0.849,-0.15100000000000002,29.408
HUN,2013,0.851,-0.14900000000000002,29.402
HUN,2014,0.852,-0.14800000000000002,29.45
HUN,2015,0.854,-0.14600000000000002,29.549
HUN,2016,0.847,-0.15300000000000002,29.563
HUN,2017,0.855,-0.14500000000000002,29.676
HUN,2018,0.839,-0.16100000000000003,29.731
HUN,2019,0.837,-0.16300000000000003,29.758
HUN,2020,0.843,-0.15700000000000003,29.794
HUN,2021,0.848,-0.15200000000000002,29.904
HUN,2022,0.842,-0.15800000000000003,29.917
HUN,2023,0.847,-0.15300000000000002,29.958
ISL,1950,0.661,-0.33899999999999997,28.635
ISL,1951,0.661,-0.33899999999999997,28.497
ISL,1952,0.661,-0.33899999999999997,28.461
ISL,1953,0.637,-0.363,28.363
ISL,1954,0.637,-0.363,28.145
ISL,1955,0.637,-0.363,28.063
ISL,1956,0.648,-0.352,28.051
ISL,1957,0.648,-0.352,28.06
ISL,1958,0.648,-0.352,27.969
ISL,1959,0.657,-0.34299999999999997,28.036
ISL,1960,0.661,-0.33899999999999997,28.041
ISL,1961,0.661,-0.33899999999999997,27.888
ISL,1962,0.661,-0.33899999999999997,27.985
ISL,1963,0.65,-0.35,27.821
ISL,1964,0.65,-0.35,27.796
ISL,1965,0.65,-0.35,27.731
ISL,1966,0.654,-0.346,27.554
ISL,1967,0.654,-0.346,27.483
ISL,1968,0.664,-0.33599999999999997,27.41
ISL,1969,0.664,-0.33599999999999997,27.323
ISL,1970,0.694,-0.30600000000000005,27.204
ISL,1971,0.73,-0.27,27.128
ISL,1972,0.73,-0.27,27.109
ISL,1973,0.73,-0.27,27.014
ISL,1974,0.73,-0.27,26.938
ISL,1975,0.734,-0.266,27.0
ISL,1976,0.734,-0.266,26.946
ISL,1977,0.734,-0.266,26.92
ISL,1978,0.734,-0.266,26.909
ISL,1979,0.734,-0.266,27.092
ISL,1980,0.746,-0.254,27.12
ISL,1981,0.746,-0.254,27.161
ISL,1982,0.746,-0.254,27.088
ISL,1983,0.807,-0.19299999999999995,27.26
ISL,1984,0.851,-0.14900000000000002,27.335
ISL,1985,0.854,-0.14600000000000002,27.31
ISL,1986,0.855,-0.14500000000000002,27.229
ISL,1987,0.872,-0.128,27.317
ISL,1988,0.872,-0.128,27.532
ISL,1989,0.872,-0.128,27.773
ISL,1990,0.878,-0.122,27.991
ISL,1991,0.885,-0.11499999999999999,28.248
ISL,1992,0.887,-0.11299999999999999,28.471
ISL,1993,0.887,-0.11299999999999999,28.582
ISL,1994,0.887,-0.11299999999999999,28.626
ISL,1995,0.89,-0.10999999999999999,28.665
ISL,1996,0.898,-0.10199999999999998,28.771
ISL,1997,0.898,-0.10199999999999998,28.661
ISL,1998,0.898,-0.10199999999999998,28.734
ISL,1999,0.91,-0.08999999999999997,28.751
ISL,2000,0.923,-0.07699999999999996,28.893
ISL,2001,0.921,-0.07899999999999996,29.037
ISL,2002,0.921,-0.07899999999999996,29.214
ISL,2003,0.919,-0.08099999999999996,29.324
ISL,2004,0.919,-0.08099999999999996,29.459
ISL,2005,0.919,-0.08099999999999996,29.441
ISL,2006,0.922,-0.07799999999999996,29.502
ISL,2007,0.923,-0.07699999999999996,29.571
ISL,2008,0.923,-0.07699999999999996,29.75
ISL,2009,0.92,-0.07999999999999996,29.885
ISL,2010,0.921,-0.07899999999999996,30.013
ISL,2011,0.923,-0.07699999999999996,30.049
ISL,2012,0.92,-0.07999999999999996,30.131
ISL,2013,0.918,-0.08199999999999996,30.233
ISL,2014,0.92,-0.07999999999999996,30.221
ISL,2015,0.919,-0.08099999999999996,30.352
ISL,2016,0.922,-0.07799999999999996,30.459
ISL,2017,0.926,-0.07399999999999995,30.557
ISL,2018,0.919,-0.08099999999999996,30.603
ISL,2019,0.918,-0.08199999999999996,30.754
ISL,2020,0.927,-0.07299999999999995,30.712
ISL,2021,0.929,-0.07099999999999995,30.809
ISL,2022,0.935,-0.06499999999999995,30.825
ISL,2023,0.9,-0.09999999999999998,30.835
IND,1950,0.453,-0.5469999999999999,27.999
IND,1951,0.453,-0.5469999999999999,27.995
IND,1952,0.476,-0.524,27.99
IND,1953,0.476,-0.524,27.984
IND,1954,0.477,-0.523,27.976
IND,1955,0.477,-0.523,27.967
IND,1956,0.492,-0.508,27.957
IND,1957,0.499,-0.501,27.945
IND,1958,0.499,-0.501,27.932
IND,1959,0.499,-0.501,27.915
IND,1960,0.499,-0.501,27.899
IND,1961,0.499,-0.501,27.882
IND,1962,0.505,-0.495,27.871
IND,1963,0.505,-0.495,27.859
IND,1964,0.505,-0.495,27.847
IND,1965,0.505,-0.495,27.78
IND,1966,0.513,-0.487,27.696
IND,1967,0.508,-0.492,27.623
IND,1968,0.508,-0.492,27.586
IND,1969,0.508,-0.492,27.532
IND,1970,0.508,-0.492,27.491
IND,1971,0.498,-0.502,27.392
IND,1972,0.498,-0.502,27.268
IND,1973,0.498,-0.502,27.156
IND,1974,0.513,-0.487,27.11
IND,1975,0.512,-0.488,27.061
IND,1976,0.512,-0.488,26.99
IND,1977,0.515,-0.485,26.99
IND,1978,0.514,-0.486,26.832
IND,1979,0.514,-0.486,26.606
IND,1980,0.528,-0.472,26.531
IND,1981,0.528,-0.472,26.407
IND,1982,0.544,-0.45599999999999996,26.293
IND,1983,0.544,-0.45599999999999996,26.236
IND,1984,0.558,-0.44199999999999995,26.133
IND,1985,0.558,-0.44199999999999995,26.005
IND,1986,0.558,-0.44199999999999995,25.97
IND,1987,0.558,-0.44199999999999995,26.069
IND,1988,0.558,-0.44199999999999995,25.894
IND,1989,0.544,-0.45599999999999996,25.778
IND,1990,0.545,-0.45499999999999996,25.791
IND,1991,0.584,-0.41600000000000004,25.648
IND,1992,0.593,-0.40700000000000003,25.59
IND,1993,0.593,-0.40700000000000003,25.629
IND,1994,0.644,-0.356,25.477
IND,1995,0.649,-0.351,25.4
IND,1996,0.651,-0.349,25.418
IND,1997,0.651,-0.349,25.449
IND,1998,0.656,-0.344,25.442
IND,1999,0.657,-0.34299999999999997,25.465
IND,2000,0.674,-0.32599999999999996,25.477
IND,2001,0.674,-0.32599999999999996,25.469
IND,2002,0.674,-0.32599999999999996,25.54
IND,2003,0.674,-0.32599999999999996,25.6
IND,2004,0.672,-0.32799999999999996,25.797
IND,2005,0.672,-0.32799999999999996,26.15
IND,2006,0.665,-0.33499999999999996,26.285
IND,2007,0.668,-0.33199999999999996,26.245
IND,2008,0.665,-0.33499999999999996,26.17
IND,2009,0.671,-0.32899999999999996,26.255
IND,2010,0.667,-0.33299999999999996,26.269
IND,2011,0.667,-0.33299999999999996,26.192
IND,2012,0.668,-0.33199999999999996,26.146
IND,2013,0.663,-0.33699999999999997,26.228
IND,2014,0.655,-0.345,26.533
IND,2015,0.65,-0.35,26.986
IND,2016,0.655,-0.345,27.466
IND,2017,0.653,-0.347,27.535
IND,2018,0.662,-0.33799999999999997,27.534
IND,2019,0.629,-0.371,27.535
IND,2020,0.652,-0.348,27.534
IND,2021,0.672,-0.32799999999999996,27.534
IND,2022,0.65,-0.35,27.534
IND,2023,0.637,-0.363,27.534
IDN,1950,0.318,-0.6819999999999999,28.305
IDN,1951,0.322,-0.6779999999999999,28.298
IDN,1952,0.322,-0.6779999999999999,28.291
IDN,1953,0.322,-0.6779999999999999,28.282
IDN,1954,0.322,-0.6779999999999999,28.278
IDN,1955,0.34,-0.6599999999999999,28.273
IDN,1956,0.34,-0.6599999999999999,28.273
IDN,1957,0.342,-0.6579999999999999,28.266
IDN,1958,0.329,-0.671,28.258
IDN,1959,0.321,-0.679,28.249
IDN,1960,0.297,-0.7030000000000001,28.253
IDN,1961,0.33,-0.6699999999999999,28.263
IDN,1962,0.33,-0.6699999999999999,28.271
IDN,1963,0.33,-0.6699999999999999,28.286
IDN,1964,0.33,-0.6699999999999999,28.291
IDN,1965,0.351,-0.649,28.303
IDN,1966,0.331,-0.669,28.365
IDN,1967,0.337,-0.663,28.397
IDN,1968,0.332,-0.6679999999999999,28.45
IDN,1969,0.332,-0.6679999999999999,28.482
IDN,1970,0.324,-0.6759999999999999,28.463
IDN,1971,0.322,-0.6779999999999999,28.382
IDN,1972,0.322,-0.6779999999999999,28.357
IDN,1973,0.322,-0.6779999999999999,28.288
IDN,1974,0.322,-0.6779999999999999,28.248
IDN,1975,0.322,-0.6779999999999999,28.285
IDN,1976,0.322,-0.6779999999999999,28.242
IDN,1977,0.331,-0.669,28.198
IDN,1978,0.346,-0.654,28.125
IDN,1979,0.334,-0.6659999999999999,28.088
IDN,1980,0.336,-0.6639999999999999,28.045
IDN,1981,0.351,-0.649,27.945
IDN,1982,0.362,-0.638,27.915
IDN,1983,0.362,-0.638,27.892
IDN,1984,0.362,-0.638,27.836
IDN,1985,0.362,-0.638,27.848
IDN,1986,0.362,-0.638,27.875
IDN,1987,0.408,-0.5920000000000001,27.869
IDN,1988,0.41,-0.5900000000000001,27.939
IDN,1989,0.41,-0.5900000000000001,27.968
IDN,1990,0.406,-0.594,27.948
IDN,1991,0.406,-0.594,27.977
IDN,1992,0.405,-0.595,28.003
IDN,1993,0.405,-0.595,28.071
IDN,1994,0.405,-0.595,28.075
IDN,1995,0.405,-0.595,28.073
IDN,1996,0.405,-0.595,28.106
IDN,1997,0.4,-0.6,28.158
IDN,1998,0.536,-0.46399999999999997,28.137
IDN,1999,0.671,-0.32899999999999996,28.153
IDN,2000,0.674,-0.32599999999999996,28.149
IDN,2001,0.674,-0.32599999999999996,28.134
IDN,2002,0.684,-0.31599999999999995,28.159
IDN,2003,0.692,-0.30800000000000005,28.215
IDN,2004,0.703,-0.29700000000000004,28.286
IDN,2005,0.683,-0.31699999999999995,28.33
IDN,2006,0.683,-0.31699999999999995,28.325
IDN,2007,0.686,-0.31399999999999995,28.346
IDN,2008,0.678,-0.32199999999999995,28.355
IDN,2009,0.718,-0.28200000000000003,28.366
IDN,2010,0.725,-0.275,28.384
IDN,2011,0.723,-0.277,28.464
IDN,2012,0.724,-0.276,28.521
IDN,2013,0.708,-0.29200000000000004,28.54
IDN,2014,0.704,-0.29600000000000004,28.61
IDN,2015,0.724,-0.276,28.675
IDN,2016,0.732,-0.268,28.765
IDN,2017,0.721,-0.279,28.817
IDN,2018,0.727,-0.273,28.869
IDN,2019,0.73,-0.27,28.945
IDN,2020,0.696,-0.30400000000000005,29.018
IDN,2021,0.701,-0.29900000000000004,28.987
IDN,2022,0.713,-0.28700000000000003,28.977
IDN,2023,0.685,-0.31499999999999995,28.95
IRN,1950,0.172,-0.8280000000000001,29.34
IRN,1951,0.178,-0.8220000000000001,29.353
IRN,1952,0.178,-0.8220000000000001,29.366
IRN,1953,0.173,-0.827,29.38
IRN,1954,0.15,-0.85,29.393
IRN,1955,0.15,-0.85,29.408
IRN,1956,0.15,-0.85,29.422
IRN,1957,0.15,-0.85,29.437
IRN,1958,0.15,-0.85,29.453
IRN,1959,0.156,-0.844,29.468
IRN,1960,0.164,-0.836,29.484
IRN,1961,0.171,-0.829,29.499
IRN,1962,0.222,-0.778,29.515
IRN,1963,0.257,-0.743,29.512
IRN,1964,0.295,-0.7050000000000001,29.52
IRN,1965,0.295,-0.7050000000000001,29.528
IRN,1966,0.295,-0.7050000000000001,29.548
IRN,1967,0.296,-0.704,29.535
IRN,1968,0.296,-0.704,29.498
IRN,1969,0.296,-0.704,29.459
IRN,1970,0.308,-0.692,29.392
IRN,1971,0.327,-0.673,29.309
IRN,1972,0.327,-0.673,29.205
IRN,1973,0.327,-0.673,29.129
IRN,1974,0.327,-0.673,29.093
IRN,1975,0.331,-0.669,29.092
IRN,1976,0.331,-0.669,29.129
IRN,1977,0.331,-0.669,29.192
IRN,1978,0.331,-0.669,29.287
IRN,1979,0.264,-0.736,29.386
IRN,1980,0.163,-0.837,29.452
IRN,1981,0.165,-0.835,29.515
IRN,1982,0.165,-0.835,29.577
IRN,1983,0.165,-0.835,29.651
IRN,1984,0.185,-0.815,29.721
IRN,1985,0.19,-0.81,29.789
IRN,1986,0.19,-0.81,29.833
IRN,1987,0.19,-0.81,29.871
IRN,1988,0.188,-0.812,29.898
IRN,1989,0.228,-0.772,29.919
IRN,1990,0.225,-0.775,29.933
IRN,1991,0.233,-0.767,29.907
IRN,1992,0.233,-0.767,29.621
IRN,1993,0.233,-0.767,29.347
IRN,1994,0.245,-0.755,29.206
IRN,1995,0.245,-0.755,29.049
IRN,1996,0.252,-0.748,28.888
IRN,1997,0.311,-0.6890000000000001,28.767
IRN,1998,0.323,-0.677,28.649
IRN,1999,0.323,-0.677,28.559
IRN,2000,0.315,-0.685,28.492
IRN,2001,0.324,-0.6759999999999999,28.448
IRN,2002,0.324,-0.6759999999999999,28.447
IRN,2003,0.322,-0.6779999999999999,28.414
IRN,2004,0.32,-0.6799999999999999,28.443
IRN,2005,0.314,-0.6859999999999999,28.422
IRN,2006,0.306,-0.694,28.407
IRN,2007,0.306,-0.694,28.397
IRN,2008,0.304,-0.696,28.389
IRN,2009,0.305,-0.6950000000000001,28.383
IRN,2010,0.298,-0.702,28.384
IRN,2011,0.301,-0.6990000000000001,28.341
IRN,2012,0.307,-0.6930000000000001,28.273
IRN,2013,0.328,-0.6719999999999999,28.275
IRN,2014,0.33,-0.6699999999999999,28.421
IRN,2015,0.328,-0.6719999999999999,28.515
IRN,2016,0.348,-0.652,28.615
IRN,2017,0.326,-0.6739999999999999,28.544
IRN,2018,0.351,-0.649,28.501
IRN,2019,0.341,-0.659,28.525
IRN,2020,0.324,-0.6759999999999999,28.626
IRN,2021,0.32,-0.6799999999999999,28.768
IRN,2022,0.316,-0.6839999999999999,28.774
IRN,2023,0.311,-0.6890000000000001,28.779
IRQ,1950,0.24,-0.76,29.422
IRQ,1951,0.237,-0.763,29.425
IRQ,1952,0.237,-0.763,29.429
IRQ,1953,0.237,-0.763,29.43
IRQ,1954,0.237,-0.763,29.43
IRQ,1955,0.237,-0.763,29.424
IRQ,1956,0.237,-0.763,29.426
IRQ,1957,0.237,-0.763,29.412
IRQ,1958,0.282,-0.718,29.414
IRQ,1959,0.299,-0.7010000000000001,29.423
IRQ,1960,0.293,-0.7070000000000001,29.425
IRQ,1961,0.286,-0.714,29.433
IRQ,1962,0.286,-0.714,29.447
IRQ,1963,0.258,-0.742,29.451
IRQ,1964,0.256,-0.744,29.455
IRQ,1965,0.256,-0.744,29.459
IRQ,1966,0.256,-0.744,29.495
IRQ,1967,0.256,-0.744,29.531
IRQ,1968,0.243,-0.757,29.567
IRQ,1969,0.244,-0.756,29.604
IRQ,1970,0.247,-0.753,29.649
IRQ,1971,0.247,-0.753,29.696
IRQ,1972,0.247,-0.753,29.754
IRQ,1973,0.247,-0.753,29.815
IRQ,1974,0.25,-0.75,29.868
IRQ,1975,0.25,-0.75,29.95
IRQ,1976,0.25,-0.75,30.034
IRQ,1977,0.259,-0.741,30.117
IRQ,1978,0.259,-0.741,30.194
IRQ,1979,0.252,-0.748,30.257
IRQ,1980,0.233,-0.767,30.322
IRQ,1981,0.273,-0.727,30.4
IRQ,1982,0.273,-0.727,30.47
IRQ,1983,0.273,-0.727,30.545
IRQ,1984,0.314,-0.6859999999999999,30.551
IRQ,1985,0.314,-0.6859999999999999,30.674
IRQ,1986,0.314,-0.6859999999999999,30.804
IRQ,1987,0.314,-0.6859999999999999,30.917
IRQ,1988,0.314,-0.6859999999999999,30.781
IRQ,1989,0.299,-0.7010000000000001,30.649
IRQ,1990,0.3,-0.7,30.577
IRQ,1991,0.289,-0.7110000000000001,30.509
IRQ,1992,0.268,-0.732,30.471
IRQ,1993,0.268,-0.732,30.416
IRQ,1994,0.268,-0.732,30.379
IRQ,1995,0.268,-0.732,30.367
IRQ,1996,0.245,-0.755,30.377
IRQ,1997,0.245,-0.755,30.382
IRQ,1998,0.245,-0.755,30.343
IRQ,1999,0.245,-0.755,30.279
IRQ,2000,0.251,-0.749,30.209
IRQ,2001,0.251,-0.749,30.097
IRQ,2002,0.251,-0.749,29.936
IRQ,2003,0.36,-0.64,29.757
IRQ,2004,0.403,-0.597,29.542
IRQ,2005,0.403,-0.597,29.381
IRQ,2006,0.416,-0.5840000000000001,29.25
IRQ,2007,0.569,-0.43100000000000005,29.08
IRQ,2008,0.566,-0.43400000000000005,28.971
IRQ,2009,0.566,-0.43400000000000005,28.891
IRQ,2010,0.566,-0.43400000000000005,28.825
IRQ,2011,0.561,-0.43899999999999995,28.818
IRQ,2012,0.561,-0.43899999999999995,28.81
IRQ,2013,0.562,-0.43799999999999994,28.801
IRQ,2014,0.54,-0.45999999999999996,28.79
IRQ,2015,0.54,-0.45999999999999996,28.778
IRQ,2016,0.549,-0.45099999999999996,28.762
IRQ,2017,0.552,-0.44799999999999995,28.734
IRQ,2018,0.566,-0.43400000000000005,28.712
IRQ,2019,0.569,-0.43100000000000005,28.689
IRQ,2020,0.549,-0.45099999999999996,28.672
IRQ,2021,0.569,-0.43100000000000005,28.654
IRQ,2022,0.582,-0.41800000000000004,28.637
IRQ,2023,0.59,-0.41000000000000003,28.621
IRL,1950,0.586,-0.41400000000000003,31.617
IRL,1951,0.588,-0.41200000000000003,31.631
IRL,1952,0.588,-0.41200000000000003,31.637
IRL,1953,0.588,-0.41200000000000003,31.635
IRL,1954,0.588,-0.41200000000000003,31.634
IRL,1955,0.588,-0.41200000000000003,31.615
IRL,1956,0.592,-0.40800000000000003,31.589
IRL,1957,0.602,-0.398,31.615
IRL,1958,0.606,-0.394,31.549
IRL,1959,0.606,-0.394,31.488
IRL,1960,0.608,-0.392,31.41
IRL,1961,0.6,-0.4,31.351
IRL,1962,0.6,-0.4,31.249
IRL,1963,0.6,-0.4,31.153
IRL,1964,0.608,-0.392,31.087
IRL,1965,0.613,-0.387,30.973
IRL,1966,0.608,-0.392,30.883
IRL,1967,0.626,-0.374,30.813
IRL,1968,0.616,-0.384,30.633
IRL,1969,0.616,-0.384,30.517
IRL,1970,0.626,-0.374,30.364
IRL,1971,0.641,-0.359,30.245
IRL,1972,0.641,-0.359,30.082
IRL,1973,0.645,-0.355,29.968
IRL,1974,0.658,-0.34199999999999997,29.916
IRL,1975,0.65,-0.35,29.819
IRL,1976,0.65,-0.35,29.776
IRL,1977,0.68,-0.31999999999999995,29.792
IRL,1978,0.68,-0.31999999999999995,29.778
IRL,1979,0.68,-0.31999999999999995,29.704
IRL,1980,0.709,-0.29100000000000004,29.713
IRL,1981,0.729,-0.271,29.729
IRL,1982,0.735,-0.265,29.793
IRL,1983,0.755,-0.245,29.809
IRL,1984,0.755,-0.245,29.791
IRL,1985,0.775,-0.22499999999999998,29.861
IRL,1986,0.775,-0.22499999999999998,29.918
IRL,1987,0.779,-0.22099999999999997,29.936
IRL,1988,0.779,-0.22099999999999997,29.917
IRL,1989,0.775,-0.22499999999999998,29.977
IRL,1990,0.827,-0.17300000000000004,29.931
IRL,1991,0.827,-0.17300000000000004,29.931
IRL,1992,0.85,-0.15000000000000002,30.006
IRL,1993,0.85,-0.15000000000000002,30.092
IRL,1994,0.871,-0.129,30.166
IRL,1995,0.871,-0.129,30.253
IRL,1996,0.876,-0.124,30.259
IRL,1997,0.873,-0.127,30.354
IRL,1998,0.873,-0.127,30.344
IRL,1999,0.874,-0.126,30.347
IRL,2000,0.874,-0.126,30.44
IRL,2001,0.874,-0.126,30.52
IRL,2002,0.878,-0.122,30.641
IRL,2003,0.878,-0.122,30.79
IRL,2004,0.878,-0.122,30.956
IRL,2005,0.878,-0.122,31.16
IRL,2006,0.877,-0.123,31.242
IRL,2007,0.875,-0.125,31.296
IRL,2008,0.875,-0.125,31.311
IRL,2009,0.875,-0.125,31.353
IRL,2010,0.881,-0.119,31.411
IRL,2011,0.884,-0.11599999999999999,31.533
IRL,2012,0.891,-0.10899999999999999,31.596
IRL,2013,0.895,-0.10499999999999998,31.721
IRL,2014,0.897,-0.10299999999999998,31.822
IRL,2015,0.901,-0.09899999999999998,31.918
IRL,2016,0.914,-0.08599999999999997,32.086
IRL,2017,0.919,-0.08099999999999996,32.142
IRL,2018,0.919,-0.08099999999999996,32.237
IRL,2019,0.917,-0.08299999999999996,32.389
IRL,2020,0.919,-0.08099999999999996,32.535
IRL,2021,0.91,-0.08999999999999997,32.684
IRL,2022,0.92,-0.07999999999999996,32.7
IRL,2023,0.922,-0.07799999999999996,32.702
ISR,1950,0.707,-0.29300000000000004,27.411
ISR,1951,0.697,-0.30300000000000005,27.415
ISR,1952,0.697,-0.30300000000000005,27.418
ISR,1953,0.697,-0.30300000000000005,27.419
ISR,1954,0.697,-0.30300000000000005,27.443
ISR,1955,0.697,-0.30300000000000005,27.505
ISR,1956,0.697,-0.30300000000000005,27.533
ISR,1957,0.697,-0.30300000000000005,27.602
ISR,1958,0.697,-0.30300000000000005,27.665
ISR,1959,0.684,-0.31599999999999995,27.993
ISR,1960,0.69,-0.31000000000000005,27.897
ISR,1961,0.695,-0.30500000000000005,27.951
ISR,1962,0.695,-0.30500000000000005,27.999
ISR,1963,0.695,-0.30500000000000005,28.058
ISR,1964,0.695,-0.30500000000000005,28.125
ISR,1965,0.69,-0.31000000000000005,28.215
ISR,1966,0.71,-0.29000000000000004,28.271
ISR,1967,0.742,-0.258,28.425
ISR,1968,0.742,-0.258,28.583
ISR,1969,0.737,-0.263,28.535
ISR,1970,0.737,-0.263,28.447
ISR,1971,0.737,-0.263,28.575
ISR,1972,0.737,-0.263,28.521
ISR,1973,0.737,-0.263,28.457
ISR,1974,0.737,-0.263,28.386
ISR,1975,0.819,-0.18100000000000005,28.278
ISR,1976,0.819,-0.18100000000000005,28.256
ISR,1977,0.819,-0.18100000000000005,28.239
ISR,1978,0.819,-0.18100000000000005,28.164
ISR,1979,0.819,-0.18100000000000005,28.125
ISR,1980,0.819,-0.18100000000000005,28.123
ISR,1981,0.827,-0.17300000000000004,28.186
ISR,1982,0.827,-0.17300000000000004,28.271
ISR,1983,0.827,-0.17300000000000004,28.306
ISR,1984,0.83,-0.17000000000000004,28.379
ISR,1985,0.83,-0.17000000000000004,28.501
ISR,1986,0.83,-0.17000000000000004,28.631
ISR,1987,0.83,-0.17000000000000004,28.711
ISR,1988,0.824,-0.17600000000000005,28.735
ISR,1989,0.824,-0.17600000000000005,28.819
ISR,1990,0.824,-0.17600000000000005,28.893
ISR,1991,0.832,-0.16800000000000004,28.966
ISR,1992,0.842,-0.15800000000000003,29.092
ISR,1993,0.842,-0.15800000000000003,29.18
ISR,1994,0.842,-0.15800000000000003,29.256
ISR,1995,0.842,-0.15800000000000003,29.295
ISR,1996,0.835,-0.16500000000000004,29.368
ISR,1997,0.835,-0.16500000000000004,29.47
ISR,1998,0.835,-0.16500000000000004,29.488
ISR,1999,0.85,-0.15000000000000002,29.523
ISR,2000,0.85,-0.15000000000000002,29.574
ISR,2001,0.848,-0.15200000000000002,29.651
ISR,2002,0.848,-0.15200000000000002,29.734
ISR,2003,0.858,-0.14200000000000002,29.797
ISR,2004,0.858,-0.14200000000000002,29.864
ISR,2005,0.858,-0.14200000000000002,29.958
ISR,2006,0.853,-0.14700000000000002,30.04
ISR,2007,0.856,-0.14400000000000002,30.104
ISR,2008,0.856,-0.14400000000000002,30.143
ISR,2009,0.865,-0.135,30.199
ISR,2010,0.871,-0.129,30.291
ISR,2011,0.867,-0.133,30.351
ISR,2012,0.866,-0.134,30.39
ISR,2013,0.87,-0.13,30.453
ISR,2014,0.87,-0.13,30.485
ISR,2015,0.875,-0.125,30.508
ISR,2016,0.876,-0.124,30.542
ISR,2017,0.876,-0.124,30.592
ISR,2018,0.881,-0.119,30.661
ISR,2019,0.872,-0.128,30.736
ISR,2020,0.878,-0.122,30.769
ISR,2021,0.88,-0.12,30.881
ISR,2022,0.877,-0.123,30.87
ISR,2023,0.874,-0.126,30.867
ITA,1950,0.548,-0.45199999999999996,29.863
ITA,1951,0.548,-0.45199999999999996,29.791
ITA,1952,0.548,-0.45199999999999996,29.736
ITA,1953,0.534,-0.46599999999999997,29.655
ITA,1954,0.534,-0.46599999999999997,29.563
ITA,1955,0.534,-0.46599999999999997,29.509
ITA,1956,0.531,-0.469,29.419
ITA,1957,0.531,-0.469,29.325
ITA,1958,0.522,-0.478,29.229
ITA,1959,0.526,-0.474,29.14
ITA,1960,0.556,-0.44399999999999995,29.155
ITA,1961,0.556,-0.44399999999999995,29.111
ITA,1962,0.562,-0.43799999999999994,29.073
ITA,1963,0.576,-0.42400000000000004,28.911
ITA,1964,0.576,-0.42400000000000004,28.793
ITA,1965,0.576,-0.42400000000000004,28.664
ITA,1966,0.576,-0.42400000000000004,28.643
ITA,1967,0.576,-0.42400000000000004,28.547
ITA,1968,0.564,-0.43600000000000005,28.46
ITA,1969,0.578,-0.42200000000000004,28.448
ITA,1970,0.687,-0.31299999999999994,28.288
ITA,1971,0.692,-0.30800000000000005,28.176
ITA,1972,0.698,-0.30200000000000005,27.987
ITA,1973,0.698,-0.30200000000000005,27.857
ITA,1974,0.698,-0.30200000000000005,27.754
ITA,1975,0.698,-0.30200000000000005,27.632
ITA,1976,0.759,-0.241,27.561
ITA,1977,0.759,-0.241,27.517
ITA,1978,0.759,-0.241,27.509
ITA,1979,0.763,-0.237,27.489
ITA,1980,0.793,-0.20699999999999996,27.508
ITA,1981,0.801,-0.19899999999999995,27.605
ITA,1982,0.801,-0.19899999999999995,27.662
ITA,1983,0.798,-0.20199999999999996,27.786
ITA,1984,0.798,-0.20199999999999996,27.927
ITA,1985,0.798,-0.20199999999999996,28.083
ITA,1986,0.798,-0.20199999999999996,28.23
ITA,1987,0.818,-0.18200000000000005,28.414
ITA,1988,0.818,-0.18200000000000005,28.592
ITA,1989,0.818,-0.18200000000000005,28.741
ITA,1990,0.825,-0.17500000000000004,28.912
ITA,1991,0.883,-0.11699999999999999,29.055
ITA,1992,0.867,-0.133,29.242
ITA,1993,0.881,-0.119,29.357
ITA,1994,0.898,-0.10199999999999998,29.549
ITA,1995,0.898,-0.10199999999999998,29.784
ITA,1996,0.889,-0.11099999999999999,29.944
ITA,1997,0.889,-0.11099999999999999,30.172
ITA,1998,0.889,-0.11099999999999999,30.243
ITA,1999,0.889,-0.11099999999999999,30.302
ITA,2000,0.89,-0.10999999999999999,30.38
ITA,2001,0.887,-0.11299999999999999,30.485
ITA,2002,0.887,-0.11299999999999999,30.607
ITA,2003,0.887,-0.11299999999999999,30.746
ITA,2004,0.887,-0.11299999999999999,30.767
ITA,2005,0.89,-0.10999999999999999,30.858
ITA,2006,0.908,-0.09199999999999997,30.941
ITA,2007,0.907,-0.09299999999999997,30.994
ITA,2008,0.913,-0.08699999999999997,31.06
ITA,2009,0.913,-0.08699999999999997,31.117
ITA,2010,0.918,-0.08199999999999996,31.223
ITA,2011,0.917,-0.08299999999999996,31.319
ITA,2012,0.919,-0.08099999999999996,31.356
ITA,2013,0.923,-0.07699999999999996,31.45
ITA,2014,0.923,-0.07699999999999996,31.512
ITA,2015,0.923,-0.07699999999999996,31.625
ITA,2016,0.928,-0.07199999999999995,31.741
ITA,2017,0.928,-0.07199999999999995,31.839
ITA,2018,0.919,-0.08099999999999996,31.948
ITA,2019,0.927,-0.07299999999999995,32.042
ITA,2020,0.916,-0.08399999999999996,32.126
ITA,2021,0.92,-0.07999999999999996,32.283
ITA,2022,0.93,-0.06999999999999995,32.292
ITA,2023,0.925,-0.07499999999999996,32.309
JAM,1967,0.637,-0.363,27.858
JAM,1968,0.637,-0.363,27.854
JAM,1969,0.637,-0.363,27.828
JAM,1970,0.676,-0.32399999999999995,27.801
JAM,1971,0.676,-0.32399999999999995,27.751
JAM,1972,0.676,-0.32399999999999995,27.686
JAM,1973,0.764,-0.236,27.665
JAM,1974,0.764,-0.236,27.483
JAM,1975,0.779,-0.22099999999999997,27.344
JAM,1976,0.796,-0.20399999999999996,27.232
JAM,1977,0.796,-0.20399999999999996,27.12
JAM,1978,0.796,-0.20399999999999996,27.038
JAM,1979,0.796,-0.20399999999999996,26.984
JAM,1980,0.84,-0.16000000000000003,26.896
JAM,1981,0.854,-0.14600000000000002,26.837
JAM,1982,0.854,-0.14600000000000002,26.816
JAM,1983,0.858,-0.14200000000000002,26.75
JAM,1984,0.858,-0.14200000000000002,26.697
JAM,1985,0.858,-0.14200000000000002,26.656
JAM,1986,0.858,-0.14200000000000002,26.619
JAM,1987,0.858,-0.14200000000000002,26.57
JAM,1988,0.858,-0.14200000000000002,26.573
JAM,1989,0.84,-0.16000000000000003,26.571
JAM,1990,0.848,-0.15200000000000002,26.635
JAM,1991,0.848,-0.15200000000000002,26.703
JAM,1992,0.848,-0.15200000000000002,26.76
JAM,1993,0.867,-0.133,26.793
JAM,1994,0.867,-0.133,26.798
JAM,1995,0.867,-0.133,26.818
JAM,1996,0.867,-0.133,26.828
JAM,1997,0.87,-0.13,26.915
JAM,1998,0.87,-0.13,27.01
JAM,1999,0.87,-0.13,27.112
JAM,2000,0.872,-0.128,27.218
JAM,2001,0.872,-0.128,27.388
JAM,2002,0.869,-0.131,27.528
JAM,2003,0.869,-0.131,27.59
JAM,2004,0.869,-0.131,27.612
JAM,2005,0.869,-0.131,27.642
JAM,2006,0.875,-0.125,27.714
JAM,2007,0.878,-0.122,27.737
JAM,2008,0.878,-0.122,27.789
JAM,2009,0.876,-0.124,27.818
JAM,2010,0.876,-0.124,27.778
JAM,2011,0.877,-0.123,27.77
JAM,2012,0.877,-0.123,27.747
JAM,2013,0.894,-0.10599999999999998,27.735
JAM,2014,0.894,-0.10599999999999998,27.676
JAM,2015,0.894,-0.10599999999999998,27.701
JAM,2016,0.901,-0.09899999999999998,27.697
JAM,2017,0.903,-0.09699999999999998,27.755
JAM,2018,0.903,-0.09699999999999998,27.871
JAM,2019,0.92,-0.07999999999999996,27.87
JAM,2020,0.927,-0.07299999999999995,27.936
JAM,2021,0.938,-0.062000000000000055,27.936
JAM,2022,0.946,-0.05400000000000005,27.935
JAM,2023,0.945,-0.05500000000000005,27.932
JPN,1950,0.6,-0.4,29.643
JPN,1951,0.6,-0.4,29.555
JPN,1952,0.611,-0.389,29.408
JPN,1953,0.65,-0.35,29.224
JPN,1954,0.655,-0.345,29.053
JPN,1955,0.654,-0.346,28.882
JPN,1956,0.654,-0.346,28.698
JPN,1957,0.654,-0.346,28.504
JPN,1958,0.659,-0.34099999999999997,28.289
JPN,1959,0.659,-0.34099999999999997,28.107
JPN,1960,0.652,-0.348,27.937
JPN,1961,0.652,-0.348,27.872
JPN,1962,0.652,-0.348,27.794
JPN,1963,0.652,-0.348,27.793
JPN,1964,0.652,-0.348,27.76
JPN,1965,0.652,-0.348,27.714
JPN,1966,0.652,-0.348,27.662
JPN,1967,0.652,-0.348,27.77
JPN,1968,0.652,-0.348,27.841
JPN,1969,0.653,-0.347,27.882
JPN,1970,0.653,-0.347,27.82
JPN,1971,0.653,-0.347,27.733
JPN,1972,0.652,-0.348,27.63
JPN,1973,0.652,-0.348,27.581
JPN,1974,0.652,-0.348,27.473
JPN,1975,0.649,-0.351,27.4
JPN,1976,0.648,-0.352,27.427
JPN,1977,0.648,-0.352,27.557
JPN,1978,0.648,-0.352,27.67
JPN,1979,0.654,-0.346,27.742
JPN,1980,0.656,-0.344,27.776
JPN,1981,0.656,-0.344,27.827
JPN,1982,0.656,-0.344,27.914
JPN,1983,0.655,-0.345,28.029
JPN,1984,0.655,-0.345,28.156
JPN,1985,0.655,-0.345,28.289
JPN,1986,0.713,-0.28700000000000003,28.384
JPN,1987,0.713,-0.28700000000000003,28.519
JPN,1988,0.713,-0.28700000000000003,28.683
JPN,1989,0.713,-0.28700000000000003,28.828
JPN,1990,0.723,-0.277,28.957
JPN,1991,0.723,-0.277,29.007
JPN,1992,0.723,-0.277,29.102
JPN,1993,0.726,-0.274,29.184
JPN,1994,0.726,-0.274,29.298
JPN,1995,0.742,-0.258,29.385
JPN,1996,0.753,-0.247,29.48
JPN,1997,0.753,-0.247,29.555
JPN,1998,0.753,-0.247,29.593
JPN,1999,0.753,-0.247,29.619
JPN,2000,0.773,-0.22699999999999998,29.663
JPN,2001,0.787,-0.21299999999999997,29.673
JPN,2002,0.787,-0.21299999999999997,29.699
JPN,2003,0.786,-0.21399999999999997,29.82
JPN,2004,0.79,-0.20999999999999996,29.92
JPN,2005,0.8,-0.19999999999999996,29.999
JPN,2006,0.804,-0.19599999999999995,30.098
JPN,2007,0.802,-0.19799999999999995,30.198
JPN,2008,0.8,-0.19999999999999996,30.288
JPN,2009,0.812,-0.18799999999999994,30.407
JPN,2010,0.815,-0.18500000000000005,30.52
JPN,2011,0.815,-0.18500000000000005,30.623
JPN,2012,0.8,-0.19999999999999996,30.792
JPN,2013,0.792,-0.20799999999999996,30.929
JPN,2014,0.798,-0.20199999999999996,31.059
JPN,2015,0.775,-0.22499999999999998,31.193
JPN,2016,0.778,-0.22199999999999998,31.286
JPN,2017,0.813,-0.18700000000000006,31.354
JPN,2018,0.793,-0.20699999999999996,31.436
JPN,2019,0.791,-0.20899999999999996,31.516
JPN,2020,0.789,-0.21099999999999997,31.603
JPN,2021,0.781,-0.21899999999999997,31.779
JPN,2022,0.787,-0.21299999999999997,31.864
JPN,2023,0.796,-0.20399999999999996,31.915
JOR,1950,0.209,-0.791,29.418
JOR,1951,0.209,-0.791,29.431
JOR,1952,0.209,-0.791,29.444
JOR,1953,0.209,-0.791,29.456
JOR,1954,0.209,-0.791,29.469
JOR,1955,0.209,-0.791,29.483
JOR,1956,0.219,-0.781,29.497
JOR,1957,0.211,-0.789,29.509
JOR,1958,0.211,-0.789,29.52
JOR,1959,0.211,-0.789,29.535
JOR,1960,0.209,-0.791,29.557
JOR,1961,0.209,-0.791,29.579
JOR,1962,0.209,-0.791,29.612
JOR,1963,0.209,-0.791,29.643
JOR,1964,0.209,-0.791,29.692
JOR,1965,0.209,-0.791,29.739
JOR,1966,0.209,-0.791,29.82
JOR,1967,0.216,-0.784,29.899
JOR,1968,0.22,-0.78,29.976
JOR,1969,0.22,-0.78,30.247
JOR,1970,0.242,-0.758,30.323
JOR,1971,0.242,-0.758,30.339
JOR,1972,0.242,-0.758,30.397
JOR,1973,0.242,-0.758,30.452
JOR,1974,0.242,-0.758,30.495
JOR,1975,0.242,-0.758,30.492
JOR,1976,0.242,-0.758,30.574
JOR,1977,0.242,-0.758,30.489
JOR,1978,0.242,-0.758,30.491
JOR,1979,0.256,-0.744,30.384
JOR,1980,0.364,-0.636,30.27
JOR,1981,0.364,-0.636,30.273
JOR,1982,0.364,-0.636,30.271
JOR,1983,0.361,-0.639,30.246
JOR,1984,0.374,-0.626,30.311
JOR,1985,0.374,-0.626,30.333
JOR,1986,0.374,-0.626,30.344
JOR,1987,0.374,-0.626,30.353
JOR,1988,0.424,-0.5760000000000001,30.336
JOR,1989,0.476,-0.524,30.284
JOR,1990,0.498,-0.502,30.179
JOR,1991,0.498,-0.502,30.075
JOR,1992,0.498,-0.502,29.984
JOR,1993,0.506,-0.494,29.898
JOR,1994,0.506,-0.494,29.816
JOR,1995,0.506,-0.494,29.742
JOR,1996,0.506,-0.494,29.723
JOR,1997,0.498,-0.502,29.705
JOR,1998,0.502,-0.498,29.716
JOR,1999,0.505,-0.495,29.673
JOR,2000,0.54,-0.45999999999999996,29.682
JOR,2001,0.54,-0.45999999999999996,29.667
JOR,2002,0.54,-0.45999999999999996,29.595
JOR,2003,0.54,-0.45999999999999996,29.565
JOR,2004,0.57,-0.43000000000000005,29.525
JOR,2005,0.57,-0.43000000000000005,29.544
JOR,2006,0.57,-0.43000000000000005,29.621
JOR,2007,0.576,-0.42400000000000004,29.621
JOR,2008,0.576,-0.42400000000000004,29.642
JOR,2009,0.576,-0.42400000000000004,29.608
JOR,2010,0.609,-0.391,29.562
JOR,2011,0.62,-0.38,29.635
JOR,2012,0.618,-0.382,29.6
JOR,2013,0.622,-0.378,29.57
JOR,2014,0.619,-0.381,29.58
JOR,2015,0.622,-0.378,29.595
JOR,2016,0.592,-0.40800000000000003,29.639
JOR,2017,0.636,-0.364,29.679
JOR,2018,0.648,-0.352,29.717
JOR,2019,0.651,-0.349,29.757
JOR,2020,0.632,-0.368,29.797
JOR,2021,0.618,-0.382,29.833
JOR,2022,0.629,-0.371,29.826
JOR,2023,0.588,-0.41200000000000003,29.823
KAZ,1950,0.347,-0.653,29.243
KAZ,1951,0.347,-0.653,29.244
KAZ,1952,0.347,-0.653,29.223
KAZ,1953,0.358,-0.642,29.224
KAZ,1954,0.426,-0.5740000000000001,29.203
KAZ,1955,0.43,-0.5700000000000001,29.227
KAZ,1956,0.445,-0.5549999999999999,29.252
KAZ,1957,0.446,-0.554,29.298
KAZ,1958,0.454,-0.546,29.299
KAZ,1959,0.454,-0.546,29.256
KAZ,1960,0.462,-0.538,29.294
KAZ,1961,0.462,-0.538,29.308
KAZ,1962,0.468,-0.532,29.347
KAZ,1963,0.468,-0.532,29.359
KAZ,1964,0.468,-0.532,29.309
KAZ,1965,0.48,-0.52,29.255
KAZ,1966,0.485,-0.515,29.158
KAZ,1967,0.491,-0.509,29.058
KAZ,1968,0.487,-0.513,28.936
KAZ,1969,0.478,-0.522,28.867
KAZ,1970,0.482,-0.518,28.834
KAZ,1971,0.481,-0.519,28.746
KAZ,1972,0.477,-0.523,28.7
KAZ,1973,0.481,-0.519,28.629
KAZ,1974,0.488,-0.512,28.587
KAZ,1975,0.484,-0.516,28.531
KAZ,1976,0.485,-0.515,28.321
KAZ,1977,0.478,-0.522,28.162
KAZ,1978,0.478,-0.522,27.959
KAZ,1979,0.482,-0.518,27.814
KAZ,1980,0.482,-0.518,27.688
KAZ,1981,0.482,-0.518,27.529
KAZ,1982,0.482,-0.518,27.446
KAZ,1983,0.482,-0.518,27.364
KAZ,1984,0.48,-0.52,27.232
KAZ,1985,0.496,-0.504,27.161
KAZ,1986,0.531,-0.469,27.131
KAZ,1987,0.525,-0.475,27.25
KAZ,1988,0.534,-0.46599999999999997,27.076
KAZ,1989,0.497,-0.503,26.772
KAZ,1990,0.689,-0.31100000000000005,26.442
KAZ,1991,0.732,-0.268,26.164
KAZ,1992,0.719,-0.281,26.103
KAZ,1993,0.718,-0.28200000000000003,26.027
KAZ,1994,0.748,-0.252,26.032
KAZ,1995,0.751,-0.249,26.07
KAZ,1996,0.759,-0.241,26.205
KAZ,1997,0.759,-0.241,26.337
KAZ,1998,0.759,-0.241,26.45
KAZ,1999,0.743,-0.257,26.639
KAZ,2000,0.742,-0.258,26.741
KAZ,2001,0.749,-0.251,26.925
KAZ,2002,0.749,-0.251,27.146
KAZ,2003,0.749,-0.251,27.339
KAZ,2004,0.749,-0.251,27.553
KAZ,2005,0.74,-0.26,27.729
KAZ,2006,0.743,-0.257,27.887
KAZ,2007,0.766,-0.23399999999999999,27.976
KAZ,2008,0.766,-0.23399999999999999,28.073
KAZ,2009,0.774,-0.22599999999999998,28.131
KAZ,2010,0.773,-0.22699999999999998,28.266
KAZ,2011,0.773,-0.22699999999999998,28.241
KAZ,2012,0.796,-0.20399999999999996,28.153
KAZ,2013,0.779,-0.22099999999999997,28.042
KAZ,2014,0.784,-0.21599999999999997,28.085
KAZ,2015,0.784,-0.21599999999999997,28.194
KAZ,2016,0.799,-0.20099999999999996,28.342
KAZ,2017,0.781,-0.21899999999999997,28.444
KAZ,2018,0.767,-0.23299999999999998,28.518
KAZ,2019,0.78,-0.21999999999999997,28.598
KAZ,2020,0.791,-0.20899999999999996,28.774
KAZ,2021,0.796,-0.20399999999999996,28.85
KAZ,2022,0.796,-0.20399999999999996,28.964
KAZ,2023,0.755,-0.245,28.956
KEN,1950,0.046,-0.954,29.753
KEN,1951,0.046,-0.954,29.747
KEN,1952,0.043,-0.957,29.739
KEN,1953,0.043,-0.957,29.728
KEN,1954,0.043,-0.957,29.716
KEN,1955,0.043,-0.957,29.703
KEN,1956,0.045,-0.955,29.667
KEN,1957,0.047,-0.953,29.632
KEN,1958,0.048,-0.952,29.597
KEN,1959,0.048,-0.952,29.583
KEN,1960,0.05,-0.95,29.567
KEN,1961,0.05,-0.95,29.523
KEN,1962,0.05,-0.95,29.518
KEN,1963,0.147,-0.853,29.495
KEN,1964,0.237,-0.763,29.504
KEN,1965,0.264,-0.736,29.517
KEN,1966,0.262,-0.738,29.532
KEN,1967,0.262,-0.738,29.535
KEN,1968,0.287,-0.7130000000000001,29.56
KEN,1969,0.294,-0.706,29.578
KEN,1970,0.292,-0.708,29.658
KEN,1971,0.292,-0.708,29.614
KEN,1972,0.288,-0.712,29.643
KEN,1973,0.286,-0.714,29.691
KEN,1974,0.293,-0.7070000000000001,29.732
KEN,1975,0.3,-0.7,29.731
KEN,1976,0.299,-0.7010000000000001,29.698
KEN,1977,0.302,-0.698,29.679
KEN,1978,0.308,-0.692,29.656
KEN,1979,0.305,-0.6950000000000001,29.634
KEN,1980,0.308,-0.692,29.661
KEN,1981,0.352,-0.648,29.61
KEN,1982,0.354,-0.646,29.572
KEN,1983,0.348,-0.652,29.53
KEN,1984,0.35,-0.65,29.429
KEN,1985,0.349,-0.651,29.39
KEN,1986,0.35,-0.65,29.322
KEN,1987,0.35,-0.65,29.187
KEN,1988,0.345,-0.655,29.128
KEN,1989,0.345,-0.655,29.043
KEN,1990,0.427,-0.573,29.017
KEN,1991,0.426,-0.5740000000000001,28.981
KEN,1992,0.532,-0.46799999999999997,28.894
KEN,1993,0.551,-0.44899999999999995,28.764
KEN,1994,0.55,-0.44999999999999996,28.68
KEN,1995,0.564,-0.43600000000000005,28.596
KEN,1996,0.565,-0.43500000000000005,28.555
KEN,1997,0.568,-0.43200000000000005,28.549
KEN,1998,0.572,-0.42800000000000005,28.502
KEN,1999,0.566,-0.43400000000000005,28.456
KEN,2000,0.586,-0.41400000000000003,28.455
KEN,2001,0.579,-0.42100000000000004,28.429
KEN,2002,0.615,-0.385,28.442
KEN,2003,0.621,-0.379,28.415
KEN,2004,0.628,-0.372,28.376
KEN,2005,0.626,-0.374,28.391
KEN,2006,0.626,-0.374,28.406
KEN,2007,0.641,-0.359,28.407
KEN,2008,0.638,-0.362,28.39
KEN,2009,0.639,-0.361,28.359
KEN,2010,0.69,-0.31000000000000005,28.296
KEN,2011,0.693,-0.30700000000000005,28.209
KEN,2012,0.689,-0.31100000000000005,28.131
KEN,2013,0.743,-0.257,28.048
KEN,2014,0.742,-0.258,28.012
KEN,2015,0.744,-0.256,28.021
KEN,2016,0.754,-0.246,28.088
KEN,2017,0.773,-0.22699999999999998,28.143
KEN,2018,0.762,-0.238,28.217
KEN,2019,0.762,-0.238,28.237
KEN,2020,0.772,-0.22799999999999998,28.247
KEN,2021,0.782,-0.21799999999999997,28.204
KEN,2022,0.794,-0.20599999999999996,28.224
KEN,2023,0.777,-0.22299999999999998,28.203
KWT,1950,0.162,-0.838,27.123
KWT,1951,0.162,-0.838,27.149
KWT,1952,0.162,-0.838,27.176
KWT,1953,0.162,-0.838,27.2
KWT,1954,0.162,-0.838,27.224
KWT,1955,0.162,-0.838,27.249
KWT,1956,0.162,-0.838,27.276
KWT,1957,0.162,-0.838,27.298
KWT,1958,0.162,-0.838,27.32
KWT,1959,0.162,-0.838,27.339
KWT,1960,0.187,-0.813,27.356
KWT,1961,0.206,-0.794,27.37
KWT,1962,0.249,-0.751,27.388
KWT,1963,0.268,-0.732,27.405
KWT,1964,0.268,-0.732,27.527
KWT,1965,0.268,-0.732,27.61
KWT,1966,0.268,-0.732,27.789
KWT,1967,0.268,-0.732,27.865
KWT,1968,0.268,-0.732,27.951
KWT,1969,0.268,-0.732,27.946
KWT,1970,0.268,-0.732,28.141
KWT,1971,0.268,-0.732,28.177
KWT,1972,0.268,-0.732,28.224
KWT,1973,0.268,-0.732,28.144
KWT,1974,0.268,-0.732,28.128
KWT,1975,0.266,-0.734,28.197
KWT,1976,0.262,-0.738,28.378
KWT,1977,0.262,-0.738,28.516
KWT,1978,0.262,-0.738,28.678
KWT,1979,0.262,-0.738,28.823
KWT,1980,0.272,-0.728,28.889
KWT,1981,0.272,-0.728,28.969
KWT,1982,0.272,-0.728,29.117
KWT,1983,0.277,-0.723,29.291
KWT,1984,0.277,-0.723,29.422
KWT,1985,0.277,-0.723,29.589
KWT,1986,0.277,-0.723,29.623
KWT,1987,0.277,-0.723,29.555
KWT,1988,0.277,-0.723,29.51
KWT,1989,0.277,-0.723,29.453
KWT,1990,0.256,-0.744,29.343
KWT,1991,0.258,-0.742,29.238
KWT,1992,0.313,-0.687,29.46
KWT,1993,0.313,-0.687,29.367
KWT,1994,0.313,-0.687,29.377
KWT,1995,0.313,-0.687,29.37
KWT,1996,0.313,-0.687,29.38
KWT,1997,0.313,-0.687,29.539
KWT,1998,0.313,-0.687,29.699
KWT,1999,0.338,-0.6619999999999999,29.803
KWT,2000,0.328,-0.6719999999999999,29.934
KWT,2001,0.328,-0.6719999999999999,29.934
KWT,2002,0.307,-0.6930000000000001,29.926
KWT,2003,0.31,-0.69,29.843
KWT,2004,0.31,-0.69,29.82
KWT,2005,0.345,-0.655,29.799
KWT,2006,0.347,-0.653,29.79
KWT,2007,0.342,-0.6579999999999999,29.805
KWT,2008,0.353,-0.647,29.869
KWT,2009,0.4,-0.6,29.907
KWT,2010,0.394,-0.606,29.833
KWT,2011,0.394,-0.606,29.755
KWT,2012,0.382,-0.618,29.504
KWT,2013,0.382,-0.618,29.398
KWT,2014,0.369,-0.631,29.247
KWT,2015,0.369,-0.631,29.248
KWT,2016,0.363,-0.637,29.328
KWT,2017,0.368,-0.632,29.429
KWT,2018,0.382,-0.618,29.568
KWT,2019,0.406,-0.594,29.582
KWT,2020,0.409,-0.591,29.851
KWT,2021,0.378,-0.622,30.165
KWT,2022,0.394,-0.606,30.298
KWT,2023,0.392,-0.608,30.328
KGZ,1950,0.347,-0.653,28.562
KGZ,1951,0.347,-0.653,28.563
KGZ,1952,0.347,-0.653,28.564
KGZ,1953,0.358,-0.642,28.565
KGZ,1954,0.426,-0.5740000000000001,28.566
KGZ,1955,0.43,-0.5700000000000001,28.567
KGZ,1956,0.445,-0.5549999999999999,28.568
KGZ,1957,0.446,-0.554,28.569
KGZ,1958,0.454,-0.546,28.57
KGZ,1959,0.454,-0.546,28.571
KGZ,1960,0.462,-0.538,28.572
KGZ,1961,0.462,-0.538,28.573
KGZ,1962,0.468,-0.532,28.574
KGZ,1963,0.468,-0.532,28.575
KGZ,1964,0.468,-0.532,28.557
KGZ,1965,0.48,-0.52,28.539
KGZ,1966,0.485,-0.515,28.52
KGZ,1967,0.491,-0.509,28.5
KGZ,1968,0.487,-0.513,28.46
KGZ,1969,0.478,-0.522,28.455
KGZ,1970,0.482,-0.518,28.471
KGZ,1971,0.481,-0.519,28.457
KGZ,1972,0.477,-0.523,28.442
KGZ,1973,0.481,-0.519,28.409
KGZ,1974,0.488,-0.512,28.368
KGZ,1975,0.484,-0.516,28.309
KGZ,1976,0.485,-0.515,28.279
KGZ,1977,0.478,-0.522,28.259
KGZ,1978,0.478,-0.522,28.228
KGZ,1979,0.482,-0.518,28.166
KGZ,1980,0.482,-0.518,28.1
KGZ,1981,0.482,-0.518,28.104
KGZ,1982,0.482,-0.518,28.122
KGZ,1983,0.482,-0.518,28.039
KGZ,1984,0.48,-0.52,28.005
KGZ,1985,0.496,-0.504,27.982
KGZ,1986,0.531,-0.469,28.019
KGZ,1987,0.525,-0.475,27.993
KGZ,1988,0.534,-0.46599999999999997,27.834
KGZ,1989,0.497,-0.503,27.633
KGZ,1990,0.586,-0.41400000000000003,27.391
KGZ,1991,0.617,-0.383,27.177
KGZ,1992,0.64,-0.36,27.007
KGZ,1993,0.64,-0.36,26.862
KGZ,1994,0.64,-0.36,26.91
KGZ,1995,0.608,-0.392,26.971
KGZ,1996,0.6,-0.4,26.979
KGZ,1997,0.6,-0.4,27.146
KGZ,1998,0.6,-0.4,27.296
KGZ,1999,0.622,-0.378,27.35
KGZ,2000,0.599,-0.401,27.35
KGZ,2001,0.599,-0.401,27.396
KGZ,2002,0.603,-0.397,27.624
KGZ,2003,0.603,-0.397,27.762
KGZ,2004,0.603,-0.397,27.866
KGZ,2005,0.589,-0.41100000000000003,27.867
KGZ,2006,0.589,-0.41100000000000003,28.01
KGZ,2007,0.732,-0.268,28.028
KGZ,2008,0.74,-0.26,28.099
KGZ,2009,0.746,-0.254,28.128
KGZ,2010,0.782,-0.21799999999999997,28.15
KGZ,2011,0.781,-0.21899999999999997,28.009
KGZ,2012,0.778,-0.22199999999999998,28.004
KGZ,2013,0.799,-0.20099999999999996,28.01
KGZ,2014,0.8,-0.19999999999999996,28.063
KGZ,2015,0.793,-0.20699999999999996,28.139
KGZ,2016,0.785,-0.21499999999999997,28.14
KGZ,2017,0.79,-0.20999999999999996,28.152
KGZ,2018,0.791,-0.20899999999999996,28.112
KGZ,2019,0.772,-0.22799999999999998,28.13
KGZ,2020,0.736,-0.264,28.169
KGZ,2021,0.721,-0.279,28.227
KGZ,2022,0.748,-0.252,28.464
KGZ,2023,0.72,-0.28,28.461
LAO,1950,0.154,-0.846,30.191
LAO,1951,0.154,-0.846,30.182
LAO,1952,0.154,-0.846,30.172
LAO,1953,0.201,-0.7989999999999999,30.161
LAO,1954,0.207,-0.793,30.15
LAO,1955,0.21,-0.79,30.138
LAO,1956,0.21,-0.79,30.126
LAO,1957,0.21,-0.79,30.113
LAO,1958,0.23,-0.77,30.1
LAO,1959,0.23,-0.77,30.087
LAO,1960,0.204,-0.796,30.073
LAO,1961,0.204,-0.796,30.059
LAO,1962,0.204,-0.796,30.044
LAO,1963,0.204,-0.796,30.03
LAO,1964,0.204,-0.796,30.015
LAO,1965,0.204,-0.796,29.997
LAO,1966,0.204,-0.796,29.98
LAO,1967,0.204,-0.796,29.962
LAO,1968,0.204,-0.796,29.943
LAO,1969,0.204,-0.796,29.923
LAO,1970,0.204,-0.796,29.901
LAO,1971,0.204,-0.796,29.879
LAO,1972,0.223,-0.777,29.857
LAO,1973,0.223,-0.777,29.834
LAO,1974,0.223,-0.777,29.811
LAO,1975,0.169,-0.831,29.789
LAO,1976,0.234,-0.766,29.765
LAO,1977,0.234,-0.766,29.739
LAO,1978,0.234,-0.766,29.712
LAO,1979,0.234,-0.766,29.684
LAO,1980,0.234,-0.766,29.657
LAO,1981,0.234,-0.766,29.63
LAO,1982,0.234,-0.766,29.604
LAO,1983,0.234,-0.766,29.577
LAO,1984,0.234,-0.766,29.546
LAO,1985,0.234,-0.766,29.508
LAO,1986,0.245,-0.755,29.475
LAO,1987,0.256,-0.744,29.454
LAO,1988,0.256,-0.744,29.43
LAO,1989,0.298,-0.702,29.405
LAO,1990,0.298,-0.702,29.373
LAO,1991,0.3,-0.7,29.304
LAO,1992,0.321,-0.679,29.263
LAO,1993,0.321,-0.679,29.167
LAO,1994,0.316,-0.6839999999999999,29.074
LAO,1995,0.317,-0.683,28.975
LAO,1996,0.317,-0.683,28.846
LAO,1997,0.38,-0.62,28.713
LAO,1998,0.38,-0.62,28.597
LAO,1999,0.385,-0.615,28.447
LAO,2000,0.398,-0.602,28.266
LAO,2001,0.398,-0.602,28.171
LAO,2002,0.405,-0.595,28.093
LAO,2003,0.405,-0.595,28.033
LAO,2004,0.429,-0.571,27.932
LAO,2005,0.429,-0.571,27.79
LAO,2006,0.445,-0.5549999999999999,27.635
LAO,2007,0.445,-0.5549999999999999,27.479
LAO,2008,0.445,-0.5549999999999999,27.338
LAO,2009,0.445,-0.5549999999999999,27.221
LAO,2010,0.449,-0.5509999999999999,27.16
LAO,2011,0.445,-0.5549999999999999,27.063
LAO,2012,0.445,-0.5549999999999999,26.966
LAO,2013,0.456,-0.544,26.869
LAO,2014,0.456,-0.544,26.821
LAO,2015,0.456,-0.544,26.763
LAO,2016,0.467,-0.5329999999999999,26.692
LAO,2017,0.485,-0.515,26.632
LAO,2018,0.485,-0.515,26.543
LAO,2019,0.486,-0.514,26.508
LAO,2020,0.49,-0.51,26.413
LAO,2021,0.477,-0.523,26.377
LAO,2022,0.482,-0.518,26.31
LAO,2023,0.484,-0.516,26.26
LVA,1950,0.347,-0.653,29.289
LVA,1951,0.347,-0.653,29.246
LVA,1952,0.347,-0.653,29.26
LVA,1953,0.358,-0.642,29.283
LVA,1954,0.426,-0.5740000000000001,29.151
LVA,1955,0.43,-0.5700000000000001,29.022
LVA,1956,0.445,-0.5549999999999999,28.841
LVA,1957,0.446,-0.554,28.594
LVA,1958,0.454,-0.546,28.412
LVA,1959,0.454,-0.546,28.234
LVA,1960,0.462,-0.538,28.088
LVA,1961,0.462,-0.538,27.862
LVA,1962,0.468,-0.532,27.744
LVA,1963,0.468,-0.532,27.734
LVA,1964,0.468,-0.532,27.677
LVA,1965,0.48,-0.52,27.589
LVA,1966,0.485,-0.515,27.451
LVA,1967,0.491,-0.509,27.256
LVA,1968,0.487,-0.513,27.101
LVA,1969,0.478,-0.522,26.961
LVA,1970,0.482,-0.518,26.937
LVA,1971,0.481,-0.519,26.926
LVA,1972,0.477,-0.523,26.928
LVA,1973,0.481,-0.519,26.844
LVA,1974,0.488,-0.512,26.797
LVA,1975,0.484,-0.516,26.668
LVA,1976,0.485,-0.515,26.551
LVA,1977,0.478,-0.522,26.399
LVA,1978,0.478,-0.522,26.241
LVA,1979,0.482,-0.518,26.09
LVA,1980,0.482,-0.518,25.948
LVA,1981,0.482,-0.518,25.965
LVA,1982,0.482,-0.518,26.007
LVA,1983,0.482,-0.518,26.097
LVA,1984,0.48,-0.52,26.074
LVA,1985,0.496,-0.504,25.976
LVA,1986,0.531,-0.469,26.065
LVA,1987,0.525,-0.475,26.101
LVA,1988,0.534,-0.46599999999999997,26.033
LVA,1989,0.497,-0.503,25.861
LVA,1990,0.735,-0.265,25.734
LVA,1993,0.902,-0.09799999999999998,25.487
LVA,1994,0.907,-0.09299999999999997,25.772
LVA,1995,0.89,-0.10999999999999999,25.89
LVA,1996,0.89,-0.10999999999999999,26.107
LVA,1997,0.89,-0.10999999999999999,26.451
LVA,1998,0.917,-0.08299999999999996,26.671
LVA,1999,0.92,-0.07999999999999996,26.831
LVA,2000,0.92,-0.07999999999999996,26.978
LVA,2001,0.92,-0.07999999999999996,27.179
LVA,2002,0.922,-0.07799999999999996,27.36
LVA,2003,0.929,-0.07099999999999995,27.477
LVA,2004,0.934,-0.06599999999999995,27.679
LVA,2005,0.934,-0.06599999999999995,27.902
LVA,2006,0.931,-0.06899999999999995,28.004
LVA,2007,0.932,-0.06799999999999995,28.131
LVA,2008,0.932,-0.06799999999999995,28.308
LVA,2009,0.935,-0.06499999999999995,28.603
LVA,2010,0.937,-0.06299999999999994,28.807
LVA,2011,0.942,-0.05800000000000005,28.913
LVA,2012,0.94,-0.06000000000000005,29.045
LVA,2013,0.938,-0.062000000000000055,29.25
LVA,2014,0.933,-0.06699999999999995,29.393
LVA,2015,0.933,-0.06699999999999995,29.415
LVA,2016,0.924,-0.07599999999999996,29.555
LVA,2017,0.938,-0.062000000000000055,29.688
LVA,2018,0.949,-0.051000000000000045,29.879
LVA,2019,0.947,-0.05300000000000005,29.969
LVA,2020,0.945,-0.05500000000000005,30.053
LVA,2021,0.952,-0.04800000000000004,30.204
LVA,2022,0.952,-0.04800000000000004,30.297
LVA,2023,0.946,-0.05400000000000005,30.317
LBN,1950,0.409,-0.591,28.995
LBN,1951,0.409,-0.591,28.994
LBN,1952,0.409,-0.591,28.993
LBN,1953,0.464,-0.536,28.991
LBN,1954,0.464,-0.536,28.989
LBN,1955,0.464,-0.536,28.986
LBN,1956,0.464,-0.536,28.984
LBN,1957,0.464,-0.536,28.981
LBN,1958,0.464,-0.536,28.979
LBN,1959,0.464,-0.536,28.975
LBN,1960,0.464,-0.536,28.972
LBN,1961,0.467,-0.5329999999999999,28.958
LBN,1962,0.467,-0.5329999999999999,28.954
LBN,1963,0.467,-0.5329999999999999,28.951
LBN,1964,0.467,-0.5329999999999999,28.956
LBN,1965,0.467,-0.5329999999999999,28.968
LBN,1966,0.467,-0.5329999999999999,28.978
LBN,1967,0.467,-0.5329999999999999,28.987
LBN,1968,0.467,-0.5329999999999999,28.988
LBN,1969,0.467,-0.5329999999999999,28.988
LBN,1970,0.467,-0.5329999999999999,28.98
LBN,1971,0.467,-0.5329999999999999,28.967
LBN,1972,0.467,-0.5329999999999999,28.95
LBN,1973,0.467,-0.5329999999999999,28.926
LBN,1974,0.467,-0.5329999999999999,28.894
LBN,1975,0.467,-0.5329999999999999,28.859
LBN,1976,0.454,-0.546,28.819
LBN,1977,0.454,-0.546,28.757
LBN,1978,0.454,-0.546,28.696
LBN,1979,0.454,-0.546,28.644
LBN,1980,0.461,-0.5389999999999999,28.627
LBN,1981,0.461,-0.5389999999999999,28.611
LBN,1982,0.461,-0.5389999999999999,28.593
LBN,1983,0.461,-0.5389999999999999,28.581
LBN,1984,0.461,-0.5389999999999999,28.565
LBN,1985,0.461,-0.5389999999999999,28.534
LBN,1986,0.461,-0.5389999999999999,28.546
LBN,1987,0.461,-0.5389999999999999,28.556
LBN,1988,0.461,-0.5389999999999999,28.625
LBN,1989,0.461,-0.5389999999999999,28.672
LBN,1990,0.472,-0.528,28.705
LBN,1991,0.477,-0.523,28.736
LBN,1992,0.485,-0.515,28.79
LBN,1993,0.485,-0.515,28.89
LBN,1994,0.485,-0.515,28.969
LBN,1995,0.485,-0.515,29.046
LBN,1996,0.485,-0.515,29.041
LBN,1997,0.485,-0.515,29.037
LBN,1998,0.485,-0.515,29.072
LBN,1999,0.485,-0.515,29.108
LBN,2000,0.493,-0.507,29.141
LBN,2001,0.493,-0.507,29.18
LBN,2002,0.493,-0.507,29.22
LBN,2003,0.493,-0.507,29.246
LBN,2004,0.493,-0.507,29.249
LBN,2005,0.506,-0.494,29.25
LBN,2006,0.516,-0.484,29.255
LBN,2007,0.514,-0.486,29.263
LBN,2008,0.519,-0.481,29.274
LBN,2009,0.509,-0.491,29.255
LBN,2010,0.513,-0.487,29.24
LBN,2011,0.508,-0.492,29.23
LBN,2012,0.513,-0.487,29.224
LBN,2013,0.559,-0.44099999999999995,29.225
LBN,2014,0.554,-0.44599999999999995,29.226
LBN,2015,0.546,-0.45399999999999996,29.227
LBN,2016,0.555,-0.44499999999999995,29.225
LBN,2017,0.564,-0.43600000000000005,29.23
LBN,2018,0.563,-0.43700000000000006,29.232
LBN,2019,0.57,-0.43000000000000005,29.238
LBN,2020,0.549,-0.45099999999999996,29.238
LBN,2021,0.595,-0.405,29.245
LBN,2022,0.601,-0.399,29.244
LBN,2023,0.609,-0.391,29.242
LSO,1950,0.34,-0.6599999999999999,30.06
LSO,1951,0.34,-0.6599999999999999,30.063
LSO,1952,0.34,-0.6599999999999999,30.066
LSO,1953,0.34,-0.6599999999999999,30.076
LSO,1954,0.34,-0.6599999999999999,30.086
LSO,1955,0.34,-0.6599999999999999,30.095
LSO,1956,0.34,-0.6599999999999999,30.057
LSO,1957,0.34,-0.6599999999999999,30.018
LSO,1958,0.34,-0.6599999999999999,29.978
LSO,1959,0.34,-0.6599999999999999,29.936
LSO,1960,0.361,-0.639,29.893
LSO,1961,0.361,-0.639,29.856
LSO,1962,0.361,-0.639,29.845
LSO,1963,0.361,-0.639,29.834
LSO,1964,0.361,-0.639,29.824
LSO,1965,0.361,-0.639,29.842
LSO,1966,0.51,-0.49,29.859
LSO,1967,0.51,-0.49,29.875
LSO,1968,0.51,-0.49,29.886
LSO,1969,0.51,-0.49,29.896
LSO,1970,0.472,-0.528,29.907
LSO,1971,0.472,-0.528,29.878
LSO,1972,0.472,-0.528,29.838
LSO,1973,0.51,-0.49,29.799
LSO,1974,0.51,-0.49,29.751
LSO,1975,0.51,-0.49,29.702
LSO,1976,0.51,-0.49,29.636
LSO,1977,0.51,-0.49,29.594
LSO,1978,0.514,-0.486,29.588
LSO,1979,0.503,-0.497,29.59
LSO,1980,0.522,-0.478,29.637
LSO,1981,0.522,-0.478,29.683
LSO,1982,0.522,-0.478,29.693
LSO,1983,0.522,-0.478,29.7
LSO,1984,0.522,-0.478,29.683
LSO,1985,0.487,-0.513,29.675
LSO,1986,0.495,-0.505,29.647
LSO,1987,0.507,-0.493,29.639
LSO,1988,0.507,-0.493,29.59
LSO,1989,0.507,-0.493,29.539
LSO,1990,0.527,-0.473,29.491
LSO,1991,0.565,-0.43500000000000005,29.421
LSO,1992,0.572,-0.42800000000000005,29.407
LSO,1993,0.683,-0.31699999999999995,29.383
LSO,1994,0.682,-0.31799999999999995,29.305
LSO,1995,0.685,-0.31499999999999995,29.298
LSO,1996,0.685,-0.31499999999999995,29.202
LSO,1997,0.685,-0.31499999999999995,29.107
LSO,1998,0.679,-0.32099999999999995,29.055
LSO,1999,0.681,-0.31899999999999995,28.989
LSO,2000,0.694,-0.30600000000000005,28.975
LSO,2001,0.694,-0.30600000000000005,28.972
LSO,2002,0.73,-0.27,28.995
LSO,2003,0.75,-0.25,28.849
LSO,2004,0.732,-0.268,28.769
LSO,2005,0.745,-0.255,28.606
LSO,2006,0.756,-0.244,28.492
LSO,2007,0.789,-0.21099999999999997,28.378
LSO,2008,0.789,-0.21099999999999997,28.322
LSO,2009,0.789,-0.21099999999999997,28.31
LSO,2010,0.803,-0.19699999999999995,28.316
LSO,2011,0.803,-0.19699999999999995,28.339
LSO,2012,0.805,-0.19499999999999995,28.227
LSO,2013,0.806,-0.19399999999999995,28.189
LSO,2014,0.807,-0.19299999999999995,28.278
LSO,2015,0.807,-0.19299999999999995,28.378
LSO,2016,0.799,-0.20099999999999996,28.202
LSO,2017,0.753,-0.247,28.097
LSO,2018,0.778,-0.22199999999999998,28.053
LSO,2019,0.749,-0.251,28.014
LSO,2020,0.799,-0.20099999999999996,27.987
LSO,2021,0.825,-0.17500000000000004,27.952
LSO,2022,0.835,-0.16500000000000004,27.927
LSO,2023,0.831,-0.16900000000000004,27.91
LBR,1950,0.325,-0.675,28.367
LBR,1951,0.325,-0.675,28.367
LBR,1952,0.321,-0.679,28.368
LBR,1953,0.321,-0.679,28.368
LBR,1954,0.321,-0.679,28.368
LBR,1955,0.321,-0.679,28.37
LBR,1956,0.321,-0.679,28.373
LBR,1957,0.321,-0.679,28.375
LBR,1958,0.321,-0.679,28.343
LBR,1959,0.321,-0.679,28.336
LBR,1960,0.321,-0.679,28.328
LBR,1961,0.321,-0.679,28.373
LBR,1962,0.321,-0.679,28.417
LBR,1963,0.321,-0.679,28.461
LBR,1964,0.321,-0.679,28.471
LBR,1965,0.321,-0.679,28.481
LBR,1966,0.321,-0.679,28.546
LBR,1967,0.321,-0.679,28.577
LBR,1968,0.321,-0.679,28.607
LBR,1969,0.321,-0.679,28.535
LBR,1970,0.327,-0.673,28.566
LBR,1971,0.356,-0.644,28.629
LBR,1972,0.355,-0.645,28.696
LBR,1973,0.355,-0.645,28.735
LBR,1974,0.355,-0.645,28.784
LBR,1975,0.355,-0.645,28.829
LBR,1976,0.355,-0.645,28.862
LBR,1977,0.355,-0.645,28.897
LBR,1978,0.355,-0.645,28.935
LBR,1979,0.355,-0.645,28.919
LBR,1980,0.457,-0.5429999999999999,28.888
LBR,1981,0.45,-0.55,28.898
LBR,1982,0.45,-0.55,28.932
LBR,1983,0.45,-0.55,28.956
LBR,1984,0.45,-0.55,28.941
LBR,1985,0.481,-0.519,28.945
LBR,1986,0.481,-0.519,28.982
LBR,1987,0.481,-0.519,29.117
LBR,1988,0.481,-0.519,29.188
LBR,1989,0.45,-0.55,29.252
LBR,1990,0.473,-0.527,29.294
LBR,1991,0.553,-0.44699999999999995,29.314
LBR,1992,0.553,-0.44699999999999995,29.369
LBR,1993,0.556,-0.44399999999999995,29.439
LBR,1994,0.554,-0.44599999999999995,29.529
LBR,1995,0.533,-0.46699999999999997,29.569
LBR,1996,0.489,-0.511,29.617
LBR,1997,0.488,-0.512,29.661
LBR,1998,0.488,-0.512,29.593
LBR,1999,0.488,-0.512,29.543
LBR,2000,0.508,-0.492,29.53
LBR,2001,0.508,-0.492,29.455
LBR,2002,0.511,-0.489,29.383
LBR,2003,0.511,-0.489,29.216
LBR,2004,0.766,-0.23399999999999999,29.133
LBR,2005,0.851,-0.14900000000000002,29.052
LBR,2006,0.859,-0.14100000000000001,29.0
LBR,2007,0.859,-0.14100000000000001,28.935
LBR,2008,0.859,-0.14100000000000001,28.861
LBR,2009,0.859,-0.14100000000000001,28.74
LBR,2010,0.863,-0.137,28.664
LBR,2011,0.86,-0.14,28.63
LBR,2012,0.86,-0.14,28.656
LBR,2013,0.834,-0.16600000000000004,28.604
LBR,2014,0.834,-0.16600000000000004,28.538
LBR,2015,0.834,-0.16600000000000004,28.52
LBR,2016,0.837,-0.16300000000000003,28.513
LBR,2017,0.847,-0.15300000000000002,28.508
LBR,2018,0.831,-0.16900000000000004,28.478
LBR,2019,0.824,-0.17600000000000005,28.439
LBR,2020,0.82,-0.18000000000000005,28.387
LBR,2021,0.822,-0.17800000000000005,28.332
LBR,2022,0.831,-0.16900000000000004,28.288
LBR,2023,0.824,-0.17600000000000005,28.257
LBY,1951,0.135,-0.865,29.905
LBY,1952,0.135,-0.865,29.905
LBY,1953,0.135,-0.865,29.905
LBY,1954,0.135,-0.865,29.905
LBY,1955,0.135,-0.865,29.906
LBY,1956,0.135,-0.865,29.906
LBY,1957,0.135,-0.865,29.906
LBY,1958,0.135,-0.865,29.907
LBY,1959,0.135,-0.865,29.907
LBY,1960,0.135,-0.865,29.907
LBY,1961,0.135,-0.865,29.907
LBY,1962,0.135,-0.865,29.908
LBY,1963,0.135,-0.865,29.908
LBY,1964,0.135,-0.865,29.908
LBY,1965,0.135,-0.865,29.909
LBY,1966,0.135,-0.865,29.909
LBY,1967,0.135,-0.865,29.909
LBY,1968,0.135,-0.865,29.909
LBY,1969,0.162,-0.838,29.909
LBY,1970,0.165,-0.835,29.91
LBY,1971,0.165,-0.835,29.91
LBY,1972,0.165,-0.835,29.91
LBY,1973,0.165,-0.835,29.91
LBY,1974,0.165,-0.835,29.91
LBY,1975,0.165,-0.835,29.909
LBY,1976,0.165,-0.835,29.909
LBY,1977,0.165,-0.835,29.909
LBY,1978,0.165,-0.835,29.908
LBY,1979,0.163,-0.837,29.908
LBY,1980,0.163,-0.837,29.907
LBY,1981,0.163,-0.837,30.333
LBY,1982,0.163,-0.837,30.583
LBY,1983,0.163,-0.837,30.879
LBY,1984,0.163,-0.837,31.138
LBY,1985,0.163,-0.837,31.387
LBY,1986,0.163,-0.837,31.653
LBY,1987,0.163,-0.837,31.915
LBY,1988,0.163,-0.837,32.167
LBY,1989,0.163,-0.837,32.377
LBY,1990,0.163,-0.837,32.571
LBY,1991,0.163,-0.837,32.751
LBY,1992,0.163,-0.837,32.871
LBY,1993,0.163,-0.837,32.975
LBY,1994,0.163,-0.837,32.981
LBY,1995,0.163,-0.837,32.89
LBY,1996,0.163,-0.837,32.713
LBY,1997,0.163,-0.837,32.632
LBY,1998,0.163,-0.837,32.552
LBY,1999,0.163,-0.837,32.472
LBY,2000,0.163,-0.837,32.398
LBY,2001,0.163,-0.837,32.424
LBY,2002,0.163,-0.837,32.418
LBY,2003,0.163,-0.837,32.369
LBY,2004,0.163,-0.837,32.322
LBY,2005,0.184,-0.8160000000000001,32.286
LBY,2006,0.198,-0.802,32.183
LBY,2007,0.198,-0.802,32.082
LBY,2008,0.198,-0.802,31.979
LBY,2009,0.196,-0.804,31.877
LBY,2010,0.198,-0.802,31.843
LBY,2011,0.241,-0.759,31.815
LBY,2012,0.437,-0.563,31.785
LBY,2013,0.425,-0.575,31.761
LBY,2014,0.378,-0.622,31.782
LBY,2015,0.391,-0.609,31.791
LBY,2016,0.391,-0.609,31.8
LBY,2017,0.347,-0.653,31.811
LBY,2018,0.348,-0.652,31.824
LBY,2019,0.358,-0.642,31.842
LBY,2020,0.359,-0.641,31.856
LBY,2021,0.384,-0.616,31.868
LBY,2022,0.389,-0.611,31.878
LBY,2023,0.426,-0.5740000000000001,31.885
LTU,1950,0.347,-0.653,29.446
LTU,1951,0.347,-0.653,29.446
LTU,1952,0.347,-0.653,29.414
LTU,1953,0.358,-0.642,29.387
LTU,1954,0.426,-0.5740000000000001,29.36
LTU,1955,0.43,-0.5700000000000001,29.36
LTU,1956,0.445,-0.5549999999999999,29.357
LTU,1957,0.446,-0.554,29.373
LTU,1958,0.454,-0.546,29.394
LTU,1959,0.454,-0.546,29.384
LTU,1960,0.462,-0.538,29.381
LTU,1961,0.462,-0.538,29.111
LTU,1962,0.468,-0.532,29.182
LTU,1963,0.468,-0.532,29.085
LTU,1964,0.468,-0.532,29.138
LTU,1965,0.48,-0.52,28.84
LTU,1966,0.485,-0.515,28.662
LTU,1967,0.491,-0.509,28.405
LTU,1968,0.487,-0.513,28.19
LTU,1969,0.478,-0.522,27.979
LTU,1970,0.482,-0.518,27.806
LTU,1971,0.481,-0.519,27.702
LTU,1972,0.477,-0.523,27.652
LTU,1973,0.481,-0.519,27.585
LTU,1974,0.488,-0.512,27.464
LTU,1975,0.484,-0.516,27.36
LTU,1976,0.485,-0.515,27.279
LTU,1977,0.478,-0.522,27.133
LTU,1978,0.478,-0.522,27.029
LTU,1979,0.482,-0.518,26.921
LTU,1980,0.482,-0.518,26.757
LTU,1981,0.482,-0.518,27.061
LTU,1982,0.482,-0.518,27.093
LTU,1983,0.482,-0.518,27.136
LTU,1984,0.48,-0.52,27.046
LTU,1985,0.496,-0.504,26.859
LTU,1986,0.531,-0.469,26.907
LTU,1987,0.525,-0.475,26.773
LTU,1988,0.534,-0.46599999999999997,26.25
LTU,1989,0.497,-0.503,25.965
LTU,1990,0.784,-0.21599999999999997,25.878
LTU,1991,0.833,-0.16700000000000004,25.685
LTU,1992,0.826,-0.17400000000000004,25.602
LTU,1993,0.827,-0.17300000000000004,25.628
LTU,1994,0.827,-0.17300000000000004,25.519
LTU,1995,0.827,-0.17300000000000004,25.622
LTU,1996,0.879,-0.121,25.786
LTU,1997,0.889,-0.11099999999999999,26.014
LTU,1998,0.889,-0.11099999999999999,26.301
LTU,1999,0.889,-0.11099999999999999,26.473
LTU,2000,0.861,-0.139,26.641
LTU,2001,0.865,-0.135,26.82
LTU,2002,0.865,-0.135,26.893
LTU,2003,0.865,-0.135,27.062
LTU,2004,0.921,-0.07899999999999996,27.299
LTU,2005,0.921,-0.07899999999999996,27.475
LTU,2006,0.927,-0.07299999999999995,27.641
LTU,2007,0.924,-0.07599999999999996,27.852
LTU,2008,0.93,-0.06999999999999995,28.123
LTU,2009,0.917,-0.08299999999999996,28.479
LTU,2010,0.917,-0.08299999999999996,28.776
LTU,2011,0.914,-0.08599999999999997,28.88
LTU,2012,0.925,-0.07499999999999996,28.99
LTU,2013,0.902,-0.09799999999999998,29.149
LTU,2014,0.9,-0.09999999999999998,29.34
LTU,2015,0.896,-0.10399999999999998,29.455
LTU,2016,0.897,-0.10299999999999998,29.607
LTU,2017,0.919,-0.08099999999999996,29.812
LTU,2018,0.916,-0.08399999999999996,30.054
LTU,2019,0.914,-0.08599999999999997,30.211
LTU,2020,0.918,-0.08199999999999996,30.356
LTU,2021,0.91,-0.08999999999999997,30.395
LTU,2022,0.928,-0.07199999999999995,30.311
LTU,2023,0.923,-0.07699999999999996,30.324
LUX,1950,0.748,-0.252,28.59
LUX,1951,0.748,-0.252,28.506
LUX,1952,0.748,-0.252,28.473
LUX,1953,0.748,-0.252,28.365
LUX,1954,0.748,-0.252,28.274
LUX,1955,0.75,-0.25,28.153
LUX,1956,0.75,-0.25,27.981
LUX,1957,0.75,-0.25,27.889
LUX,1958,0.75,-0.25,27.787
LUX,1959,0.75,-0.25,27.688
LUX,1960,0.768,-0.23199999999999998,27.652
LUX,1961,0.768,-0.23199999999999998,27.583
LUX,1962,0.768,-0.23199999999999998,27.543
LUX,1963,0.768,-0.23199999999999998,27.461
LUX,1964,0.778,-0.22199999999999998,27.43
LUX,1965,0.786,-0.21399999999999997,27.324
LUX,1966,0.786,-0.21399999999999997,27.261
LUX,1967,0.786,-0.21399999999999997,27.113
LUX,1968,0.794,-0.20599999999999996,27.094
LUX,1969,0.794,-0.20599999999999996,27.194
LUX,1970,0.793,-0.20699999999999996,27.106
LUX,1971,0.793,-0.20699999999999996,27.0
LUX,1972,0.793,-0.20699999999999996,27.023
LUX,1973,0.793,-0.20699999999999996,26.998
LUX,1974,0.806,-0.19399999999999995,27.016
LUX,1975,0.806,-0.19399999999999995,27.049
LUX,1976,0.806,-0.19399999999999995,27.077
LUX,1977,0.806,-0.19399999999999995,27.053
LUX,1978,0.806,-0.19399999999999995,27.165
LUX,1979,0.834,-0.16600000000000004,27.305
LUX,1980,0.827,-0.17300000000000004,27.385
LUX,1981,0.827,-0.17300000000000004,27.424
LUX,1982,0.831,-0.16900000000000004,27.576
LUX,1983,0.829,-0.17100000000000004,27.7
LUX,1984,0.824,-0.17600000000000005,27.88
LUX,1985,0.824,-0.17600000000000005,27.939
LUX,1986,0.825,-0.17500000000000004,28.082
LUX,1987,0.825,-0.17500000000000004,28.226
LUX,1988,0.83,-0.17000000000000004,28.248
LUX,1989,0.834,-0.16600000000000004,28.266
LUX,1990,0.843,-0.15700000000000003,28.345
LUX,1991,0.847,-0.15300000000000002,28.431
LUX,1992,0.847,-0.15300000000000002,28.541
LUX,1993,0.847,-0.15300000000000002,28.541
LUX,1994,0.859,-0.14100000000000001,28.736
LUX,1995,0.859,-0.14100000000000001,28.912
LUX,1996,0.865,-0.135,29.084
LUX,1997,0.865,-0.135,29.183
LUX,1998,0.865,-0.135,29.218
LUX,1999,0.86,-0.14,29.283
LUX,2000,0.864,-0.136,29.27
LUX,2001,0.864,-0.136,29.354
LUX,2002,0.858,-0.14200000000000002,29.522
LUX,2003,0.858,-0.14200000000000002,29.589
LUX,2004,0.868,-0.132,29.691
LUX,2005,0.868,-0.132,29.825
LUX,2006,0.868,-0.132,29.982
LUX,2007,0.864,-0.136,30.213
LUX,2008,0.864,-0.136,30.463
LUX,2009,0.869,-0.131,30.597
LUX,2010,0.87,-0.13,30.741
LUX,2011,0.875,-0.125,30.823
LUX,2012,0.875,-0.125,30.96
LUX,2013,0.874,-0.126,31.218
LUX,2014,0.875,-0.125,31.388
LUX,2015,0.875,-0.125,31.5
LUX,2016,0.875,-0.125,31.726
LUX,2017,0.874,-0.126,31.88
LUX,2018,0.877,-0.123,32.07
LUX,2019,0.899,-0.10099999999999998,32.177
LUX,2020,0.852,-0.14800000000000002,32.25
LUX,2021,0.894,-0.10599999999999998,32.364
LUX,2022,0.908,-0.09199999999999997,32.322
LUX,2023,0.903,-0.09699999999999998,32.323
MDG,1950,0.175,-0.825,28.531
MDG,1951,0.175,-0.825,28.531
MDG,1952,0.175,-0.825,28.529
MDG,1953,0.175,-0.825,28.528
MDG,1954,0.175,-0.825,28.525
MDG,1955,0.175,-0.825,28.522
MDG,1956,0.175,-0.825,28.519
MDG,1957,0.175,-0.825,28.515
MDG,1958,0.176,-0.8240000000000001,28.511
MDG,1959,0.191,-0.8089999999999999,28.534
MDG,1960,0.376,-0.624,28.57
MDG,1961,0.415,-0.585,28.612
MDG,1962,0.415,-0.585,28.668
MDG,1963,0.415,-0.585,28.723
MDG,1964,0.415,-0.585,28.787
MDG,1965,0.421,-0.579,28.836
MDG,1966,0.421,-0.579,28.862
MDG,1967,0.421,-0.579,28.877
MDG,1968,0.421,-0.579,28.874
MDG,1969,0.421,-0.579,28.877
MDG,1970,0.453,-0.5469999999999999,28.844
MDG,1971,0.455,-0.5449999999999999,28.782
MDG,1972,0.385,-0.615,28.805
MDG,1973,0.423,-0.577,28.85
MDG,1974,0.423,-0.577,28.957
MDG,1975,0.418,-0.5820000000000001,29.023
MDG,1976,0.523,-0.477,29.097
MDG,1977,0.531,-0.469,29.114
MDG,1978,0.531,-0.469,29.128
MDG,1979,0.531,-0.469,29.173
MDG,1980,0.531,-0.469,29.323
MDG,1981,0.531,-0.469,29.492
MDG,1982,0.531,-0.469,29.48
MDG,1983,0.539,-0.46099999999999997,29.558
MDG,1984,0.539,-0.46099999999999997,29.545
MDG,1985,0.539,-0.46099999999999997,29.508
MDG,1986,0.539,-0.46099999999999997,29.664
MDG,1987,0.539,-0.46099999999999997,29.536
MDG,1988,0.539,-0.46099999999999997,29.384
MDG,1989,0.593,-0.40700000000000003,29.362
MDG,1990,0.623,-0.377,29.292
MDG,1991,0.633,-0.367,29.309
MDG,1992,0.61,-0.39,29.319
MDG,1993,0.61,-0.39,29.221
MDG,1994,0.635,-0.365,29.097
MDG,1995,0.635,-0.365,28.959
MDG,1996,0.641,-0.359,28.897
MDG,1997,0.641,-0.359,28.919
MDG,1998,0.669,-0.33099999999999996,28.944
MDG,1999,0.669,-0.33099999999999996,28.773
MDG,2000,0.666,-0.33399999999999996,28.634
MDG,2001,0.666,-0.33399999999999996,28.498
MDG,2002,0.636,-0.364,28.475
MDG,2003,0.649,-0.351,28.469
MDG,2004,0.649,-0.351,28.461
MDG,2005,0.649,-0.351,28.448
MDG,2006,0.652,-0.348,28.433
MDG,2007,0.711,-0.28900000000000003,28.375
MDG,2008,0.748,-0.252,28.375
MDG,2009,0.675,-0.32499999999999996,28.327
MDG,2010,0.671,-0.32899999999999996,28.311
MDG,2011,0.751,-0.249,28.271
MDG,2012,0.751,-0.249,28.226
MDG,2013,0.771,-0.22899999999999998,28.182
MDG,2014,0.791,-0.20899999999999996,28.102
MDG,2015,0.788,-0.21199999999999997,28.066
MDG,2016,0.786,-0.21399999999999997,28.043
MDG,2017,0.786,-0.21399999999999997,28.042
MDG,2018,0.765,-0.235,28.03
MDG,2019,0.741,-0.259,28.005
MDG,2020,0.753,-0.247,27.976
MDG,2021,0.743,-0.257,27.946
MDG,2022,0.745,-0.255,27.901
MDG,2023,0.723,-0.277,27.869
MWI,1950,0.105,-0.895,29.609
MWI,1951,0.105,-0.895,29.602
MWI,1952,0.105,-0.895,29.593
MWI,1953,0.105,-0.895,29.584
MWI,1954,0.108,-0.892,29.572
MWI,1955,0.108,-0.892,29.564
MWI,1956,0.108,-0.892,29.555
MWI,1957,0.108,-0.892,29.547
MWI,1958,0.108,-0.892,29.538
MWI,1959,0.108,-0.892,29.529
MWI,1960,0.109,-0.891,29.519
MWI,1961,0.121,-0.879,29.516
MWI,1962,0.121,-0.879,29.52
MWI,1963,0.123,-0.877,29.526
MWI,1964,0.22,-0.78,29.529
MWI,1965,0.24,-0.76,29.55
MWI,1966,0.25,-0.75,29.566
MWI,1967,0.239,-0.761,29.578
MWI,1968,0.239,-0.761,29.554
MWI,1969,0.239,-0.761,29.515
MWI,1970,0.239,-0.761,29.465
MWI,1971,0.276,-0.724,29.425
MWI,1972,0.276,-0.724,29.386
MWI,1973,0.276,-0.724,29.371
MWI,1974,0.276,-0.724,29.375
MWI,1975,0.283,-0.7170000000000001,29.371
MWI,1976,0.285,-0.7150000000000001,29.417
MWI,1977,0.284,-0.716,29.464
MWI,1978,0.298,-0.702,29.478
MWI,1979,0.298,-0.702,29.433
MWI,1980,0.298,-0.702,29.423
MWI,1981,0.298,-0.702,29.476
MWI,1982,0.298,-0.702,29.496
MWI,1983,0.272,-0.728,29.528
MWI,1984,0.272,-0.728,29.562
MWI,1985,0.272,-0.728,29.514
MWI,1986,0.272,-0.728,29.559
MWI,1987,0.291,-0.7090000000000001,29.59
MWI,1988,0.302,-0.698,29.587
MWI,1989,0.302,-0.698,29.618
MWI,1990,0.303,-0.6970000000000001,29.619
MWI,1991,0.303,-0.6970000000000001,29.533
MWI,1992,0.315,-0.685,29.5
MWI,1993,0.35,-0.65,29.504
MWI,1994,0.45,-0.55,29.446
MWI,1995,0.604,-0.396,29.371
MWI,1996,0.612,-0.388,29.282
MWI,1997,0.612,-0.388,29.176
MWI,1998,0.613,-0.387,29.142
MWI,1999,0.636,-0.364,29.061
MWI,2000,0.681,-0.31899999999999995,28.983
MWI,2001,0.711,-0.28900000000000003,28.971
MWI,2002,0.712,-0.28800000000000003,28.969
MWI,2003,0.716,-0.28400000000000003,28.932
MWI,2004,0.743,-0.257,28.916
MWI,2005,0.74,-0.26,28.894
MWI,2006,0.74,-0.26,28.905
MWI,2007,0.74,-0.26,28.92
MWI,2008,0.74,-0.26,28.918
MWI,2009,0.768,-0.23199999999999998,28.849
MWI,2010,0.767,-0.23299999999999998,28.745
MWI,2011,0.773,-0.22699999999999998,28.627
MWI,2012,0.779,-0.22099999999999997,28.541
MWI,2013,0.786,-0.21399999999999997,28.444
MWI,2014,0.758,-0.242,28.332
MWI,2015,0.77,-0.22999999999999998,28.237
MWI,2016,0.772,-0.22799999999999998,28.139
MWI,2017,0.756,-0.244,28.053
MWI,2018,0.757,-0.243,27.954
MWI,2019,0.786,-0.21399999999999997,27.899
MWI,2020,0.816,-0.18400000000000005,27.835
MWI,2021,0.809,-0.19099999999999995,27.789
MWI,2022,0.821,-0.17900000000000005,27.731
MWI,2023,0.775,-0.22499999999999998,27.689
MYS,1950,0.452,-0.548,29.326
MYS,1951,0.452,-0.548,29.345
MYS,1952,0.452,-0.548,29.363
MYS,1953,0.452,-0.548,29.381
MYS,1954,0.452,-0.548,29.398
MYS,1955,0.497,-0.503,29.414
MYS,1956,0.497,-0.503,29.429
MYS,1957,0.525,-0.475,29.445
MYS,1958,0.581,-0.41900000000000004,29.59
MYS,1959,0.6,-0.4,29.732
MYS,1960,0.6,-0.4,29.865
MYS,1961,0.6,-0.4,30.0
MYS,1962,0.6,-0.4,30.126
MYS,1963,0.6,-0.4,30.166
MYS,1964,0.574,-0.42600000000000005,30.187
MYS,1965,0.574,-0.42600000000000005,30.2
MYS,1966,0.574,-0.42600000000000005,30.207
MYS,1967,0.58,-0.42000000000000004,30.206
MYS,1968,0.58,-0.42000000000000004,30.06
MYS,1969,0.568,-0.43200000000000005,29.893
MYS,1970,0.568,-0.43200000000000005,29.72
MYS,1971,0.568,-0.43200000000000005,29.819
MYS,1972,0.581,-0.41900000000000004,29.915
MYS,1973,0.581,-0.41900000000000004,29.786
MYS,1974,0.588,-0.41200000000000003,29.796
MYS,1975,0.588,-0.41200000000000003,29.806
MYS,1976,0.588,-0.41200000000000003,29.816
MYS,1977,0.588,-0.41200000000000003,29.811
MYS,1978,0.597,-0.403,29.819
MYS,1979,0.597,-0.403,29.843
MYS,1980,0.597,-0.403,29.85
MYS,1981,0.597,-0.403,29.894
MYS,1982,0.599,-0.401,29.92
MYS,1983,0.599,-0.401,29.947
MYS,1984,0.599,-0.401,29.974
MYS,1985,0.599,-0.401,30.001
MYS,1986,0.598,-0.402,30.006
MYS,1987,0.593,-0.40700000000000003,30.094
MYS,1988,0.595,-0.405,30.142
MYS,1989,0.595,-0.405,30.153
MYS,1990,0.615,-0.385,30.075
MYS,1991,0.615,-0.385,30.02
MYS,1992,0.615,-0.385,29.997
MYS,1993,0.615,-0.385,29.98
MYS,1994,0.615,-0.385,29.968
MYS,1995,0.625,-0.375,29.982
MYS,1996,0.625,-0.375,29.966
MYS,1997,0.625,-0.375,29.982
MYS,1998,0.625,-0.375,30.11
MYS,1999,0.622,-0.378,30.342
MYS,2000,0.623,-0.377,30.447
MYS,2001,0.623,-0.377,30.328
MYS,2002,0.636,-0.364,30.355
MYS,2003,0.637,-0.363,30.387
MYS,2004,0.65,-0.35,30.453
MYS,2005,0.655,-0.345,30.477
MYS,2006,0.655,-0.345,30.504
MYS,2007,0.659,-0.34099999999999997,30.533
MYS,2008,0.66,-0.33999999999999997,30.54
MYS,2009,0.661,-0.33899999999999997,30.533
MYS,2010,0.654,-0.346,30.558
MYS,2011,0.658,-0.34199999999999997,30.619
MYS,2012,0.658,-0.34199999999999997,30.696
MYS,2013,0.657,-0.34299999999999997,30.642
MYS,2014,0.657,-0.34299999999999997,30.691
MYS,2015,0.657,-0.34299999999999997,30.749
MYS,2016,0.657,-0.34299999999999997,30.795
MYS,2017,0.657,-0.34299999999999997,30.858
MYS,2018,0.725,-0.275,30.924
MYS,2019,0.761,-0.239,30.957
MYS,2020,0.797,-0.20299999999999996,31.011
MYS,2021,0.796,-0.20399999999999996,31.084
MYS,2022,0.78,-0.21999999999999997,30.958
MYS,2023,0.781,-0.21899999999999997,30.96
MDV,1950,0.351,-0.649,28.571
MDV,1951,0.351,-0.649,28.588
MDV,1952,0.351,-0.649,28.604
MDV,1979,0.446,-0.554,28.828
MDV,1980,0.459,-0.5409999999999999,28.832
MDV,1981,0.459,-0.5409999999999999,28.827
MDV,1982,0.459,-0.5409999999999999,28.797
MDV,1983,0.459,-0.5409999999999999,28.775
MDV,1984,0.446,-0.554,28.758
MDV,1985,0.446,-0.554,28.822
MDV,1986,0.446,-0.554,28.875
MDV,1987,0.446,-0.554,28.976
MDV,1988,0.446,-0.554,29.068
MDV,1989,0.473,-0.527,29.146
MDV,1990,0.485,-0.515,29.207
MDV,1991,0.472,-0.528,29.25
MDV,1992,0.472,-0.528,29.251
MDV,1993,0.472,-0.528,29.25
MDV,1994,0.462,-0.538,29.232
MDV,1995,0.462,-0.538,29.229
MDV,1996,0.462,-0.538,29.172
MDV,1997,0.462,-0.538,29.135
MDV,1998,0.462,-0.538,29.102
MDV,1999,0.46,-0.54,29.088
MDV,2000,0.498,-0.502,29.049
MDV,2001,0.498,-0.502,29.04
MDV,2002,0.498,-0.502,29.095
MDV,2003,0.504,-0.496,29.118
MDV,2004,0.508,-0.492,29.076
MDV,2005,0.589,-0.41100000000000003,29.057
MDV,2006,0.581,-0.41900000000000004,28.955
MDV,2007,0.581,-0.41900000000000004,28.841
MDV,2008,0.617,-0.383,28.794
MDV,2009,0.599,-0.401,28.74
MDV,2010,0.616,-0.384,28.836
MDV,2011,0.616,-0.384,28.932
MDV,2012,0.602,-0.398,28.998
MDV,2013,0.525,-0.475,29.118
MDV,2014,0.511,-0.489,29.236
MDV,2015,0.505,-0.495,29.409
MDV,2016,0.481,-0.519,29.608
MDV,2017,0.508,-0.492,29.837
MDV,2018,0.498,-0.502,29.972
MDV,2019,0.573,-0.42700000000000005,30.07
MDV,2020,0.58,-0.42000000000000004,30.121
MDV,2021,0.593,-0.40700000000000003,30.125
MDV,2022,0.573,-0.42700000000000005,30.177
MDV,2023,0.58,-0.42000000000000004,30.177
MLI,1950,0.102,-0.898,28.39
MLI,1951,0.102,-0.898,28.4
MLI,1952,0.102,-0.898,28.409
MLI,1953,0.102,-0.898,28.415
MLI,1954,0.102,-0.898,28.421
MLI,1955,0.102,-0.898,28.429
MLI,1956,0.103,-0.897,28.44
MLI,1957,0.116,-0.884,28.487
MLI,1958,0.128,-0.872,28.537
MLI,1960,0.505,-0.495,28.563
MLI,1961,0.505,-0.495,28.619
MLI,1962,0.505,-0.495,28.7
MLI,1963,0.505,-0.495,28.781
MLI,1964,0.513,-0.487,28.859
MLI,1965,0.514,-0.486,28.943
MLI,1966,0.514,-0.486,29.027
MLI,1967,0.514,-0.486,29.102
MLI,1968,0.492,-0.508,29.181
MLI,1969,0.524,-0.476,29.279
MLI,1970,0.524,-0.476,29.331
MLI,1971,0.524,-0.476,29.377
MLI,1972,0.524,-0.476,29.421
MLI,1973,0.524,-0.476,29.38
MLI,1974,0.524,-0.476,29.37
MLI,1975,0.524,-0.476,29.366
MLI,1976,0.524,-0.476,29.333
MLI,1977,0.524,-0.476,29.363
MLI,1978,0.524,-0.476,29.39
MLI,1979,0.524,-0.476,29.261
MLI,1980,0.548,-0.45199999999999996,29.245
MLI,1981,0.548,-0.45199999999999996,29.225
MLI,1982,0.54,-0.45999999999999996,29.18
MLI,1983,0.54,-0.45999999999999996,29.221
MLI,1984,0.54,-0.45999999999999996,29.293
MLI,1985,0.548,-0.45199999999999996,29.326
MLI,1986,0.548,-0.45199999999999996,29.371
MLI,1987,0.548,-0.45199999999999996,29.401
MLI,1988,0.548,-0.45199999999999996,29.331
MLI,1989,0.548,-0.45199999999999996,29.456
MLI,1990,0.561,-0.43899999999999995,29.611
MLI,1991,0.586,-0.41400000000000003,29.443
MLI,1992,0.655,-0.345,29.425
MLI,1993,0.669,-0.33099999999999996,29.389
MLI,1994,0.669,-0.33099999999999996,29.332
MLI,1995,0.669,-0.33099999999999996,29.536
MLI,1996,0.669,-0.33099999999999996,29.545
MLI,1997,0.725,-0.275,29.429
MLI,1998,0.725,-0.275,29.321
MLI,1999,0.725,-0.275,29.166
MLI,2000,0.725,-0.275,29.235
MLI,2001,0.725,-0.275,29.279
MLI,2002,0.715,-0.28500000000000003,29.246
MLI,2003,0.715,-0.28500000000000003,29.189
MLI,2004,0.715,-0.28500000000000003,29.077
MLI,2005,0.715,-0.28500000000000003,29.01
MLI,2006,0.715,-0.28500000000000003,29.092
MLI,2007,0.715,-0.28500000000000003,29.127
MLI,2008,0.715,-0.28500000000000003,29.157
MLI,2009,0.715,-0.28500000000000003,29.125
MLI,2010,0.712,-0.28800000000000003,29.08
MLI,2011,0.712,-0.28800000000000003,29.102
MLI,2012,0.652,-0.348,29.101
MLI,2013,0.644,-0.356,29.106
MLI,2014,0.647,-0.353,29.103
MLI,2015,0.696,-0.30400000000000005,29.085
MLI,2016,0.696,-0.30400000000000005,29.071
MLI,2017,0.682,-0.31799999999999995,29.054
MLI,2018,0.658,-0.34199999999999997,29.016
MLI,2019,0.697,-0.30300000000000005,28.967
MLI,2020,0.686,-0.31399999999999995,28.944
MLI,2021,0.735,-0.265,28.913
MLI,2022,0.724,-0.276,28.891
MLI,2023,0.695,-0.30500000000000005,28.859
MLT,1959,0.599,-0.401,29.388
MLT,1960,0.599,-0.401,29.358
MLT,1961,0.599,-0.401,29.403
MLT,1962,0.599,-0.401,29.416
MLT,1964,0.65,-0.35,29.522
MLT,1965,0.65,-0.35,29.609
MLT,1966,0.65,-0.35,29.386
MLT,1967,0.65,-0.35,29.243
MLT,1968,0.685,-0.31499999999999995,29.154
MLT,1969,0.685,-0.31499999999999995,29.126
MLT,1970,0.685,-0.31499999999999995,29.054
MLT,1971,0.682,-0.31799999999999995,28.965
MLT,1972,0.682,-0.31799999999999995,28.808
MLT,1973,0.682,-0.31799999999999995,28.68
MLT,1974,0.682,-0.31799999999999995,28.503
MLT,1975,0.682,-0.31799999999999995,28.39
MLT,1976,0.679,-0.32099999999999995,28.474
MLT,1977,0.679,-0.32099999999999995,28.652
MLT,1978,0.679,-0.32099999999999995,28.693
MLT,1979,0.679,-0.32099999999999995,28.797
MLT,1980,0.679,-0.32099999999999995,28.795
MLT,1981,0.679,-0.32099999999999995,28.76
MLT,1982,0.679,-0.32099999999999995,28.719
MLT,1983,0.679,-0.32099999999999995,28.622
MLT,1984,0.679,-0.32099999999999995,28.349
MLT,1985,0.679,-0.32099999999999995,28.815
MLT,1986,0.679,-0.32099999999999995,28.839
MLT,1987,0.678,-0.32199999999999995,28.817
MLT,1988,0.738,-0.262,28.851
MLT,1989,0.738,-0.262,28.783
MLT,1990,0.738,-0.262,28.855
MLT,1991,0.738,-0.262,28.901
MLT,1992,0.729,-0.271,28.738
MLT,1993,0.729,-0.271,28.757
MLT,1994,0.729,-0.271,28.89
MLT,1995,0.729,-0.271,28.97
MLT,1996,0.756,-0.244,28.92
MLT,1997,0.756,-0.244,28.672
MLT,1998,0.777,-0.22299999999999998,28.432
MLT,1999,0.777,-0.22299999999999998,28.727
MLT,2000,0.777,-0.22299999999999998,28.371
MLT,2001,0.777,-0.22299999999999998,28.404
MLT,2002,0.777,-0.22299999999999998,28.804
MLT,2003,0.777,-0.22299999999999998,28.724
MLT,2004,0.827,-0.17300000000000004,28.097
MLT,2005,0.827,-0.17300000000000004,28.068
MLT,2006,0.827,-0.17300000000000004,28.86
MLT,2007,0.827,-0.17300000000000004,29.106
MLT,2008,0.824,-0.17600000000000005,29.199
MLT,2009,0.824,-0.17600000000000005,29.207
MLT,2010,0.831,-0.16900000000000004,29.44
MLT,2011,0.831,-0.16900000000000004,29.646
MLT,2012,0.831,-0.16900000000000004,29.796
MLT,2013,0.852,-0.14800000000000002,29.971
MLT,2014,0.852,-0.14800000000000002,30.117
MLT,2015,0.842,-0.15800000000000003,30.252
MLT,2016,0.831,-0.16900000000000004,30.451
MLT,2017,0.831,-0.16900000000000004,30.523
MLT,2018,0.831,-0.16900000000000004,30.647
MLT,2019,0.836,-0.16400000000000003,30.667
MLT,2020,0.853,-0.14700000000000002,30.775
MLT,2021,0.856,-0.14400000000000002,30.842
MLT,2022,0.907,-0.09299999999999997,30.872
MLT,2023,0.916,-0.08399999999999996,30.876
MRT,1950,0.139,-0.861,30.239
MRT,1951,0.139,-0.861,30.247
MRT,1952,0.139,-0.861,30.254
MRT,1953,0.139,-0.861,30.259
MRT,1954,0.139,-0.861,30.264
MRT,1955,0.139,-0.861,30.239
MRT,1956,0.139,-0.861,30.218
MRT,1957,0.139,-0.861,30.196
MRT,1958,0.141,-0.859,30.172
MRT,1959,0.141,-0.859,30.148
MRT,1960,0.282,-0.718,30.108
MRT,1961,0.294,-0.706,30.068
MRT,1962,0.318,-0.6819999999999999,30.084
MRT,1963,0.318,-0.6819999999999999,30.101
MRT,1964,0.318,-0.6819999999999999,30.12
MRT,1965,0.318,-0.6819999999999999,30.119
MRT,1966,0.318,-0.6819999999999999,30.117
MRT,1967,0.318,-0.6819999999999999,30.115
MRT,1968,0.318,-0.6819999999999999,30.111
MRT,1969,0.318,-0.6819999999999999,30.108
MRT,1970,0.318,-0.6819999999999999,30.087
MRT,1971,0.318,-0.6819999999999999,30.068
MRT,1972,0.318,-0.6819999999999999,30.05
MRT,1973,0.318,-0.6819999999999999,30.007
MRT,1974,0.318,-0.6819999999999999,29.99
MRT,1975,0.334,-0.6659999999999999,29.934
MRT,1976,0.334,-0.6659999999999999,29.925
MRT,1977,0.333,-0.667,29.942
MRT,1978,0.324,-0.6759999999999999,29.946
MRT,1979,0.282,-0.718,30.033
MRT,1980,0.282,-0.718,29.948
MRT,1981,0.282,-0.718,29.86
MRT,1982,0.282,-0.718,29.922
MRT,1983,0.282,-0.718,29.985
MRT,1984,0.282,-0.718,30.0
MRT,1985,0.308,-0.692,30.064
MRT,1986,0.308,-0.692,30.139
MRT,1987,0.308,-0.692,30.123
MRT,1988,0.308,-0.692,30.191
MRT,1989,0.308,-0.692,30.217
MRT,1990,0.316,-0.6839999999999999,30.2
MRT,1991,0.347,-0.653,30.308
MRT,1992,0.385,-0.615,30.433
MRT,1993,0.435,-0.565,30.464
MRT,1994,0.435,-0.565,30.52
MRT,1995,0.435,-0.565,30.551
MRT,1996,0.459,-0.5409999999999999,30.551
MRT,1997,0.459,-0.5409999999999999,30.604
MRT,1998,0.459,-0.5409999999999999,30.662
MRT,1999,0.459,-0.5409999999999999,30.612
MRT,2000,0.459,-0.5409999999999999,30.581
MRT,2001,0.475,-0.525,30.529
MRT,2002,0.475,-0.525,30.525
MRT,2003,0.475,-0.525,30.531
MRT,2004,0.474,-0.526,30.402
MRT,2005,0.467,-0.5329999999999999,30.353
MRT,2006,0.512,-0.488,30.308
MRT,2007,0.513,-0.487,30.256
MRT,2008,0.608,-0.392,30.256
MRT,2009,0.608,-0.392,30.255
MRT,2010,0.608,-0.392,30.254
MRT,2011,0.608,-0.392,30.254
MRT,2012,0.608,-0.392,30.253
MRT,2013,0.638,-0.362,30.251
MRT,2014,0.638,-0.362,30.249
MRT,2015,0.638,-0.362,30.247
MRT,2016,0.638,-0.362,30.244
MRT,2017,0.629,-0.371,30.242
MRT,2018,0.616,-0.384,30.239
MRT,2019,0.631,-0.369,30.236
MRT,2020,0.655,-0.345,30.233
MRT,2021,0.64,-0.36,30.229
MRT,2022,0.662,-0.33799999999999997,30.225
MRT,2023,0.647,-0.353,30.221
MUS,1950,0.446,-0.554,28.487
MUS,1951,0.446,-0.554,28.484
MUS,1952,0.446,-0.554,28.48
MUS,1953,0.446,-0.554,28.475
MUS,1954,0.458,-0.542,28.47
MUS,1955,0.458,-0.542,28.465
MUS,1956,0.458,-0.542,28.459
MUS,1957,0.458,-0.542,28.454
MUS,1958,0.458,-0.542,28.448
MUS,1959,0.469,-0.531,28.441
MUS,1960,0.469,-0.531,28.433
MUS,1961,0.473,-0.527,28.471
MUS,1962,0.473,-0.527,28.528
MUS,1963,0.473,-0.527,28.673
MUS,1964,0.473,-0.527,28.719
MUS,1965,0.473,-0.527,28.722
MUS,1966,0.473,-0.527,28.768
MUS,1967,0.473,-0.527,28.666
MUS,1968,0.539,-0.46099999999999997,28.708
MUS,1969,0.554,-0.44599999999999995,28.654
MUS,1970,0.581,-0.41900000000000004,28.76
MUS,1971,0.583,-0.41700000000000004,28.661
MUS,1972,0.583,-0.41700000000000004,28.496
MUS,1973,0.583,-0.41700000000000004,28.285
MUS,1974,0.583,-0.41700000000000004,28.353
MUS,1975,0.583,-0.41700000000000004,28.164
MUS,1976,0.617,-0.383,27.938
MUS,1977,0.618,-0.382,27.862
MUS,1978,0.618,-0.382,27.786
MUS,1979,0.618,-0.382,27.704
MUS,1980,0.705,-0.29500000000000004,27.624
MUS,1981,0.696,-0.30400000000000005,27.542
MUS,1982,0.702,-0.29800000000000004,27.47
MUS,1983,0.709,-0.29100000000000004,27.412
MUS,1984,0.709,-0.29100000000000004,27.376
MUS,1985,0.71,-0.29000000000000004,27.329
MUS,1986,0.71,-0.29000000000000004,27.28
MUS,1987,0.719,-0.281,27.213
MUS,1988,0.718,-0.28200000000000003,27.135
MUS,1989,0.718,-0.28200000000000003,27.068
MUS,1990,0.718,-0.28200000000000003,27.013
MUS,1991,0.695,-0.30500000000000005,26.957
MUS,1992,0.693,-0.30700000000000005,26.981
MUS,1993,0.693,-0.30700000000000005,26.936
MUS,1994,0.693,-0.30700000000000005,27.007
MUS,1995,0.721,-0.279,27.029
MUS,1996,0.721,-0.279,27.092
MUS,1997,0.721,-0.279,27.101
MUS,1998,0.721,-0.279,27.154
MUS,1999,0.715,-0.28500000000000003,27.159
MUS,2000,0.717,-0.28300000000000003,27.143
MUS,2001,0.717,-0.28300000000000003,27.253
MUS,2002,0.717,-0.28300000000000003,27.29
MUS,2003,0.717,-0.28300000000000003,27.344
MUS,2004,0.721,-0.279,27.295
MUS,2005,0.778,-0.22199999999999998,27.36
MUS,2006,0.78,-0.21999999999999997,27.367
MUS,2007,0.78,-0.21999999999999997,27.347
MUS,2008,0.78,-0.21999999999999997,27.349
MUS,2009,0.78,-0.21999999999999997,27.435
MUS,2010,0.81,-0.18999999999999995,27.487
MUS,2011,0.81,-0.18999999999999995,27.596
MUS,2012,0.812,-0.18799999999999994,27.722
MUS,2013,0.838,-0.16200000000000003,27.896
MUS,2014,0.815,-0.18500000000000005,28.11
MUS,2015,0.822,-0.17800000000000005,28.3
MUS,2016,0.822,-0.17800000000000005,28.363
MUS,2017,0.816,-0.18400000000000005,28.495
MUS,2018,0.819,-0.18100000000000005,28.618
MUS,2019,0.848,-0.15200000000000002,28.717
MUS,2020,0.82,-0.18000000000000005,28.83
MUS,2021,0.801,-0.19899999999999995,29.043
MUS,2022,0.791,-0.20899999999999996,29.131
MUS,2023,0.776,-0.22399999999999998,29.132
MEX,1950,0.253,-0.747,29.025
MEX,1951,0.253,-0.747,29.022
MEX,1952,0.277,-0.723,29.019
MEX,1953,0.277,-0.723,29.017
MEX,1954,0.303,-0.6970000000000001,29.014
MEX,1955,0.314,-0.6859999999999999,29.011
MEX,1956,0.314,-0.6859999999999999,29.009
MEX,1957,0.319,-0.681,29.008
MEX,1958,0.332,-0.6679999999999999,29.027
MEX,1959,0.332,-0.6679999999999999,29.014
MEX,1960,0.337,-0.663,28.998
MEX,1961,0.334,-0.6659999999999999,29.008
MEX,1962,0.334,-0.6659999999999999,29.013
MEX,1963,0.334,-0.6659999999999999,29.018
MEX,1964,0.342,-0.6579999999999999,29.039
MEX,1965,0.366,-0.634,29.052
MEX,1966,0.366,-0.634,29.065
MEX,1967,0.363,-0.637,29.093
MEX,1968,0.394,-0.606,29.077
MEX,1969,0.399,-0.601,29.058
MEX,1970,0.406,-0.594,29.031
MEX,1971,0.406,-0.594,29.002
MEX,1972,0.406,-0.594,28.965
MEX,1973,0.411,-0.589,28.921
MEX,1974,0.411,-0.589,28.863
MEX,1975,0.421,-0.579,28.785
MEX,1976,0.434,-0.5660000000000001,28.702
MEX,1977,0.441,-0.5589999999999999,28.643
MEX,1978,0.441,-0.5589999999999999,28.576
MEX,1979,0.46,-0.54,28.456
MEX,1980,0.46,-0.54,28.364
MEX,1981,0.461,-0.5389999999999999,28.269
MEX,1982,0.484,-0.516,28.2
MEX,1983,0.488,-0.512,28.158
MEX,1984,0.488,-0.512,28.094
MEX,1985,0.522,-0.478,28.074
MEX,1986,0.522,-0.478,27.983
MEX,1987,0.522,-0.478,27.894
MEX,1988,0.528,-0.472,27.808
MEX,1989,0.528,-0.472,27.728
MEX,1990,0.528,-0.472,27.687
MEX,1991,0.499,-0.501,27.631
MEX,1992,0.499,-0.501,27.58
MEX,1993,0.509,-0.491,27.545
MEX,1994,0.635,-0.365,27.499
MEX,1995,0.631,-0.369,27.466
MEX,1996,0.631,-0.369,27.423
MEX,1997,0.631,-0.369,27.383
MEX,1998,0.631,-0.369,27.354
MEX,1999,0.631,-0.369,27.328
MEX,2000,0.647,-0.353,27.285
MEX,2001,0.647,-0.353,27.21
MEX,2002,0.647,-0.353,27.138
MEX,2003,0.678,-0.32199999999999995,27.066
MEX,2004,0.678,-0.32199999999999995,26.996
MEX,2005,0.678,-0.32199999999999995,26.954
MEX,2006,0.678,-0.32199999999999995,26.925
MEX,2007,0.685,-0.31499999999999995,26.855
MEX,2008,0.683,-0.31699999999999995,26.769
MEX,2009,0.701,-0.29900000000000004,26.702
MEX,2010,0.714,-0.28600000000000003,26.651
MEX,2011,0.721,-0.279,26.599
MEX,2012,0.737,-0.263,26.516
MEX,2013,0.739,-0.261,26.492
MEX,2014,0.739,-0.261,26.54
MEX,2015,0.748,-0.252,26.608
MEX,2016,0.748,-0.252,26.681
MEX,2017,0.768,-0.23199999999999998,26.72
MEX,2018,0.798,-0.20199999999999996,26.792
MEX,2019,0.803,-0.19699999999999995,26.791
MEX,2020,0.796,-0.20399999999999996,26.79
MEX,2021,0.778,-0.22199999999999998,26.791
MEX,2022,0.776,-0.22399999999999998,26.79
MEX,2023,0.783,-0.21699999999999997,26.796
MDA,1950,0.347,-0.653,29.232
MDA,1951,0.347,-0.653,29.237
MDA,1952,0.347,-0.653,29.226
MDA,1953,0.358,-0.642,29.215
MDA,1954,0.426,-0.5740000000000001,29.204
MDA,1955,0.43,-0.5700000000000001,29.193
MDA,1956,0.445,-0.5549999999999999,29.168
MDA,1957,0.446,-0.554,29.142
MDA,1958,0.454,-0.546,29.13
MDA,1959,0.454,-0.546,29.104
MDA,1960,0.462,-0.538,29.077
MDA,1961,0.462,-0.538,29.031
MDA,1962,0.468,-0.532,29.114
MDA,1963,0.468,-0.532,29.126
MDA,1964,0.468,-0.532,29.098
MDA,1965,0.48,-0.52,28.989
MDA,1966,0.485,-0.515,28.816
MDA,1967,0.491,-0.509,28.621
MDA,1968,0.487,-0.513,28.453
MDA,1969,0.478,-0.522,28.257
MDA,1970,0.482,-0.518,28.076
MDA,1971,0.481,-0.519,27.9
MDA,1972,0.477,-0.523,27.727
MDA,1973,0.481,-0.519,27.558
MDA,1974,0.488,-0.512,27.394
MDA,1975,0.484,-0.516,27.165
MDA,1976,0.485,-0.515,26.948
MDA,1977,0.478,-0.522,26.745
MDA,1978,0.478,-0.522,26.584
MDA,1979,0.482,-0.518,26.415
MDA,1980,0.482,-0.518,26.426
MDA,1981,0.482,-0.518,26.491
MDA,1982,0.482,-0.518,26.527
MDA,1983,0.482,-0.518,26.391
MDA,1984,0.48,-0.52,26.378
MDA,1985,0.496,-0.504,26.425
MDA,1986,0.531,-0.469,26.534
MDA,1987,0.525,-0.475,26.558
MDA,1988,0.534,-0.46599999999999997,26.369
MDA,1989,0.497,-0.503,25.754
MDA,1990,0.666,-0.33399999999999996,25.435
MDA,1991,0.721,-0.279,25.116
MDA,1992,0.729,-0.271,24.994
MDA,1993,0.729,-0.271,24.884
MDA,1994,0.755,-0.245,24.795
MDA,1995,0.755,-0.245,24.754
MDA,1996,0.755,-0.245,24.848
MDA,1997,0.755,-0.245,24.943
MDA,1998,0.78,-0.21999999999999997,25.083
MDA,1999,0.791,-0.20899999999999996,25.152
MDA,2000,0.797,-0.20299999999999996,25.176
MDA,2001,0.796,-0.20399999999999996,25.347
MDA,2002,0.796,-0.20399999999999996,25.634
MDA,2003,0.796,-0.20399999999999996,25.853
MDA,2004,0.81,-0.18999999999999995,26.012
MDA,2005,0.813,-0.18700000000000006,26.198
MDA,2006,0.84,-0.16000000000000003,26.393
MDA,2007,0.837,-0.16300000000000003,26.607
MDA,2008,0.826,-0.17400000000000004,26.824
MDA,2009,0.856,-0.14400000000000002,27.007
MDA,2010,0.86,-0.14,27.099
MDA,2011,0.857,-0.14300000000000002,27.21
MDA,2012,0.855,-0.14500000000000002,27.359
MDA,2013,0.849,-0.15100000000000002,27.415
MDA,2014,0.854,-0.14600000000000002,27.3
MDA,2015,0.853,-0.14700000000000002,27.323
MDA,2016,0.86,-0.14,27.424
MDA,2017,0.847,-0.15300000000000002,27.583
MDA,2018,0.851,-0.14900000000000002,27.658
MDA,2019,0.861,-0.139,27.796
MDA,2020,0.873,-0.127,27.888
MDA,2021,0.892,-0.10799999999999998,27.895
MDA,2022,0.899,-0.10099999999999998,27.991
MDA,2023,0.899,-0.10099999999999998,27.991
MNG,1950,0.291,-0.7090000000000001,30.54
MNG,1951,0.408,-0.5920000000000001,30.541
MNG,1952,0.408,-0.5920000000000001,30.543
MNG,1953,0.408,-0.5920000000000001,30.545
MNG,1954,0.418,-0.5820000000000001,30.546
MNG,1955,0.418,-0.5820000000000001,30.548
MNG,1956,0.418,-0.5820000000000001,30.551
MNG,1957,0.352,-0.648,30.553
MNG,1958,0.352,-0.648,30.556
MNG,1959,0.352,-0.648,30.558
MNG,1960,0.444,-0.556,30.561
MNG,1961,0.469,-0.531,30.564
MNG,1962,0.469,-0.531,30.568
MNG,1963,0.465,-0.5349999999999999,30.571
MNG,1964,0.465,-0.5349999999999999,30.575
MNG,1965,0.465,-0.5349999999999999,30.579
MNG,1966,0.471,-0.529,30.583
MNG,1967,0.471,-0.529,30.59
MNG,1968,0.471,-0.529,30.596
MNG,1969,0.472,-0.528,30.603
MNG,1970,0.472,-0.528,30.608
MNG,1971,0.474,-0.526,30.616
MNG,1972,0.474,-0.526,30.622
MNG,1973,0.478,-0.522,30.63
MNG,1974,0.478,-0.522,30.633
MNG,1975,0.478,-0.522,30.636
MNG,1976,0.478,-0.522,30.633
MNG,1977,0.479,-0.521,30.632
MNG,1978,0.479,-0.521,30.619
MNG,1979,0.479,-0.521,30.598
MNG,1980,0.485,-0.515,30.569
MNG,1981,0.489,-0.511,30.325
MNG,1982,0.489,-0.511,30.201
MNG,1983,0.489,-0.511,30.064
MNG,1984,0.489,-0.511,29.929
MNG,1985,0.489,-0.511,29.779
MNG,1986,0.491,-0.509,29.655
MNG,1987,0.491,-0.509,29.443
MNG,1988,0.491,-0.509,29.304
MNG,1989,0.491,-0.509,29.097
MNG,1990,0.459,-0.5409999999999999,28.852
MNG,1991,0.505,-0.495,28.473
MNG,1992,0.718,-0.28200000000000003,28.198
MNG,1993,0.752,-0.248,27.874
MNG,1994,0.799,-0.20099999999999996,27.775
MNG,1995,0.799,-0.20099999999999996,27.803
MNG,1996,0.82,-0.18000000000000005,27.751
MNG,1997,0.82,-0.18000000000000005,27.786
MNG,1998,0.82,-0.18000000000000005,27.766
MNG,1999,0.82,-0.18000000000000005,27.611
MNG,2000,0.835,-0.16500000000000004,27.679
MNG,2001,0.835,-0.16500000000000004,27.763
MNG,2002,0.835,-0.16500000000000004,27.85
MNG,2003,0.83,-0.17000000000000004,28.021
MNG,2004,0.809,-0.19099999999999995,28.059
MNG,2005,0.809,-0.19099999999999995,28.13
MNG,2006,0.811,-0.18899999999999995,28.011
MNG,2007,0.811,-0.18899999999999995,28.365
MNG,2008,0.807,-0.19299999999999995,28.582
MNG,2009,0.805,-0.19499999999999995,28.654
MNG,2010,0.807,-0.19299999999999995,28.711
MNG,2011,0.805,-0.19499999999999995,28.594
MNG,2012,0.86,-0.14,28.408
MNG,2013,0.855,-0.14500000000000002,28.758
MNG,2014,0.843,-0.15700000000000003,29.097
MNG,2015,0.862,-0.138,28.98
MNG,2016,0.866,-0.134,28.825
MNG,2017,0.873,-0.127,28.871
MNG,2018,0.865,-0.135,28.996
MNG,2019,0.857,-0.14300000000000002,29.171
MNG,2020,0.843,-0.15700000000000003,29.315
MNG,2021,0.833,-0.16700000000000004,29.493
MNG,2022,0.824,-0.17600000000000005,29.39
MNG,2023,0.784,-0.21599999999999997,29.331
MNE,1998,0.654,-0.346,27.894
MNE,2006,0.73,-0.27,28.326
MNE,2007,0.762,-0.238,28.306
MNE,2008,0.762,-0.238,28.288
MNE,2009,0.762,-0.238,28.328
MNE,2010,0.762,-0.238,28.528
MNE,2011,0.775,-0.22499999999999998,28.698
MNE,2012,0.804,-0.19599999999999995,28.919
MNE,2013,0.808,-0.19199999999999995,29.099
MNE,2014,0.819,-0.18100000000000005,29.272
MNE,2015,0.827,-0.17300000000000004,29.39
MNE,2016,0.847,-0.15300000000000002,29.54
MNE,2017,0.866,-0.134,29.716
MNE,2018,0.868,-0.132,29.764
MNE,2019,0.868,-0.132,29.865
MNE,2020,0.843,-0.15700000000000003,29.932
MNE,2021,0.844,-0.15600000000000003,30.036
MNE,2022,0.875,-0.125,30.196
MNE,2023,0.84,-0.16000000000000003,30.199
MAR,1950,0.129,-0.871,28.47
MAR,1951,0.129,-0.871,28.494
MAR,1952,0.129,-0.871,28.51
MAR,1953,0.141,-0.859,28.527
MAR,1954,0.141,-0.859,28.544
MAR,1955,0.134,-0.866,28.572
MAR,1956,0.168,-0.832,28.607
MAR,1957,0.194,-0.806,28.641
MAR,1958,0.211,-0.789,28.747
MAR,1959,0.211,-0.789,28.804
MAR,1960,0.211,-0.789,28.822
MAR,1961,0.227,-0.773,28.906
MAR,1962,0.239,-0.761,28.953
MAR,1963,0.239,-0.761,29.084
MAR,1964,0.237,-0.763,29.251
MAR,1965,0.237,-0.763,29.334
MAR,1966,0.236,-0.764,29.41
MAR,1967,0.236,-0.764,29.483
MAR,1968,0.236,-0.764,29.611
MAR,1969,0.236,-0.764,29.728
MAR,1970,0.255,-0.745,29.774
MAR,1971,0.255,-0.745,29.83
MAR,1972,0.255,-0.745,29.863
MAR,1973,0.255,-0.745,29.979
MAR,1974,0.255,-0.745,30.096
MAR,1975,0.255,-0.745,30.105
MAR,1976,0.288,-0.712,30.193
MAR,1977,0.259,-0.741,30.279
MAR,1978,0.259,-0.741,30.347
MAR,1979,0.259,-0.741,30.482
MAR,1980,0.298,-0.702,30.548
MAR,1981,0.308,-0.692,30.594
MAR,1982,0.308,-0.692,30.734
MAR,1983,0.308,-0.692,30.819
MAR,1984,0.308,-0.692,30.888
MAR,1985,0.324,-0.6759999999999999,30.944
MAR,1986,0.324,-0.6759999999999999,30.903
MAR,1987,0.325,-0.675,30.937
MAR,1988,0.325,-0.675,30.972
MAR,1989,0.325,-0.675,31.005
MAR,1990,0.347,-0.653,30.969
MAR,1991,0.369,-0.631,30.853
MAR,1992,0.376,-0.624,30.809
MAR,1993,0.376,-0.624,30.733
MAR,1994,0.376,-0.624,30.657
MAR,1995,0.376,-0.624,30.551
MAR,1996,0.376,-0.624,30.438
MAR,1997,0.385,-0.615,30.327
MAR,1998,0.414,-0.5860000000000001,30.217
MAR,1999,0.437,-0.563,30.119
MAR,2000,0.525,-0.475,30.049
MAR,2001,0.556,-0.44399999999999995,29.981
MAR,2002,0.647,-0.353,29.944
MAR,2003,0.647,-0.353,29.931
MAR,2004,0.647,-0.353,29.927
MAR,2005,0.649,-0.351,29.913
MAR,2006,0.654,-0.346,29.903
MAR,2007,0.647,-0.353,29.897
MAR,2008,0.65,-0.35,29.896
MAR,2009,0.651,-0.349,29.894
MAR,2010,0.657,-0.34299999999999997,29.894
MAR,2011,0.707,-0.29300000000000004,29.896
MAR,2012,0.708,-0.29200000000000004,29.899
MAR,2013,0.661,-0.33899999999999997,29.905
MAR,2014,0.666,-0.33399999999999996,29.908
MAR,2015,0.685,-0.31499999999999995,29.908
MAR,2016,0.706,-0.29400000000000004,29.909
MAR,2017,0.699,-0.30100000000000005,29.911
MAR,2018,0.703,-0.29700000000000004,29.91
MAR,2019,0.701,-0.29900000000000004,29.909
MAR,2020,0.735,-0.265,29.913
MAR,2021,0.723,-0.277,29.912
MAR,2022,0.723,-0.277,29.921
MAR,2023,0.731,-0.269,29.935
MOZ,1950,0.115,-0.885,29.531
MOZ,1951,0.115,-0.885,29.527
MOZ,1952,0.115,-0.885,29.52
MOZ,1953,0.115,-0.885,29.513
MOZ,1954,0.115,-0.885,29.505
MOZ,1955,0.115,-0.885,29.497
MOZ,1956,0.115,-0.885,29.489
MOZ,1957,0.115,-0.885,29.48
MOZ,1958,0.115,-0.885,29.471
MOZ,1959,0.115,-0.885,29.463
MOZ,1960,0.115,-0.885,29.454
MOZ,1961,0.115,-0.885,29.446
MOZ,1962,0.115,-0.885,29.438
MOZ,1963,0.115,-0.885,29.433
MOZ,1964,0.115,-0.885,29.428
MOZ,1965,0.115,-0.885,29.42
MOZ,1966,0.115,-0.885,29.413
MOZ,1967,0.115,-0.885,29.404
MOZ,1968,0.115,-0.885,29.394
MOZ,1969,0.115,-0.885,29.346
MOZ,1970,0.115,-0.885,29.274
MOZ,1971,0.115,-0.885,29.186
MOZ,1972,0.115,-0.885,29.137
MOZ,1973,0.115,-0.885,29.092
MOZ,1974,0.115,-0.885,29.048
MOZ,1975,0.231,-0.769,29.004
MOZ,1976,0.299,-0.7010000000000001,28.949
MOZ,1977,0.379,-0.621,28.91
MOZ,1978,0.379,-0.621,28.911
MOZ,1979,0.379,-0.621,28.925
MOZ,1980,0.379,-0.621,28.935
MOZ,1981,0.379,-0.621,28.912
MOZ,1982,0.402,-0.598,28.937
MOZ,1983,0.402,-0.598,28.967
MOZ,1984,0.402,-0.598,29.0
MOZ,1985,0.402,-0.598,29.053
MOZ,1986,0.399,-0.601,29.116
MOZ,1987,0.413,-0.587,29.12
MOZ,1988,0.413,-0.587,29.149
MOZ,1989,0.413,-0.587,29.186
MOZ,1990,0.639,-0.361,29.17
MOZ,1991,0.651,-0.349,29.194
MOZ,1992,0.652,-0.348,29.238
MOZ,1993,0.67,-0.32999999999999996,29.148
MOZ,1994,0.688,-0.31200000000000006,29.129
MOZ,1995,0.75,-0.25,29.078
MOZ,1996,0.75,-0.25,28.954
MOZ,1997,0.75,-0.25,28.979
MOZ,1998,0.75,-0.25,28.961
MOZ,1999,0.766,-0.23399999999999999,28.896
MOZ,2000,0.763,-0.237,28.859
MOZ,2001,0.763,-0.237,28.816
MOZ,2002,0.763,-0.237,28.792
MOZ,2003,0.766,-0.23399999999999999,28.817
MOZ,2004,0.772,-0.22799999999999998,28.842
MOZ,2005,0.76,-0.24,28.825
MOZ,2006,0.76,-0.24,28.803
MOZ,2007,0.763,-0.237,28.829
MOZ,2008,0.761,-0.239,28.855
MOZ,2009,0.763,-0.237,28.868
MOZ,2010,0.778,-0.22199999999999998,28.843
MOZ,2011,0.78,-0.21999999999999997,28.785
MOZ,2012,0.78,-0.21999999999999997,28.717
MOZ,2013,0.74,-0.26,28.641
MOZ,2014,0.74,-0.26,28.581
MOZ,2015,0.731,-0.269,28.595
MOZ,2016,0.775,-0.22499999999999998,28.595
MOZ,2017,0.75,-0.25,28.566
MOZ,2018,0.746,-0.254,28.54
MOZ,2019,0.747,-0.253,28.512
MOZ,2020,0.75,-0.25,28.481
MOZ,2021,0.738,-0.262,28.451
MOZ,2022,0.745,-0.255,28.412
MOZ,2023,0.739,-0.261,28.363
MMR,1950,0.359,-0.641,30.359
MMR,1951,0.359,-0.641,30.364
MMR,1952,0.359,-0.641,30.37
MMR,1953,0.367,-0.633,30.377
MMR,1954,0.367,-0.633,30.383
MMR,1955,0.367,-0.633,30.391
MMR,1956,0.367,-0.633,30.399
MMR,1957,0.367,-0.633,30.408
MMR,1958,0.364,-0.636,30.417
MMR,1959,0.364,-0.636,30.427
MMR,1960,0.364,-0.636,30.437
MMR,1961,0.364,-0.636,30.449
MMR,1962,0.201,-0.7989999999999999,30.461
MMR,1963,0.145,-0.855,30.473
MMR,1964,0.141,-0.859,30.487
MMR,1965,0.141,-0.859,30.501
MMR,1966,0.141,-0.859,30.512
MMR,1967,0.141,-0.859,30.535
MMR,1968,0.141,-0.859,30.547
MMR,1969,0.141,-0.859,30.559
MMR,1970,0.141,-0.859,30.56
MMR,1971,0.141,-0.859,30.571
MMR,1972,0.141,-0.859,30.569
MMR,1973,0.141,-0.859,30.566
MMR,1974,0.142,-0.858,30.575
MMR,1975,0.146,-0.854,30.564
MMR,1976,0.146,-0.854,30.551
MMR,1977,0.146,-0.854,30.536
MMR,1978,0.148,-0.852,30.52
MMR,1979,0.148,-0.852,30.517
MMR,1980,0.148,-0.852,30.495
MMR,1981,0.148,-0.852,30.472
MMR,1982,0.148,-0.852,30.464
MMR,1983,0.148,-0.852,30.445
MMR,1984,0.148,-0.852,30.41
MMR,1985,0.148,-0.852,30.324
MMR,1986,0.148,-0.852,30.209
MMR,1987,0.146,-0.854,30.097
MMR,1988,0.245,-0.755,29.965
MMR,1989,0.269,-0.731,29.91
MMR,1990,0.269,-0.731,29.824
MMR,1991,0.269,-0.731,29.748
MMR,1992,0.269,-0.731,29.694
MMR,1993,0.269,-0.731,29.617
MMR,1994,0.269,-0.731,29.619
MMR,1995,0.269,-0.731,29.596
MMR,1996,0.269,-0.731,29.559
MMR,1997,0.269,-0.731,29.514
MMR,1998,0.269,-0.731,29.5
MMR,1999,0.269,-0.731,29.488
MMR,2000,0.269,-0.731,29.515
MMR,2001,0.269,-0.731,29.552
MMR,2002,0.269,-0.731,29.52
MMR,2003,0.269,-0.731,29.477
MMR,2004,0.269,-0.731,29.436
MMR,2005,0.269,-0.731,29.355
MMR,2006,0.269,-0.731,29.348
MMR,2007,0.269,-0.731,29.347
MMR,2008,0.27,-0.73,29.304
MMR,2009,0.27,-0.73,29.226
MMR,2010,0.381,-0.619,29.149
MMR,2011,0.426,-0.5740000000000001,29.112
MMR,2012,0.486,-0.514,29.04
MMR,2013,0.468,-0.532,29.006
MMR,2014,0.499,-0.501,28.948
MMR,2015,0.557,-0.44299999999999995,28.939
MMR,2016,0.571,-0.42900000000000005,28.932
MMR,2017,0.534,-0.46599999999999997,28.925
MMR,2018,0.589,-0.41100000000000003,28.883
MMR,2019,0.593,-0.40700000000000003,28.877
MMR,2020,0.63,-0.37,28.842
MMR,2021,0.334,-0.6659999999999999,28.838
MMR,2022,0.336,-0.6639999999999999,28.811
MMR,2023,0.333,-0.667,28.808
NAM,1950,0.086,-0.914,30.6
NAM,1951,0.086,-0.914,30.605
NAM,1952,0.086,-0.914,30.611
NAM,1953,0.086,-0.914,30.617
NAM,1954,0.086,-0.914,30.624
NAM,1955,0.086,-0.914,30.631
NAM,1956,0.086,-0.914,30.639
NAM,1957,0.086,-0.914,30.647
NAM,1958,0.086,-0.914,30.656
NAM,1959,0.086,-0.914,30.662
NAM,1960,0.086,-0.914,30.669
NAM,1961,0.086,-0.914,30.68
NAM,1962,0.086,-0.914,30.698
NAM,1963,0.086,-0.914,30.716
NAM,1964,0.086,-0.914,30.734
NAM,1965,0.086,-0.914,30.729
NAM,1966,0.086,-0.914,30.715
NAM,1967,0.086,-0.914,30.697
NAM,1968,0.086,-0.914,30.685
NAM,1969,0.086,-0.914,30.677
NAM,1970,0.1,-0.9,30.674
NAM,1971,0.1,-0.9,30.647
NAM,1972,0.1,-0.9,30.621
NAM,1973,0.1,-0.9,30.607
NAM,1974,0.1,-0.9,30.621
NAM,1975,0.1,-0.9,30.635
NAM,1976,0.1,-0.9,30.667
NAM,1977,0.1,-0.9,30.744
NAM,1978,0.102,-0.898,30.81
NAM,1979,0.102,-0.898,30.79
NAM,1980,0.147,-0.853,30.776
NAM,1981,0.147,-0.853,30.746
NAM,1982,0.147,-0.853,30.741
NAM,1983,0.147,-0.853,30.757
NAM,1984,0.147,-0.853,30.797
NAM,1985,0.157,-0.843,30.777
NAM,1986,0.157,-0.843,30.751
NAM,1987,0.164,-0.836,30.63
NAM,1988,0.164,-0.836,30.485
NAM,1989,0.187,-0.813,30.312
NAM,1990,0.622,-0.378,30.296
NAM,1991,0.646,-0.354,30.286
NAM,1992,0.646,-0.354,30.226
NAM,1993,0.646,-0.354,30.161
NAM,1994,0.711,-0.28900000000000003,30.077
NAM,1995,0.71,-0.29000000000000004,29.971
NAM,1996,0.71,-0.29000000000000004,29.87
NAM,1997,0.71,-0.29000000000000004,29.814
NAM,1998,0.71,-0.29000000000000004,29.772
NAM,1999,0.739,-0.261,29.737
NAM,2000,0.778,-0.22199999999999998,29.603
NAM,2001,0.778,-0.22199999999999998,29.487
NAM,2002,0.778,-0.22199999999999998,29.386
NAM,2003,0.778,-0.22199999999999998,29.228
NAM,2004,0.784,-0.21599999999999997,29.17
NAM,2005,0.784,-0.21599999999999997,29.126
NAM,2006,0.782,-0.21799999999999997,29.126
NAM,2007,0.782,-0.21799999999999997,29.115
NAM,2008,0.782,-0.21799999999999997,29.105
NAM,2009,0.774,-0.22599999999999998,29.095
NAM,2010,0.81,-0.18999999999999995,29.088
NAM,2011,0.805,-0.19499999999999995,29.072
NAM,2012,0.805,-0.19499999999999995,29.037
NAM,2013,0.813,-0.18700000000000006,29.056
NAM,2014,0.832,-0.16800000000000004,29.061
NAM,2015,0.832,-0.16800000000000004,29.081
NAM,2016,0.825,-0.17500000000000004,29.085
NAM,2017,0.827,-0.17300000000000004,29.068
NAM,2018,0.826,-0.17400000000000004,29.049
NAM,2019,0.838,-0.16200000000000003,29.03
NAM,2020,0.843,-0.15700000000000003,29.008
NAM,2021,0.841,-0.15900000000000003,28.987
NAM,2022,0.845,-0.15500000000000003,28.965
NAM,2023,0.845,-0.15500000000000003,28.943
NPL,1950,0.103,-0.897,29.36
NPL,1951,0.139,-0.861,29.344
NPL,1952,0.178,-0.8220000000000001,29.328
NPL,1953,0.178,-0.8220000000000001,29.311
NPL,1954,0.178,-0.8220000000000001,29.293
NPL,1955,0.178,-0.8220000000000001,29.274
NPL,1956,0.178,-0.8220000000000001,29.255
NPL,1957,0.178,-0.8220000000000001,29.236
NPL,1958,0.177,-0.823,29.215
NPL,1959,0.186,-0.8140000000000001,29.194
NPL,1960,0.196,-0.804,29.173
NPL,1961,0.186,-0.8140000000000001,29.201
NPL,1962,0.185,-0.815,29.18
NPL,1963,0.217,-0.783,29.155
NPL,1964,0.223,-0.777,29.146
NPL,1965,0.228,-0.772,29.132
NPL,1966,0.228,-0.772,29.113
NPL,1967,0.223,-0.777,29.081
NPL,1968,0.223,-0.777,29.053
NPL,1969,0.223,-0.777,29.048
NPL,1970,0.228,-0.772,29.026
NPL,1971,0.233,-0.767,29.017
NPL,1972,0.232,-0.768,29.003
NPL,1973,0.238,-0.762,28.949
NPL,1974,0.238,-0.762,28.98
NPL,1975,0.225,-0.775,29.005
NPL,1976,0.224,-0.776,28.907
NPL,1977,0.228,-0.772,28.884
NPL,1978,0.228,-0.772,28.79
NPL,1979,0.231,-0.769,28.778
NPL,1980,0.246,-0.754,28.81
NPL,1981,0.247,-0.753,28.742
NPL,1982,0.255,-0.745,28.684
NPL,1983,0.255,-0.745,28.618
NPL,1984,0.255,-0.745,28.606
NPL,1985,0.255,-0.745,28.502
NPL,1986,0.257,-0.743,28.384
NPL,1987,0.262,-0.738,28.199
NPL,1988,0.262,-0.738,28.05
NPL,1989,0.262,-0.738,27.938
NPL,1990,0.406,-0.594,27.784
NPL,1991,0.483,-0.517,27.686
NPL,1992,0.491,-0.509,27.471
NPL,1993,0.504,-0.496,27.348
NPL,1994,0.504,-0.496,27.215
NPL,1995,0.495,-0.505,27.022
NPL,1996,0.473,-0.527,27.058
NPL,1997,0.484,-0.516,27.039
NPL,1998,0.489,-0.511,26.9
NPL,1999,0.504,-0.496,26.847
NPL,2000,0.535,-0.46499999999999997,26.728
NPL,2001,0.544,-0.45599999999999996,26.613
NPL,2002,0.526,-0.474,26.474
NPL,2003,0.526,-0.474,26.356
NPL,2004,0.526,-0.474,26.25
NPL,2005,0.535,-0.46499999999999997,26.218
NPL,2006,0.565,-0.43500000000000005,26.215
NPL,2007,0.731,-0.269,26.201
NPL,2008,0.754,-0.246,26.108
NPL,2009,0.774,-0.22599999999999998,25.998
NPL,2010,0.773,-0.22699999999999998,25.934
NPL,2011,0.772,-0.22799999999999998,25.766
NPL,2012,0.673,-0.32699999999999996,25.626
NPL,2013,0.659,-0.34099999999999997,25.484
NPL,2014,0.678,-0.32199999999999995,25.351
NPL,2015,0.776,-0.22399999999999998,25.357
NPL,2016,0.778,-0.22199999999999998,25.361
NPL,2017,0.781,-0.21899999999999997,25.368
NPL,2018,0.763,-0.237,25.381
NPL,2019,0.755,-0.245,25.34
NPL,2020,0.76,-0.24,25.323
NPL,2021,0.764,-0.236,25.338
NPL,2022,0.766,-0.23399999999999999,25.326
NPL,2023,0.767,-0.23299999999999998,25.346
NLD,1950,0.544,-0.45599999999999996,30.962
NLD,1951,0.544,-0.45599999999999996,30.82
NLD,1952,0.563,-0.43700000000000006,30.717
NLD,1953,0.563,-0.43700000000000006,30.66
NLD,1954,0.563,-0.43700000000000006,30.563
NLD,1955,0.563,-0.43700000000000006,30.456
NLD,1956,0.578,-0.42200000000000004,30.333
NLD,1957,0.601,-0.399,30.175
NLD,1958,0.601,-0.399,30.034
NLD,1959,0.605,-0.395,29.924
NLD,1960,0.625,-0.375,29.82
NLD,1961,0.654,-0.346,29.697
NLD,1962,0.654,-0.346,29.526
NLD,1963,0.658,-0.34199999999999997,29.386
NLD,1964,0.658,-0.34199999999999997,29.227
NLD,1965,0.658,-0.34199999999999997,29.015
NLD,1966,0.669,-0.33099999999999996,28.786
NLD,1967,0.672,-0.32799999999999996,28.596
NLD,1968,0.711,-0.28900000000000003,28.419
NLD,1969,0.741,-0.259,28.3
NLD,1970,0.774,-0.22599999999999998,28.189
NLD,1971,0.774,-0.22599999999999998,27.959
NLD,1972,0.8,-0.19999999999999996,27.713
NLD,1973,0.804,-0.19599999999999995,27.547
NLD,1974,0.804,-0.19599999999999995,27.432
NLD,1975,0.804,-0.19599999999999995,27.417
NLD,1976,0.804,-0.19599999999999995,27.437
NLD,1977,0.819,-0.18100000000000005,27.525
NLD,1978,0.824,-0.17600000000000005,27.568
NLD,1979,0.824,-0.17600000000000005,27.649
NLD,1980,0.842,-0.15800000000000003,27.728
NLD,1981,0.846,-0.15400000000000003,27.839
NLD,1982,0.851,-0.14900000000000002,27.981
NLD,1983,0.851,-0.14900000000000002,28.098
NLD,1984,0.851,-0.14900000000000002,28.216
NLD,1985,0.851,-0.14900000000000002,28.417
NLD,1986,0.858,-0.14200000000000002,28.609
NLD,1987,0.905,-0.09499999999999997,28.82
NLD,1988,0.905,-0.09499999999999997,28.97
NLD,1989,0.908,-0.09199999999999997,29.143
NLD,1990,0.908,-0.09199999999999997,29.285
NLD,1991,0.908,-0.09199999999999997,29.445
NLD,1992,0.908,-0.09199999999999997,29.631
NLD,1993,0.915,-0.08499999999999996,29.796
NLD,1994,0.922,-0.07799999999999996,29.884
NLD,1995,0.923,-0.07699999999999996,30.019
NLD,1996,0.923,-0.07699999999999996,30.134
NLD,1997,0.923,-0.07699999999999996,30.17
NLD,1998,0.924,-0.07599999999999996,30.238
NLD,1999,0.924,-0.07599999999999996,30.258
NLD,2000,0.924,-0.07599999999999996,30.285
NLD,2001,0.924,-0.07599999999999996,30.32
NLD,2002,0.923,-0.07699999999999996,30.359
NLD,2003,0.924,-0.07599999999999996,30.413
NLD,2004,0.924,-0.07599999999999996,30.491
NLD,2005,0.924,-0.07599999999999996,30.546
NLD,2006,0.924,-0.07599999999999996,30.597
NLD,2007,0.924,-0.07599999999999996,30.633
NLD,2008,0.924,-0.07599999999999996,30.678
NLD,2009,0.921,-0.07899999999999996,30.719
NLD,2010,0.925,-0.07499999999999996,30.761
NLD,2011,0.925,-0.07499999999999996,30.827
NLD,2012,0.924,-0.07599999999999996,30.867
NLD,2013,0.902,-0.09799999999999998,30.947
NLD,2014,0.902,-0.09799999999999998,31.048
NLD,2015,0.903,-0.09699999999999998,31.159
NLD,2016,0.903,-0.09699999999999998,31.267
NLD,2017,0.907,-0.09299999999999997,31.376
NLD,2018,0.877,-0.123,31.467
NLD,2019,0.879,-0.121,31.576
NLD,2020,0.888,-0.11199999999999999,31.659
NLD,2021,0.881,-0.119,31.753
NLD,2022,0.868,-0.132,31.766
NLD,2023,0.894,-0.10599999999999998,31.779
NZL,1950,0.685,-0.31499999999999995,28.373
NZL,1951,0.683,-0.31699999999999995,28.259
NZL,1952,0.689,-0.31100000000000005,28.183
NZL,1953,0.689,-0.31100000000000005,28.107
NZL,1954,0.697,-0.30300000000000005,28.051
NZL,1955,0.697,-0.30300000000000005,27.964
NZL,1956,0.701,-0.29900000000000004,27.843
NZL,1957,0.699,-0.30100000000000005,27.791
NZL,1958,0.699,-0.30100000000000005,27.731
NZL,1959,0.699,-0.30100000000000005,27.669
NZL,1960,0.71,-0.29000000000000004,27.639
NZL,1961,0.712,-0.28800000000000003,27.592
NZL,1962,0.712,-0.28800000000000003,27.486
NZL,1963,0.723,-0.277,27.423
NZL,1964,0.722,-0.278,27.366
NZL,1965,0.722,-0.278,27.192
NZL,1966,0.727,-0.273,27.001
NZL,1967,0.729,-0.271,26.842
NZL,1968,0.723,-0.277,26.752
NZL,1969,0.718,-0.28200000000000003,26.733
NZL,1970,0.755,-0.245,26.634
NZL,1971,0.756,-0.244,26.503
NZL,1972,0.784,-0.21599999999999997,26.37
NZL,1973,0.783,-0.21699999999999997,26.25
NZL,1974,0.783,-0.21699999999999997,26.13
NZL,1975,0.79,-0.20999999999999996,26.092
NZL,1976,0.802,-0.19799999999999995,26.141
NZL,1977,0.803,-0.19699999999999995,26.206
NZL,1978,0.802,-0.19799999999999995,26.287
NZL,1979,0.801,-0.19899999999999995,26.405
NZL,1980,0.806,-0.19399999999999995,26.47
NZL,1981,0.828,-0.17200000000000004,26.544
NZL,1982,0.833,-0.16700000000000004,26.693
NZL,1983,0.831,-0.16900000000000004,26.83
NZL,1984,0.864,-0.136,26.989
NZL,1985,0.867,-0.133,27.077
NZL,1986,0.868,-0.132,27.203
NZL,1987,0.878,-0.122,27.351
NZL,1988,0.878,-0.122,27.495
NZL,1989,0.878,-0.122,27.58
NZL,1990,0.896,-0.10399999999999998,27.733
NZL,1991,0.898,-0.10199999999999998,27.903
NZL,1992,0.898,-0.10199999999999998,28.08
NZL,1993,0.909,-0.09099999999999997,28.185
NZL,1994,0.909,-0.09099999999999997,28.313
NZL,1995,0.91,-0.08999999999999997,28.347
NZL,1996,0.924,-0.07599999999999996,28.453
NZL,1997,0.924,-0.07599999999999996,28.6
NZL,1998,0.928,-0.07199999999999995,28.764
NZL,1999,0.932,-0.06799999999999995,28.87
NZL,2000,0.934,-0.06599999999999995,28.969
NZL,2001,0.932,-0.06799999999999995,29.041
NZL,2002,0.934,-0.06599999999999995,29.25
NZL,2003,0.934,-0.06599999999999995,29.384
NZL,2004,0.934,-0.06599999999999995,29.413
NZL,2005,0.935,-0.06499999999999995,29.497
NZL,2006,0.935,-0.06499999999999995,29.479
NZL,2007,0.935,-0.06499999999999995,29.469
NZL,2008,0.935,-0.06499999999999995,29.441
NZL,2009,0.935,-0.06499999999999995,29.511
NZL,2010,0.935,-0.06499999999999995,29.587
NZL,2011,0.935,-0.06499999999999995,29.706
NZL,2012,0.935,-0.06499999999999995,29.788
NZL,2013,0.936,-0.06399999999999995,29.926
NZL,2014,0.935,-0.06499999999999995,30.076
NZL,2015,0.935,-0.06499999999999995,30.153
NZL,2016,0.936,-0.06399999999999995,30.284
NZL,2017,0.936,-0.06399999999999995,30.346
NZL,2018,0.937,-0.06299999999999994,30.445
NZL,2019,0.938,-0.062000000000000055,30.521
NZL,2020,0.937,-0.06299999999999994,30.565
NZL,2021,0.936,-0.06399999999999995,30.638
NZL,2022,0.935,-0.06499999999999995,30.639
NZL,2023,0.941,-0.05900000000000005,30.639
NIC,1950,0.158,-0.842,28.812
NIC,1951,0.158,-0.842,28.806
NIC,1952,0.158,-0.842,28.801
NIC,1953,0.158,-0.842,28.795
NIC,1954,0.158,-0.842,28.789
NIC,1955,0.162,-0.838,28.783
NIC,1956,0.187,-0.813,28.777
NIC,1957,0.187,-0.813,28.77
NIC,1958,0.187,-0.813,28.764
NIC,1959,0.187,-0.813,28.757
NIC,1960,0.187,-0.813,28.749
NIC,1961,0.187,-0.813,28.741
NIC,1962,0.187,-0.813,28.732
NIC,1963,0.187,-0.813,28.723
NIC,1964,0.187,-0.813,28.714
NIC,1965,0.187,-0.813,28.703
NIC,1966,0.187,-0.813,28.693
NIC,1967,0.187,-0.813,28.681
NIC,1968,0.187,-0.813,28.667
NIC,1969,0.187,-0.813,28.653
NIC,1970,0.188,-0.812,28.654
NIC,1971,0.188,-0.812,28.616
NIC,1972,0.188,-0.812,28.576
NIC,1973,0.233,-0.767,28.588
NIC,1974,0.247,-0.753,28.577
NIC,1975,0.247,-0.753,28.562
NIC,1976,0.247,-0.753,28.502
NIC,1977,0.245,-0.755,28.428
NIC,1978,0.25,-0.75,28.345
NIC,1979,0.234,-0.766,28.256
NIC,1980,0.492,-0.508,28.204
NIC,1981,0.492,-0.508,28.149
NIC,1982,0.462,-0.538,28.11
NIC,1983,0.462,-0.538,28.077
NIC,1984,0.488,-0.512,28.055
NIC,1985,0.48,-0.52,28.03
NIC,1986,0.549,-0.45099999999999996,27.947
NIC,1987,0.549,-0.45099999999999996,27.852
NIC,1988,0.581,-0.41900000000000004,27.731
NIC,1989,0.581,-0.41900000000000004,27.607
NIC,1990,0.67,-0.32999999999999996,27.482
NIC,1991,0.707,-0.29300000000000004,27.308
NIC,1992,0.708,-0.29200000000000004,27.25
NIC,1993,0.75,-0.25,27.195
NIC,1994,0.75,-0.25,27.141
NIC,1995,0.728,-0.272,27.065
NIC,1996,0.715,-0.28500000000000003,27.017
NIC,1997,0.715,-0.28500000000000003,26.985
NIC,1998,0.618,-0.382,26.879
NIC,1999,0.619,-0.381,26.76
NIC,2000,0.614,-0.386,26.674
NIC,2001,0.671,-0.32899999999999996,26.571
NIC,2002,0.671,-0.32899999999999996,26.471
NIC,2003,0.671,-0.32899999999999996,26.378
NIC,2004,0.671,-0.32899999999999996,26.297
NIC,2005,0.671,-0.32899999999999996,26.199
NIC,2006,0.631,-0.369,26.146
NIC,2007,0.681,-0.31899999999999995,26.124
NIC,2008,0.678,-0.32199999999999995,26.092
NIC,2009,0.689,-0.31100000000000005,26.062
NIC,2010,0.703,-0.29700000000000004,26.031
NIC,2011,0.748,-0.252,26.022
NIC,2012,0.748,-0.252,26.015
NIC,2013,0.754,-0.246,26.012
NIC,2014,0.754,-0.246,26.007
NIC,2015,0.754,-0.246,26.003
NIC,2016,0.757,-0.243,25.999
NIC,2017,0.748,-0.252,25.994
NIC,2018,0.66,-0.33999999999999997,25.991
NIC,2019,0.651,-0.349,25.987
NIC,2020,0.616,-0.384,25.983
NIC,2021,0.612,-0.388,25.979
NIC,2022,0.588,-0.41200000000000003,25.975
NIC,2023,0.566,-0.43400000000000005,25.969
NER,1950,0.22,-0.78,28.959
NER,1951,0.22,-0.78,28.971
NER,1952,0.22,-0.78,28.984
NER,1953,0.22,-0.78,28.995
NER,1954,0.22,-0.78,29.004
NER,1955,0.22,-0.78,29.013
NER,1956,0.22,-0.78,29.021
NER,1957,0.22,-0.78,29.03
NER,1958,0.22,-0.78,29.032
NER,1959,0.221,-0.779,29.033
NER,1960,0.296,-0.704,29.055
NER,1961,0.297,-0.7030000000000001,29.081
NER,1962,0.296,-0.704,29.104
NER,1963,0.296,-0.704,29.127
NER,1964,0.296,-0.704,29.156
NER,1965,0.296,-0.704,29.195
NER,1966,0.296,-0.704,29.227
NER,1967,0.296,-0.704,29.264
NER,1968,0.296,-0.704,29.301
NER,1969,0.296,-0.704,29.335
NER,1970,0.309,-0.6910000000000001,29.32
NER,1971,0.309,-0.6910000000000001,29.323
NER,1972,0.309,-0.6910000000000001,29.319
NER,1973,0.309,-0.6910000000000001,29.31
NER,1974,0.309,-0.6910000000000001,29.293
NER,1975,0.324,-0.6759999999999999,29.262
NER,1976,0.324,-0.6759999999999999,29.298
NER,1977,0.324,-0.6759999999999999,29.332
NER,1978,0.324,-0.6759999999999999,29.273
NER,1979,0.324,-0.6759999999999999,29.279
NER,1980,0.327,-0.673,29.259
NER,1981,0.327,-0.673,29.249
NER,1982,0.327,-0.673,29.261
NER,1983,0.347,-0.653,29.274
NER,1984,0.352,-0.648,29.239
NER,1985,0.345,-0.655,29.188
NER,1986,0.347,-0.653,29.11
NER,1987,0.347,-0.653,28.98
NER,1988,0.448,-0.552,29.019
NER,1989,0.447,-0.5529999999999999,29.025
NER,1990,0.571,-0.42900000000000005,28.959
NER,1991,0.571,-0.42900000000000005,29.026
NER,1992,0.578,-0.42200000000000004,29.093
NER,1993,0.611,-0.389,29.119
NER,1994,0.611,-0.389,29.157
NER,1995,0.597,-0.403,29.052
NER,1996,0.575,-0.42500000000000004,29.028
NER,1997,0.569,-0.43100000000000005,29.039
NER,1998,0.569,-0.43100000000000005,29.047
NER,1999,0.559,-0.44099999999999995,29.043
NER,2000,0.62,-0.38,29.041
NER,2001,0.62,-0.38,29.022
NER,2002,0.625,-0.375,29.042
NER,2003,0.625,-0.375,29.061
NER,2004,0.684,-0.31599999999999995,29.061
NER,2005,0.681,-0.31899999999999995,29.072
NER,2006,0.681,-0.31899999999999995,29.082
NER,2007,0.681,-0.31899999999999995,29.085
NER,2008,0.675,-0.32499999999999996,29.1
NER,2009,0.598,-0.402,29.109
NER,2010,0.672,-0.32799999999999996,29.133
NER,2011,0.676,-0.32399999999999995,29.207
NER,2012,0.733,-0.267,29.276
NER,2013,0.737,-0.263,29.296
NER,2014,0.737,-0.263,29.309
NER,2015,0.737,-0.263,29.288
NER,2016,0.752,-0.248,29.201
NER,2017,0.765,-0.235,29.21
NER,2018,0.762,-0.238,29.222
NER,2019,0.75,-0.25,29.231
NER,2020,0.738,-0.262,29.204
NER,2021,0.735,-0.265,29.16
NER,2022,0.785,-0.21499999999999997,29.119
NER,2023,0.688,-0.31200000000000006,29.085
NGA,1966,0.447,-0.5529999999999999,29.109
NGA,1967,0.43,-0.5700000000000001,29.098
NGA,1968,0.43,-0.5700000000000001,29.086
NGA,1969,0.43,-0.5700000000000001,29.044
NGA,1970,0.44,-0.56,29.025
NGA,1971,0.44,-0.56,29.009
NGA,1972,0.442,-0.558,28.981
NGA,1973,0.442,-0.558,28.955
NGA,1974,0.442,-0.558,28.835
NGA,1975,0.442,-0.558,28.8
NGA,1976,0.442,-0.558,28.834
NGA,1977,0.442,-0.558,28.862
NGA,1978,0.442,-0.558,28.923
NGA,1979,0.471,-0.529,28.92
NGA,1983,0.477,-0.523,28.996
NGA,1984,0.471,-0.529,29.072
NGA,1985,0.515,-0.485,29.058
NGA,1986,0.515,-0.485,29.157
NGA,1987,0.556,-0.44399999999999995,29.18
NGA,1988,0.556,-0.44399999999999995,29.246
NGA,1989,0.556,-0.44399999999999995,29.214
NGA,1990,0.556,-0.44399999999999995,29.301
NGA,1991,0.568,-0.43200000000000005,29.391
NGA,1992,0.568,-0.43200000000000005,29.394
NGA,1993,0.568,-0.43200000000000005,29.42
NGA,1994,0.568,-0.43200000000000005,29.457
NGA,1995,0.59,-0.41000000000000003,29.348
NGA,1996,0.59,-0.41000000000000003,29.378
NGA,1997,0.59,-0.41000000000000003,29.378
NGA,1998,0.594,-0.406,29.393
NGA,1999,0.673,-0.32699999999999996,29.444
NGA,2000,0.695,-0.30500000000000005,29.458
NGA,2001,0.695,-0.30500000000000005,29.51
NGA,2002,0.695,-0.30500000000000005,29.57
NGA,2003,0.716,-0.28400000000000003,29.59
NGA,2004,0.716,-0.28400000000000003,29.692
NGA,2005,0.716,-0.28400000000000003,29.629
NGA,2006,0.712,-0.28800000000000003,29.682
NGA,2007,0.718,-0.28200000000000003,29.699
NGA,2008,0.716,-0.28400000000000003,29.687
NGA,2009,0.718,-0.28200000000000003,29.667
NGA,2010,0.725,-0.275,29.614
NGA,2011,0.705,-0.29500000000000004,29.508
NGA,2012,0.705,-0.29500000000000004,29.445
NGA,2013,0.708,-0.29200000000000004,29.355
NGA,2014,0.727,-0.273,29.346
NGA,2015,0.723,-0.277,29.395
NGA,2016,0.722,-0.278,29.391
NGA,2017,0.732,-0.268,29.4
NGA,2018,0.731,-0.269,29.399
NGA,2019,0.717,-0.28300000000000003,29.393
NGA,2020,0.683,-0.31699999999999995,29.363
NGA,2021,0.685,-0.31499999999999995,29.315
NGA,2022,0.713,-0.28700000000000003,29.278
NGA,2023,0.704,-0.29600000000000004,29.234
PRK,1950,0.249,-0.751,29.009
PRK,1951,0.249,-0.751,28.012
PRK,1952,0.249,-0.751,28.082
PRK,1953,0.249,-0.751,28.367
PRK,1954,0.249,-0.751,28.636
PRK,1955,0.248,-0.752,28.755
PRK,1956,0.251,-0.749,28.738
PRK,1957,0.242,-0.758,29.094
PRK,1958,0.242,-0.758,29.133
PRK,1959,0.242,-0.758,28.892
PRK,1960,0.242,-0.758,28.931
PRK,1961,0.242,-0.758,28.85
PRK,1962,0.215,-0.785,28.952
PRK,1963,0.215,-0.785,29.065
PRK,1964,0.215,-0.785,29.071
PRK,1965,0.215,-0.785,29.093
PRK,1966,0.215,-0.785,29.17
PRK,1967,0.26,-0.74,29.311
PRK,1968,0.255,-0.745,29.248
PRK,1969,0.255,-0.745,29.262
PRK,1970,0.255,-0.745,29.275
PRK,1971,0.255,-0.745,29.251
PRK,1972,0.277,-0.723,29.316
PRK,1973,0.277,-0.723,29.126
PRK,1974,0.277,-0.723,29.059
PRK,1975,0.287,-0.7130000000000001,29.027
PRK,1976,0.285,-0.7150000000000001,28.941
PRK,1977,0.281,-0.719,28.922
PRK,1978,0.281,-0.719,28.941
PRK,1979,0.281,-0.719,28.961
PRK,1980,0.283,-0.7170000000000001,28.964
PRK,1981,0.283,-0.7170000000000001,28.984
PRK,1982,0.281,-0.719,28.97
PRK,1983,0.281,-0.719,28.94
PRK,1984,0.281,-0.719,28.929
PRK,1985,0.281,-0.719,28.915
PRK,1986,0.289,-0.7110000000000001,28.901
PRK,1987,0.289,-0.7110000000000001,28.865
PRK,1988,0.289,-0.7110000000000001,28.848
PRK,1989,0.289,-0.7110000000000001,28.83
PRK,1990,0.286,-0.714,28.835
PRK,1991,0.286,-0.714,28.818
PRK,1992,0.286,-0.714,28.803
PRK,1993,0.286,-0.714,28.772
PRK,1994,0.286,-0.714,28.772
PRK,1995,0.286,-0.714,28.786
PRK,1996,0.286,-0.714,28.788
PRK,1997,0.286,-0.714,28.785
PRK,1998,0.286,-0.714,28.799
PRK,1999,0.286,-0.714,28.807
PRK,2000,0.286,-0.714,28.821
PRK,2001,0.286,-0.714,28.834
PRK,2002,0.286,-0.714,28.845
PRK,2003,0.286,-0.714,28.858
PRK,2004,0.286,-0.714,28.793
PRK,2005,0.286,-0.714,28.758
PRK,2006,0.286,-0.714,28.719
PRK,2007,0.286,-0.714,28.702
PRK,2008,0.252,-0.748,28.682
PRK,2009,0.252,-0.748,28.689
PRK,2010,0.265,-0.735,28.699
PRK,2011,0.254,-0.746,28.711
PRK,2012,0.266,-0.734,28.721
PRK,2013,0.282,-0.718,28.732
PRK,2014,0.27,-0.73,28.743
PRK,2015,0.27,-0.73,28.746
PRK,2016,0.27,-0.73,28.748
PRK,2017,0.269,-0.731,28.751
PRK,2018,0.27,-0.73,28.758
PRK,2019,0.276,-0.724,28.761
PRK,2020,0.276,-0.724,28.763
PRK,2021,0.287,-0.7130000000000001,28.766
PRK,2022,0.289,-0.7110000000000001,28.768
PRK,2023,0.291,-0.7090000000000001,28.777
MKD,1950,0.458,-0.542,30.447
MKD,1951,0.458,-0.542,30.352
MKD,1952,0.478,-0.522,30.261
MKD,1953,0.497,-0.503,30.249
MKD,1954,0.503,-0.497,30.182
MKD,1955,0.509,-0.491,30.141
MKD,1956,0.509,-0.491,29.971
MKD,1957,0.509,-0.491,29.554
MKD,1958,0.516,-0.484,29.355
MKD,1959,0.516,-0.484,29.184
MKD,1960,0.516,-0.484,29.044
MKD,1961,0.516,-0.484,28.757
MKD,1962,0.516,-0.484,28.653
MKD,1963,0.595,-0.405,28.481
MKD,1964,0.595,-0.405,28.321
MKD,1965,0.581,-0.41900000000000004,28.028
MKD,1966,0.581,-0.41900000000000004,27.79
MKD,1967,0.554,-0.44599999999999995,27.777
MKD,1968,0.565,-0.43500000000000005,27.66
MKD,1969,0.591,-0.40900000000000003,27.509
MKD,1970,0.591,-0.40900000000000003,27.377
MKD,1971,0.591,-0.40900000000000003,27.295
MKD,1972,0.591,-0.40900000000000003,27.232
MKD,1973,0.591,-0.40900000000000003,27.075
MKD,1974,0.625,-0.375,26.992
MKD,1975,0.625,-0.375,26.907
MKD,1976,0.625,-0.375,26.804
MKD,1977,0.625,-0.375,26.661
MKD,1978,0.63,-0.37,26.521
MKD,1979,0.63,-0.37,26.465
MKD,1980,0.63,-0.37,26.31
MKD,1981,0.642,-0.358,26.178
MKD,1982,0.667,-0.33299999999999996,26.085
MKD,1983,0.667,-0.33299999999999996,25.978
MKD,1984,0.667,-0.33299999999999996,25.91
MKD,1985,0.667,-0.33299999999999996,25.833
MKD,1986,0.653,-0.347,25.767
MKD,1987,0.652,-0.348,25.664
MKD,1988,0.66,-0.33999999999999997,25.573
MKD,1989,0.66,-0.33999999999999997,25.513
MKD,1990,0.702,-0.29800000000000004,25.539
MKD,1991,0.599,-0.401,25.638
MKD,1992,0.591,-0.40900000000000003,25.602
MKD,1993,0.623,-0.377,25.605
MKD,1994,0.619,-0.381,25.876
MKD,1995,0.616,-0.384,25.923
MKD,1996,0.617,-0.383,25.987
MKD,1997,0.623,-0.377,26.095
MKD,1998,0.656,-0.344,26.225
MKD,1999,0.657,-0.34299999999999997,26.274
MKD,2000,0.667,-0.33299999999999996,26.433
MKD,2001,0.646,-0.354,26.597
MKD,2002,0.784,-0.21599999999999997,26.732
MKD,2003,0.79,-0.20999999999999996,26.814
MKD,2004,0.814,-0.18600000000000005,26.999
MKD,2005,0.82,-0.18000000000000005,27.194
MKD,2006,0.848,-0.15200000000000002,27.281
MKD,2007,0.852,-0.14800000000000002,27.339
MKD,2008,0.853,-0.14700000000000002,27.533
MKD,2009,0.854,-0.14600000000000002,27.737
MKD,2010,0.855,-0.14500000000000002,27.799
MKD,2011,0.858,-0.14200000000000002,27.912
MKD,2012,0.862,-0.138,27.994
MKD,2013,0.832,-0.16800000000000004,28.2
MKD,2014,0.844,-0.15600000000000003,28.314
MKD,2015,0.836,-0.16400000000000003,28.449
MKD,2016,0.842,-0.15800000000000003,28.579
MKD,2017,0.837,-0.16300000000000003,28.635
MKD,2018,0.835,-0.16500000000000004,28.737
MKD,2019,0.842,-0.15800000000000003,28.778
MKD,2020,0.822,-0.17800000000000005,28.785
MKD,2021,0.838,-0.16200000000000003,28.861
MKD,2022,0.816,-0.18400000000000005,28.929
MKD,2023,0.832,-0.16800000000000004,28.999
NOR,1950,0.754,-0.246,29.578
NOR,1951,0.754,-0.246,29.35
NOR,1952,0.754,-0.246,29.155
NOR,1953,0.754,-0.246,28.939
NOR,1954,0.754,-0.246,28.736
NOR,1955,0.754,-0.246,28.591
NOR,1956,0.754,-0.246,28.478
NOR,1957,0.772,-0.22799999999999998,28.32
NOR,1958,0.772,-0.22799999999999998,28.254
NOR,1959,0.772,-0.22799999999999998,28.228
NOR,1960,0.8,-0.19999999999999996,28.151
NOR,1961,0.802,-0.19799999999999995,27.942
NOR,1962,0.802,-0.19799999999999995,27.835
NOR,1963,0.802,-0.19799999999999995,27.81
NOR,1964,0.81,-0.18999999999999995,27.772
NOR,1965,0.812,-0.18799999999999994,27.718
NOR,1966,0.812,-0.18799999999999994,27.596
NOR,1967,0.812,-0.18799999999999994,27.483
NOR,1968,0.859,-0.14100000000000001,27.337
NOR,1969,0.864,-0.136,27.242
NOR,1970,0.909,-0.09099999999999997,27.012
NOR,1971,0.909,-0.09099999999999997,26.886
NOR,1972,0.909,-0.09099999999999997,26.724
NOR,1973,0.916,-0.08399999999999996,26.658
NOR,1974,0.916,-0.08399999999999996,26.569
NOR,1975,0.92,-0.07999999999999996,26.479
NOR,1976,0.92,-0.07999999999999996,26.557
NOR,1977,0.927,-0.07299999999999995,26.633
NOR,1978,0.927,-0.07299999999999995,26.779
NOR,1979,0.927,-0.07299999999999995,26.831
NOR,1980,0.928,-0.07199999999999995,26.931
NOR,1981,0.94,-0.06000000000000005,26.998
NOR,1982,0.94,-0.06000000000000005,27.131
NOR,1983,0.939,-0.061000000000000054,27.294
NOR,1984,0.939,-0.061000000000000054,27.388
NOR,1985,0.939,-0.061000000000000054,27.479
NOR,1986,0.94,-0.06000000000000005,27.568
NOR,1987,0.94,-0.06000000000000005,27.7
NOR,1988,0.943,-0.05700000000000005,27.823
NOR,1989,0.943,-0.05700000000000005,27.961
NOR,1990,0.945,-0.05500000000000005,28.112
NOR,1991,0.945,-0.05500000000000005,28.259
NOR,1992,0.944,-0.05600000000000005,28.394
NOR,1993,0.944,-0.05600000000000005,28.557
NOR,1994,0.946,-0.05400000000000005,28.704
NOR,1995,0.946,-0.05400000000000005,28.823
NOR,1996,0.946,-0.05400000000000005,28.929
NOR,1997,0.946,-0.05400000000000005,29.048
NOR,1998,0.946,-0.05400000000000005,29.143
NOR,1999,0.946,-0.05400000000000005,29.233
NOR,2000,0.949,-0.051000000000000045,29.313
NOR,2001,0.948,-0.052000000000000046,29.41
NOR,2002,0.95,-0.050000000000000044,29.52
NOR,2003,0.95,-0.050000000000000044,29.647
NOR,2004,0.952,-0.04800000000000004,29.734
NOR,2005,0.95,-0.050000000000000044,29.794
NOR,2006,0.95,-0.050000000000000044,29.84
NOR,2007,0.95,-0.050000000000000044,29.888
NOR,2008,0.95,-0.050000000000000044,29.915
NOR,2009,0.951,-0.049000000000000044,29.999
NOR,2010,0.952,-0.04800000000000004,30.087
NOR,2011,0.952,-0.04800000000000004,30.241
NOR,2012,0.951,-0.049000000000000044,30.328
NOR,2013,0.952,-0.04800000000000004,30.452
NOR,2014,0.949,-0.051000000000000045,30.594
NOR,2015,0.95,-0.050000000000000044,30.719
NOR,2016,0.948,-0.052000000000000046,30.831
NOR,2017,0.948,-0.052000000000000046,30.967
NOR,2018,0.951,-0.049000000000000044,31.068
NOR,2019,0.918,-0.08199999999999996,31.278
NOR,2020,0.908,-0.09199999999999997,31.407
NOR,2021,0.907,-0.09299999999999997,31.498
NOR,2022,0.907,-0.09299999999999997,31.561
NOR,2023,0.91,-0.08999999999999997,31.57
OMN,1950,0.078,-0.922,29.438
OMN,1951,0.078,-0.922,29.438
OMN,1952,0.078,-0.922,29.438
OMN,1953,0.078,-0.922,29.438
OMN,1954,0.078,-0.922,29.438
OMN,1955,0.078,-0.922,29.437
OMN,1956,0.078,-0.922,29.437
OMN,1957,0.078,-0.922,29.437
OMN,1958,0.078,-0.922,29.438
OMN,1959,0.078,-0.922,29.438
OMN,1960,0.079,-0.921,29.439
OMN,1961,0.079,-0.921,29.439
OMN,1962,0.079,-0.921,29.44
OMN,1963,0.079,-0.921,29.441
OMN,1964,0.079,-0.921,29.442
OMN,1965,0.079,-0.921,29.443
OMN,1966,0.079,-0.921,29.444
OMN,1967,0.079,-0.921,29.445
OMN,1968,0.08,-0.92,29.446
OMN,1969,0.08,-0.92,29.447
OMN,1970,0.191,-0.8089999999999999,29.448
OMN,1971,0.223,-0.777,29.449
OMN,1972,0.221,-0.779,29.45
OMN,1973,0.224,-0.776,29.452
OMN,1974,0.239,-0.761,29.453
OMN,1975,0.252,-0.748,29.454
OMN,1976,0.277,-0.723,29.456
OMN,1977,0.277,-0.723,29.457
OMN,1978,0.272,-0.728,29.458
OMN,1979,0.272,-0.728,29.459
OMN,1980,0.272,-0.728,29.46
OMN,1981,0.272,-0.728,29.461
OMN,1982,0.277,-0.723,29.459
OMN,1983,0.277,-0.723,29.456
OMN,1984,0.277,-0.723,29.452
OMN,1985,0.277,-0.723,29.448
OMN,1986,0.277,-0.723,29.442
OMN,1987,0.277,-0.723,29.435
OMN,1988,0.277,-0.723,29.426
OMN,1989,0.277,-0.723,29.416
OMN,1990,0.277,-0.723,29.404
OMN,1991,0.277,-0.723,29.531
OMN,2004,0.346,-0.654,31.19
OMN,2005,0.349,-0.651,31.368
OMN,2006,0.349,-0.651,31.561
OMN,2007,0.335,-0.665,31.523
OMN,2008,0.337,-0.663,31.327
OMN,2009,0.343,-0.657,30.847
OMN,2010,0.348,-0.652,30.829
OMN,2011,0.357,-0.643,30.905
OMN,2012,0.361,-0.639,30.969
OMN,2013,0.364,-0.636,30.889
OMN,2014,0.364,-0.636,30.939
OMN,2015,0.366,-0.634,30.94
OMN,2016,0.366,-0.634,31.01
OMN,2017,0.364,-0.636,31.15
OMN,2018,0.364,-0.636,31.379
OMN,2019,0.364,-0.636,31.489
OMN,2020,0.367,-0.633,31.593
OMN,2021,0.366,-0.634,31.612
OMN,2022,0.363,-0.637,31.645
OMN,2023,0.373,-0.627,31.652
PAK,1958,0.278,-0.722,29.164
PAK,1959,0.295,-0.7050000000000001,29.183
PAK,1960,0.325,-0.675,29.192
PAK,1961,0.325,-0.675,29.201
PAK,1962,0.325,-0.675,29.205
PAK,1969,0.312,-0.688,29.437
PAK,1970,0.318,-0.6819999999999999,29.441
PAK,1971,0.298,-0.702,29.446
PAK,1972,0.279,-0.721,29.452
PAK,1973,0.343,-0.657,29.447
PAK,1974,0.343,-0.657,29.501
PAK,1975,0.343,-0.657,29.554
PAK,1976,0.343,-0.657,29.629
PAK,1977,0.319,-0.681,29.665
PAK,1978,0.26,-0.74,29.693
PAK,1979,0.258,-0.742,29.708
PAK,1980,0.247,-0.753,29.718
PAK,1981,0.247,-0.753,29.743
PAK,1982,0.247,-0.753,29.779
PAK,1983,0.247,-0.753,29.832
PAK,1984,0.247,-0.753,29.872
PAK,1985,0.248,-0.752,29.807
PAK,1986,0.305,-0.6950000000000001,29.748
PAK,1987,0.305,-0.6950000000000001,29.674
PAK,1988,0.392,-0.608,29.648
PAK,1989,0.448,-0.552,29.62
PAK,1990,0.394,-0.606,29.606
PAK,1991,0.394,-0.606,29.588
PAK,1992,0.394,-0.606,29.555
PAK,1993,0.4,-0.6,29.479
PAK,1994,0.4,-0.6,29.454
PAK,1995,0.4,-0.6,29.461
PAK,1996,0.4,-0.6,29.423
PAK,1997,0.411,-0.589,29.445
PAK,1998,0.424,-0.5760000000000001,29.32
PAK,1999,0.401,-0.599,29.311
PAK,2000,0.408,-0.5920000000000001,29.311
PAK,2001,0.408,-0.5920000000000001,29.263
PAK,2002,0.459,-0.5409999999999999,29.225
PAK,2003,0.563,-0.43700000000000006,29.182
PAK,2004,0.563,-0.43700000000000006,29.081
PAK,2005,0.563,-0.43700000000000006,29.128
PAK,2006,0.571,-0.42900000000000005,29.141
PAK,2007,0.571,-0.42900000000000005,29.086
PAK,2008,0.574,-0.42600000000000005,29.032
PAK,2009,0.582,-0.41800000000000004,28.969
PAK,2010,0.598,-0.402,28.907
PAK,2011,0.601,-0.399,28.926
PAK,2012,0.616,-0.384,28.902
PAK,2013,0.602,-0.398,28.877
PAK,2014,0.588,-0.41200000000000003,28.881
PAK,2015,0.589,-0.41100000000000003,28.883
PAK,2016,0.587,-0.41300000000000003,28.86
PAK,2017,0.581,-0.41900000000000004,28.88
PAK,2018,0.589,-0.41100000000000003,28.88
PAK,2019,0.577,-0.42300000000000004,28.888
PAK,2020,0.573,-0.42700000000000005,28.898
PAK,2021,0.594,-0.406,28.911
PAK,2022,0.541,-0.45899999999999996,28.892
PAK,2023,0.535,-0.46499999999999997,28.875
PAN,1950,0.449,-0.5509999999999999,28.172
PAN,1951,0.449,-0.5509999999999999,28.17
PAN,1952,0.446,-0.554,28.168
PAN,1953,0.446,-0.554,28.165
PAN,1954,0.446,-0.554,28.162
PAN,1955,0.448,-0.552,28.159
PAN,1956,0.459,-0.5409999999999999,28.156
PAN,1957,0.459,-0.5409999999999999,28.152
PAN,1958,0.459,-0.5409999999999999,28.148
PAN,1959,0.459,-0.5409999999999999,28.144
PAN,1960,0.459,-0.5409999999999999,28.14
PAN,1961,0.459,-0.5409999999999999,28.136
PAN,1962,0.459,-0.5409999999999999,28.131
PAN,1963,0.459,-0.5409999999999999,28.125
PAN,1964,0.451,-0.5489999999999999,28.107
PAN,1965,0.451,-0.5489999999999999,28.073
PAN,1966,0.451,-0.5489999999999999,28.051
PAN,1967,0.454,-0.546,27.994
PAN,1968,0.436,-0.5640000000000001,27.949
PAN,1969,0.436,-0.5640000000000001,27.9
PAN,1970,0.436,-0.5640000000000001,27.827
PAN,1971,0.436,-0.5640000000000001,27.779
PAN,1972,0.447,-0.5529999999999999,27.74
PAN,1973,0.447,-0.5529999999999999,27.69
PAN,1974,0.447,-0.5529999999999999,27.595
PAN,1975,0.447,-0.5529999999999999,27.543
PAN,1976,0.447,-0.5529999999999999,27.504
PAN,1977,0.447,-0.5529999999999999,27.453
PAN,1978,0.495,-0.505,27.38
PAN,1979,0.495,-0.505,27.302
PAN,1980,0.478,-0.522,27.253
PAN,1981,0.466,-0.534,27.182
PAN,1982,0.42,-0.5800000000000001,27.126
PAN,1983,0.42,-0.5800000000000001,27.055
PAN,1984,0.441,-0.5589999999999999,26.998
PAN,1985,0.441,-0.5589999999999999,26.954
PAN,1986,0.441,-0.5589999999999999,26.891
PAN,1987,0.441,-0.5589999999999999,26.833
PAN,1988,0.441,-0.5589999999999999,26.769
PAN,1989,0.441,-0.5589999999999999,26.762
PAN,1990,0.701,-0.29900000000000004,26.779
PAN,1991,0.701,-0.29900000000000004,26.78
PAN,1992,0.7,-0.30000000000000004,26.762
PAN,1993,0.7,-0.30000000000000004,26.742
PAN,1994,0.715,-0.28500000000000003,26.743
PAN,1995,0.715,-0.28500000000000003,26.743
PAN,1996,0.715,-0.28500000000000003,26.722
PAN,1997,0.715,-0.28500000000000003,26.707
PAN,1998,0.715,-0.28500000000000003,26.686
PAN,1999,0.723,-0.277,26.684
PAN,2000,0.746,-0.254,26.721
PAN,2001,0.746,-0.254,26.689
PAN,2002,0.746,-0.254,26.731
PAN,2003,0.746,-0.254,26.71
PAN,2004,0.786,-0.21399999999999997,26.655
PAN,2005,0.786,-0.21399999999999997,26.696
PAN,2006,0.786,-0.21399999999999997,26.686
PAN,2007,0.786,-0.21399999999999997,26.664
PAN,2008,0.786,-0.21399999999999997,26.65
PAN,2009,0.748,-0.252,26.573
PAN,2010,0.749,-0.251,26.578
PAN,2011,0.749,-0.251,26.578
PAN,2012,0.749,-0.251,26.576
PAN,2013,0.753,-0.247,26.569
PAN,2014,0.79,-0.20999999999999996,26.605
PAN,2015,0.79,-0.20999999999999996,26.708
PAN,2016,0.79,-0.20999999999999996,26.805
PAN,2017,0.793,-0.20699999999999996,26.855
PAN,2018,0.784,-0.21599999999999997,26.947
PAN,2019,0.79,-0.20999999999999996,27.023
PAN,2020,0.789,-0.21099999999999997,27.168
PAN,2021,0.795,-0.20499999999999996,27.327
PAN,2022,0.812,-0.18799999999999994,27.33
PAN,2023,0.765,-0.235,27.333
PNG,1950,0.165,-0.835,29.501
PNG,1951,0.165,-0.835,29.504
PNG,1952,0.165,-0.835,29.506
PNG,1953,0.165,-0.835,29.509
PNG,1954,0.165,-0.835,29.512
PNG,1955,0.165,-0.835,29.516
PNG,1956,0.165,-0.835,29.521
PNG,1957,0.165,-0.835,29.527
PNG,1958,0.165,-0.835,29.532
PNG,1959,0.165,-0.835,29.539
PNG,1960,0.165,-0.835,29.546
PNG,1961,0.165,-0.835,29.554
PNG,1962,0.165,-0.835,29.563
PNG,1963,0.165,-0.835,29.573
PNG,1964,0.176,-0.8240000000000001,29.583
PNG,1965,0.176,-0.8240000000000001,29.594
PNG,1966,0.176,-0.8240000000000001,29.607
PNG,1967,0.176,-0.8240000000000001,29.619
PNG,1968,0.176,-0.8240000000000001,29.632
PNG,1969,0.176,-0.8240000000000001,29.651
PNG,1970,0.185,-0.815,29.677
PNG,1971,0.185,-0.815,29.7
PNG,1972,0.185,-0.815,29.713
PNG,1973,0.185,-0.815,29.722
PNG,1974,0.185,-0.815,29.736
PNG,1975,0.405,-0.595,29.75
PNG,1976,0.405,-0.595,29.765
PNG,1977,0.45,-0.55,29.778
PNG,1978,0.45,-0.55,29.787
PNG,1979,0.45,-0.55,29.807
PNG,1980,0.463,-0.5369999999999999,29.837
PNG,1981,0.463,-0.5369999999999999,29.845
PNG,1982,0.452,-0.548,29.854
PNG,1983,0.452,-0.548,29.865
PNG,1984,0.452,-0.548,29.887
PNG,1985,0.452,-0.548,29.907
PNG,1986,0.452,-0.548,29.928
PNG,1987,0.446,-0.554,29.95
PNG,1988,0.446,-0.554,29.973
PNG,1989,0.446,-0.554,29.998
PNG,1990,0.446,-0.554,29.994
PNG,1991,0.446,-0.554,29.997
PNG,1992,0.446,-0.554,29.992
PNG,1993,0.446,-0.554,29.995
PNG,1994,0.446,-0.554,29.988
PNG,1995,0.446,-0.554,29.994
PNG,1996,0.446,-0.554,30.002
PNG,1997,0.457,-0.5429999999999999,30.009
PNG,1998,0.457,-0.5429999999999999,30.016
PNG,1999,0.457,-0.5429999999999999,30.015
PNG,2000,0.452,-0.548,29.989
PNG,2001,0.452,-0.548,29.954
PNG,2002,0.447,-0.5529999999999999,29.923
PNG,2003,0.447,-0.5529999999999999,29.891
PNG,2004,0.447,-0.5529999999999999,29.845
PNG,2005,0.447,-0.5529999999999999,29.847
PNG,2006,0.447,-0.5529999999999999,29.824
PNG,2007,0.447,-0.5529999999999999,29.788
PNG,2008,0.447,-0.5529999999999999,29.755
PNG,2009,0.447,-0.5529999999999999,29.722
PNG,2010,0.464,-0.536,29.645
PNG,2011,0.464,-0.536,29.618
PNG,2012,0.474,-0.526,29.587
PNG,2013,0.467,-0.5329999999999999,29.54
PNG,2014,0.467,-0.5329999999999999,29.522
PNG,2015,0.467,-0.5329999999999999,29.5
PNG,2016,0.467,-0.5329999999999999,29.485
PNG,2017,0.44,-0.56,29.44
PNG,2018,0.449,-0.5509999999999999,29.401
PNG,2019,0.455,-0.5449999999999999,29.364
PNG,2020,0.435,-0.565,29.33
PNG,2021,0.415,-0.585,29.302
PNG,2022,0.465,-0.5349999999999999,29.278
PNG,2023,0.477,-0.523,29.261
PRY,1950,0.155,-0.845,30.037
PRY,1951,0.155,-0.845,30.04
PRY,1952,0.155,-0.845,30.044
PRY,1953,0.155,-0.845,30.049
PRY,1954,0.141,-0.859,30.054
PRY,1955,0.141,-0.859,30.071
PRY,1956,0.141,-0.859,30.089
PRY,1957,0.141,-0.859,30.107
PRY,1958,0.141,-0.859,30.156
PRY,1959,0.141,-0.859,30.203
PRY,1960,0.141,-0.859,30.25
PRY,1961,0.155,-0.845,30.304
PRY,1962,0.153,-0.847,30.359
PRY,1963,0.168,-0.832,30.377
PRY,1964,0.168,-0.832,30.394
PRY,1965,0.168,-0.832,30.411
PRY,1966,0.168,-0.832,30.429
PRY,1967,0.16,-0.84,30.449
PRY,1968,0.168,-0.832,30.45
PRY,1969,0.176,-0.8240000000000001,30.382
PRY,1970,0.176,-0.8240000000000001,30.315
PRY,1971,0.176,-0.8240000000000001,30.244
PRY,1972,0.176,-0.8240000000000001,30.159
PRY,1973,0.174,-0.8260000000000001,30.066
PRY,1974,0.174,-0.8260000000000001,29.952
PRY,1975,0.174,-0.8260000000000001,29.872
PRY,1976,0.174,-0.8260000000000001,29.835
PRY,1977,0.174,-0.8260000000000001,29.731
PRY,1978,0.166,-0.834,29.649
PRY,1979,0.166,-0.834,29.613
PRY,1980,0.185,-0.815,29.591
PRY,1981,0.185,-0.815,29.566
PRY,1982,0.185,-0.815,29.522
PRY,1983,0.179,-0.821,29.511
PRY,1984,0.179,-0.821,29.442
PRY,1985,0.179,-0.821,29.387
PRY,1986,0.179,-0.821,29.394
PRY,1987,0.179,-0.821,29.32
PRY,1988,0.183,-0.817,29.207
PRY,1989,0.197,-0.8029999999999999,29.123
PRY,1990,0.501,-0.499,28.952
PRY,1991,0.501,-0.499,28.793
PRY,1992,0.534,-0.46599999999999997,28.759
PRY,1993,0.553,-0.44699999999999995,28.647
PRY,1994,0.553,-0.44699999999999995,28.604
PRY,1995,0.553,-0.44699999999999995,28.606
PRY,1996,0.553,-0.44699999999999995,28.597
PRY,1997,0.553,-0.44699999999999995,28.58
PRY,1998,0.553,-0.44699999999999995,28.576
PRY,1999,0.553,-0.44699999999999995,28.542
PRY,2000,0.622,-0.378,28.47
PRY,2001,0.612,-0.388,28.45
PRY,2002,0.612,-0.388,28.384
PRY,2003,0.651,-0.349,28.303
PRY,2004,0.659,-0.34099999999999997,28.266
PRY,2005,0.659,-0.34099999999999997,28.179
PRY,2006,0.659,-0.34099999999999997,28.106
PRY,2007,0.659,-0.34099999999999997,28.027
PRY,2008,0.691,-0.30900000000000005,27.957
PRY,2009,0.698,-0.30200000000000005,27.878
PRY,2010,0.698,-0.30200000000000005,27.817
PRY,2011,0.698,-0.30200000000000005,27.759
PRY,2012,0.686,-0.31399999999999995,27.711
PRY,2013,0.683,-0.31699999999999995,27.7
PRY,2014,0.697,-0.30300000000000005,27.704
PRY,2015,0.689,-0.31100000000000005,27.712
PRY,2016,0.673,-0.32699999999999996,27.7
PRY,2017,0.671,-0.32899999999999996,27.694
PRY,2018,0.684,-0.31599999999999995,27.684
PRY,2019,0.692,-0.30800000000000005,27.677
PRY,2020,0.656,-0.344,27.673
PRY,2021,0.69,-0.31000000000000005,27.67
PRY,2022,0.698,-0.30200000000000005,27.668
PRY,2023,0.709,-0.29100000000000004,27.668
PER,1950,0.349,-0.651,29.523
PER,1951,0.349,-0.651,29.528
PER,1952,0.349,-0.651,29.533
PER,1953,0.349,-0.651,29.538
PER,1954,0.349,-0.651,29.544
PER,1955,0.349,-0.651,29.55
PER,1956,0.398,-0.602,29.557
PER,1957,0.47,-0.53,29.564
PER,1958,0.47,-0.53,29.571
PER,1959,0.47,-0.53,29.573
PER,1960,0.47,-0.53,29.592
PER,1961,0.47,-0.53,29.616
PER,1962,0.401,-0.599,29.67
PER,1963,0.408,-0.5920000000000001,29.724
PER,1964,0.462,-0.538,29.737
PER,1965,0.462,-0.538,29.769
PER,1966,0.462,-0.538,29.802
PER,1967,0.462,-0.538,29.784
PER,1968,0.412,-0.5880000000000001,29.821
PER,1969,0.347,-0.653,29.857
PER,1970,0.355,-0.645,29.864
PER,1971,0.355,-0.645,29.858
PER,1972,0.355,-0.645,29.849
PER,1973,0.355,-0.645,29.807
PER,1974,0.355,-0.645,29.798
PER,1975,0.355,-0.645,29.799
PER,1976,0.362,-0.638,29.758
PER,1977,0.362,-0.638,29.716
PER,1978,0.362,-0.638,29.653
PER,1979,0.362,-0.638,29.59
PER,1980,0.457,-0.5429999999999999,29.573
PER,1981,0.574,-0.42600000000000005,29.516
PER,1982,0.574,-0.42600000000000005,29.415
PER,1983,0.574,-0.42600000000000005,29.275
PER,1984,0.574,-0.42600000000000005,29.191
PER,1985,0.563,-0.43700000000000006,29.085
PER,1986,0.583,-0.41700000000000004,29.007
PER,1987,0.583,-0.41700000000000004,28.924
PER,1988,0.583,-0.41700000000000004,28.79
PER,1989,0.583,-0.41700000000000004,28.708
PER,1990,0.62,-0.38,28.652
PER,1991,0.641,-0.359,28.599
PER,1992,0.608,-0.392,28.528
PER,1993,0.599,-0.401,28.482
PER,1994,0.599,-0.401,28.419
PER,1995,0.628,-0.372,28.379
PER,1996,0.628,-0.372,28.343
PER,1997,0.628,-0.372,28.309
PER,1998,0.628,-0.372,28.278
PER,1999,0.628,-0.372,28.257
PER,2000,0.653,-0.347,28.214
PER,2001,0.756,-0.244,28.232
PER,2002,0.756,-0.244,28.264
PER,2003,0.756,-0.244,28.249
PER,2004,0.756,-0.244,28.248
PER,2005,0.759,-0.241,28.253
PER,2006,0.784,-0.21599999999999997,28.222
PER,2007,0.783,-0.21699999999999997,28.2
PER,2008,0.783,-0.21699999999999997,28.164
PER,2009,0.78,-0.21999999999999997,28.194
PER,2010,0.781,-0.21899999999999997,28.222
PER,2011,0.771,-0.22899999999999998,28.246
PER,2012,0.775,-0.22499999999999998,28.274
PER,2013,0.771,-0.22899999999999998,28.319
PER,2014,0.777,-0.22299999999999998,28.375
PER,2015,0.77,-0.22999999999999998,28.431
PER,2016,0.784,-0.21599999999999997,28.471
PER,2017,0.793,-0.20699999999999996,28.572
PER,2018,0.827,-0.17300000000000004,28.621
PER,2019,0.835,-0.16500000000000004,28.679
PER,2020,0.799,-0.20099999999999996,28.737
PER,2021,0.809,-0.19099999999999995,28.763
PER,2022,0.809,-0.19099999999999995,28.76
PER,2023,0.809,-0.19099999999999995,28.762
PHL,1950,0.552,-0.44799999999999995,30.174
PHL,1951,0.552,-0.44799999999999995,30.174
PHL,1952,0.552,-0.44799999999999995,30.174
PHL,1953,0.558,-0.44199999999999995,30.174
PHL,1954,0.558,-0.44199999999999995,30.174
PHL,1955,0.573,-0.42700000000000005,30.174
PHL,1956,0.573,-0.42700000000000005,30.174
PHL,1957,0.567,-0.43300000000000005,30.174
PHL,1958,0.567,-0.43300000000000005,30.174
PHL,1959,0.567,-0.43300000000000005,30.174
PHL,1960,0.582,-0.41800000000000004,30.174
PHL,1961,0.587,-0.41300000000000003,30.174
PHL,1962,0.588,-0.41200000000000003,30.174
PHL,1963,0.588,-0.41200000000000003,30.174
PHL,1964,0.588,-0.41200000000000003,30.174
PHL,1965,0.596,-0.404,30.174
PHL,1966,0.596,-0.404,30.174
PHL,1967,0.596,-0.404,30.158
PHL,1968,0.596,-0.404,30.219
PHL,1969,0.586,-0.41400000000000003,30.203
PHL,1970,0.599,-0.401,30.159
PHL,1971,0.557,-0.44299999999999995,30.113
PHL,1972,0.489,-0.511,30.042
PHL,1973,0.485,-0.515,30.028
PHL,1974,0.485,-0.515,29.997
PHL,1975,0.485,-0.515,29.983
PHL,1976,0.485,-0.515,29.98
PHL,1977,0.485,-0.515,29.923
PHL,1978,0.486,-0.514,29.848
PHL,1979,0.521,-0.479,29.758
PHL,1980,0.521,-0.479,29.686
PHL,1981,0.521,-0.479,29.606
PHL,1982,0.521,-0.479,29.565
PHL,1983,0.521,-0.479,29.536
PHL,1984,0.522,-0.478,29.456
PHL,1985,0.522,-0.478,29.38
PHL,1986,0.681,-0.31899999999999995,29.325
PHL,1987,0.758,-0.242,29.319
PHL,1988,0.798,-0.20199999999999996,29.341
PHL,1989,0.798,-0.20199999999999996,29.345
PHL,1990,0.799,-0.20099999999999996,29.394
PHL,1991,0.799,-0.20099999999999996,29.367
PHL,1992,0.808,-0.19199999999999995,29.358
PHL,1993,0.808,-0.19199999999999995,29.356
PHL,1994,0.808,-0.19199999999999995,29.354
PHL,1995,0.802,-0.19799999999999995,29.318
PHL,1996,0.802,-0.19799999999999995,29.298
PHL,1997,0.802,-0.19799999999999995,29.281
PHL,1998,0.814,-0.18600000000000005,29.22
PHL,1999,0.81,-0.18999999999999995,29.209
PHL,2000,0.804,-0.19599999999999995,29.21
PHL,2001,0.82,-0.18000000000000005,29.098
PHL,2002,0.82,-0.18000000000000005,29.121
PHL,2003,0.82,-0.18000000000000005,29.099
PHL,2004,0.818,-0.18200000000000005,29.036
PHL,2005,0.818,-0.18200000000000005,28.965
PHL,2006,0.817,-0.18300000000000005,28.847
PHL,2007,0.828,-0.17200000000000004,28.728
PHL,2008,0.828,-0.17200000000000004,28.657
PHL,2009,0.829,-0.17100000000000004,28.557
PHL,2010,0.848,-0.15200000000000002,28.49
PHL,2011,0.849,-0.15100000000000002,28.547
PHL,2012,0.849,-0.15100000000000002,28.58
PHL,2013,0.837,-0.16300000000000003,28.533
PHL,2014,0.837,-0.16300000000000003,28.526
PHL,2015,0.844,-0.15600000000000003,28.581
PHL,2016,0.844,-0.15600000000000003,28.641
PHL,2017,0.807,-0.19299999999999995,28.696
PHL,2018,0.807,-0.19299999999999995,28.769
PHL,2019,0.792,-0.20799999999999996,28.903
PHL,2020,0.795,-0.20499999999999996,28.979
PHL,2021,0.788,-0.21199999999999997,29.001
PHL,2022,0.806,-0.19399999999999995,28.987
PHL,2023,0.805,-0.19499999999999995,28.975
POL,1950,0.498,-0.502,28.911
POL,1951,0.501,-0.499,28.888
POL,1952,0.594,-0.406,28.817
POL,1953,0.594,-0.406,28.701
POL,1954,0.594,-0.406,28.571
POL,1955,0.594,-0.406,28.465
POL,1956,0.595,-0.405,28.303
POL,1957,0.577,-0.42300000000000004,28.06
POL,1958,0.577,-0.42300000000000004,27.86
POL,1959,0.577,-0.42300000000000004,27.733
POL,1960,0.583,-0.41700000000000004,27.751
POL,1961,0.632,-0.368,27.481
POL,1962,0.632,-0.368,27.386
POL,1963,0.632,-0.368,27.383
POL,1964,0.632,-0.368,27.38
POL,1965,0.629,-0.371,27.513
POL,1966,0.628,-0.372,27.446
POL,1967,0.628,-0.372,27.382
POL,1968,0.628,-0.372,27.372
POL,1969,0.633,-0.367,27.146
POL,1970,0.633,-0.367,27.21
POL,1971,0.633,-0.367,27.016
POL,1972,0.643,-0.357,26.991
POL,1973,0.643,-0.357,26.951
POL,1974,0.645,-0.355,26.871
POL,1975,0.645,-0.355,26.808
POL,1976,0.662,-0.33799999999999997,26.715
POL,1977,0.662,-0.33799999999999997,26.619
POL,1978,0.662,-0.33799999999999997,26.537
POL,1979,0.662,-0.33799999999999997,26.507
POL,1980,0.71,-0.29000000000000004,26.461
POL,1981,0.655,-0.345,26.45
POL,1982,0.574,-0.42600000000000005,26.487
POL,1983,0.59,-0.41000000000000003,26.475
POL,1984,0.674,-0.32599999999999996,26.438
POL,1985,0.669,-0.33099999999999996,26.42
POL,1986,0.673,-0.32699999999999996,26.401
POL,1987,0.673,-0.32699999999999996,26.373
POL,1988,0.673,-0.32699999999999996,26.356
POL,1989,0.792,-0.20799999999999996,26.287
POL,1990,0.885,-0.11499999999999999,26.259
POL,1991,0.873,-0.127,26.305
POL,1992,0.878,-0.122,26.424
POL,1993,0.9,-0.09999999999999998,26.639
POL,1994,0.9,-0.09999999999999998,26.817
POL,1995,0.901,-0.09899999999999998,26.894
POL,1996,0.901,-0.09899999999999998,26.989
POL,1997,0.901,-0.09899999999999998,27.087
POL,1998,0.901,-0.09899999999999998,27.161
POL,1999,0.9,-0.09999999999999998,27.281
POL,2000,0.9,-0.09999999999999998,27.364
POL,2001,0.915,-0.08499999999999996,27.555
POL,2002,0.915,-0.08499999999999996,27.713
POL,2003,0.915,-0.08499999999999996,27.845
POL,2004,0.915,-0.08499999999999996,28.026
POL,2005,0.915,-0.08499999999999996,28.169
POL,2006,0.916,-0.08399999999999996,28.284
POL,2007,0.915,-0.08499999999999996,28.384
POL,2008,0.914,-0.08599999999999997,28.444
POL,2009,0.915,-0.08499999999999996,28.574
POL,2010,0.914,-0.08599999999999997,28.734
POL,2011,0.92,-0.07999999999999996,28.85
POL,2012,0.923,-0.07699999999999996,28.911
POL,2013,0.924,-0.07599999999999996,28.957
POL,2014,0.93,-0.06999999999999995,29.099
POL,2015,0.931,-0.06899999999999995,29.196
POL,2016,0.895,-0.10499999999999998,29.303
POL,2017,0.859,-0.14100000000000001,29.436
POL,2018,0.857,-0.14300000000000002,29.506
POL,2019,0.861,-0.139,29.638
POL,2020,0.835,-0.16500000000000004,29.745
POL,2021,0.833,-0.16700000000000004,29.842
POL,2022,0.836,-0.16400000000000003,29.897
POL,2023,0.851,-0.14900000000000002,29.889
PRT,1950,0.186,-0.8140000000000001,30.22
PRT,1951,0.186,-0.8140000000000001,30.274
PRT,1952,0.186,-0.8140000000000001,30.243
PRT,1953,0.186,-0.8140000000000001,30.152
PRT,1954,0.186,-0.8140000000000001,30.127
PRT,1955,0.186,-0.8140000000000001,30.236
PRT,1956,0.186,-0.8140000000000001,30.102
PRT,1957,0.186,-0.8140000000000001,29.89
PRT,1958,0.186,-0.8140000000000001,29.833
PRT,1959,0.186,-0.8140000000000001,29.714
PRT,1960,0.186,-0.8140000000000001,29.672
PRT,1961,0.188,-0.812,29.682
PRT,1962,0.188,-0.812,29.621
PRT,1963,0.188,-0.812,29.656
PRT,1964,0.188,-0.812,29.6
PRT,1965,0.191,-0.8089999999999999,29.529
PRT,1966,0.191,-0.8089999999999999,29.463
PRT,1967,0.204,-0.796,29.355
PRT,1968,0.201,-0.7989999999999999,29.282
PRT,1969,0.221,-0.779,29.209
PRT,1970,0.221,-0.779,29.098
PRT,1971,0.221,-0.779,29.091
PRT,1972,0.221,-0.779,29.028
PRT,1973,0.245,-0.755,29.014
PRT,1974,0.664,-0.33599999999999997,28.796
PRT,1975,0.763,-0.237,28.321
PRT,1976,0.793,-0.20699999999999996,27.682
PRT,1977,0.848,-0.15200000000000002,27.465
PRT,1978,0.848,-0.15200000000000002,27.369
PRT,1979,0.856,-0.14400000000000002,27.306
PRT,1980,0.834,-0.16600000000000004,27.235
PRT,1981,0.834,-0.16600000000000004,27.242
PRT,1982,0.834,-0.16600000000000004,27.158
PRT,1983,0.839,-0.16100000000000003,27.108
PRT,1984,0.836,-0.16400000000000003,27.061
PRT,1985,0.833,-0.16700000000000004,27.123
PRT,1986,0.835,-0.16500000000000004,27.108
PRT,1987,0.84,-0.16000000000000003,27.188
PRT,1988,0.84,-0.16000000000000003,27.197
PRT,1989,0.84,-0.16000000000000003,27.255
PRT,1990,0.842,-0.15800000000000003,27.35
PRT,1991,0.848,-0.15200000000000002,27.483
PRT,1992,0.852,-0.14800000000000002,27.606
PRT,1993,0.856,-0.14400000000000002,27.688
PRT,1994,0.855,-0.14500000000000002,27.831
PRT,1995,0.893,-0.10699999999999998,28.005
PRT,1996,0.897,-0.10299999999999998,28.125
PRT,1997,0.897,-0.10299999999999998,28.238
PRT,1998,0.899,-0.10099999999999998,28.395
PRT,1999,0.914,-0.08599999999999997,28.494
PRT,2000,0.914,-0.08599999999999997,28.566
PRT,2001,0.913,-0.08699999999999997,28.71
PRT,2002,0.916,-0.08399999999999996,28.826
PRT,2003,0.917,-0.08299999999999996,28.993
PRT,2004,0.917,-0.08299999999999996,29.115
PRT,2005,0.916,-0.08399999999999996,29.227
PRT,2006,0.916,-0.08399999999999996,29.373
PRT,2007,0.924,-0.07599999999999996,29.445
PRT,2008,0.925,-0.07499999999999996,29.56
PRT,2009,0.925,-0.07499999999999996,29.642
PRT,2010,0.924,-0.07599999999999996,29.819
PRT,2011,0.918,-0.08199999999999996,30.052
PRT,2012,0.934,-0.06599999999999995,30.183
PRT,2013,0.914,-0.08599999999999997,30.393
PRT,2014,0.917,-0.08299999999999996,30.657
PRT,2015,0.929,-0.07099999999999995,30.884
PRT,2016,0.929,-0.07099999999999995,31.078
PRT,2017,0.923,-0.07699999999999996,31.188
PRT,2018,0.928,-0.07199999999999995,31.32
PRT,2019,0.931,-0.06899999999999995,31.414
PRT,2020,0.942,-0.05800000000000005,31.562
PRT,2021,0.929,-0.07099999999999995,31.729
PRT,2022,0.931,-0.06899999999999995,31.732
PRT,2023,0.896,-0.10399999999999998,31.727
QAT,1950,0.059,-0.9410000000000001,27.519
QAT,1951,0.059,-0.9410000000000001,27.542
QAT,1952,0.059,-0.9410000000000001,27.565
QAT,1953,0.059,-0.9410000000000001,27.587
QAT,1954,0.059,-0.9410000000000001,27.608
QAT,1955,0.059,-0.9410000000000001,27.628
QAT,1956,0.059,-0.9410000000000001,27.648
QAT,1957,0.059,-0.9410000000000001,27.668
QAT,1958,0.059,-0.9410000000000001,27.686
QAT,1959,0.059,-0.9410000000000001,27.704
QAT,1960,0.074,-0.926,27.721
QAT,1961,0.075,-0.925,27.737
QAT,1962,0.075,-0.925,27.753
QAT,1963,0.075,-0.925,27.776
QAT,1964,0.075,-0.925,27.798
QAT,1965,0.075,-0.925,27.821
QAT,1966,0.075,-0.925,27.841
QAT,1967,0.075,-0.925,27.875
QAT,1968,0.075,-0.925,27.907
QAT,1969,0.075,-0.925,27.946
QAT,1970,0.13,-0.87,27.986
QAT,2006,0.297,-0.7030000000000001,30.005
QAT,2007,0.317,-0.683,30.137
QAT,2008,0.317,-0.683,30.196
QAT,2009,0.317,-0.683,30.214
QAT,2010,0.321,-0.679,30.234
QAT,2011,0.319,-0.681,30.11
QAT,2012,0.321,-0.679,29.997
QAT,2013,0.291,-0.7090000000000001,29.994
QAT,2014,0.29,-0.71,30.149
QAT,2015,0.301,-0.6990000000000001,30.363
QAT,2016,0.298,-0.702,30.318
QAT,2017,0.348,-0.652,30.313
QAT,2018,0.351,-0.649,30.235
QAT,2019,0.348,-0.652,30.257
QAT,2020,0.339,-0.661,30.283
QAT,2021,0.283,-0.7170000000000001,30.488
QAT,2022,0.28,-0.72,30.36
QAT,2023,0.276,-0.724,30.396
ROU,1950,0.495,-0.505,27.792
ROU,1951,0.495,-0.505,27.783
ROU,1952,0.524,-0.476,27.753
ROU,1953,0.524,-0.476,27.742
ROU,1954,0.524,-0.476,27.731
ROU,1955,0.524,-0.476,27.725
ROU,1956,0.524,-0.476,27.629
ROU,1957,0.526,-0.474,27.297
ROU,1958,0.526,-0.474,26.992
ROU,1959,0.526,-0.474,26.724
ROU,1960,0.504,-0.496,26.549
ROU,1961,0.516,-0.484,26.243
ROU,1962,0.516,-0.484,26.134
ROU,1963,0.516,-0.484,26.046
ROU,1964,0.516,-0.484,26.143
ROU,1965,0.519,-0.481,26.07
ROU,1966,0.548,-0.45199999999999996,26.022
ROU,1967,0.548,-0.45199999999999996,26.751
ROU,1968,0.553,-0.44699999999999995,26.877
ROU,1969,0.553,-0.44699999999999995,26.77
ROU,1970,0.553,-0.44699999999999995,26.663
ROU,1971,0.553,-0.44699999999999995,26.517
ROU,1972,0.553,-0.44699999999999995,26.36
ROU,1973,0.553,-0.44699999999999995,26.185
ROU,1974,0.553,-0.44699999999999995,26.115
ROU,1975,0.555,-0.44499999999999995,25.993
ROU,1976,0.555,-0.44499999999999995,25.847
ROU,1977,0.555,-0.44499999999999995,25.734
ROU,1978,0.555,-0.44499999999999995,25.616
ROU,1979,0.555,-0.44499999999999995,25.65
ROU,1980,0.581,-0.41900000000000004,25.317
ROU,1981,0.581,-0.41900000000000004,25.227
ROU,1982,0.581,-0.41900000000000004,24.986
ROU,1983,0.581,-0.41900000000000004,24.88
ROU,1984,0.581,-0.41900000000000004,25.085
ROU,1985,0.582,-0.41800000000000004,25.263
ROU,1986,0.582,-0.41800000000000004,25.534
ROU,1987,0.582,-0.41800000000000004,25.769
ROU,1988,0.582,-0.41800000000000004,25.765
ROU,1989,0.582,-0.41800000000000004,25.9
ROU,1990,0.759,-0.241,25.449
ROU,1991,0.763,-0.237,24.992
ROU,1992,0.763,-0.237,24.855
ROU,1993,0.773,-0.22699999999999998,24.743
ROU,1994,0.773,-0.22699999999999998,24.872
ROU,1995,0.773,-0.22699999999999998,25.015
ROU,1996,0.795,-0.20499999999999996,25.156
ROU,1997,0.799,-0.20099999999999996,25.267
ROU,1998,0.799,-0.20099999999999996,25.413
ROU,1999,0.799,-0.20099999999999996,25.534
ROU,2000,0.821,-0.17900000000000005,25.701
ROU,2001,0.821,-0.17900000000000005,25.863
ROU,2002,0.821,-0.17900000000000005,26.052
ROU,2003,0.821,-0.17900000000000005,26.192
ROU,2004,0.824,-0.17600000000000005,26.427
ROU,2005,0.824,-0.17600000000000005,26.636
ROU,2006,0.823,-0.17700000000000005,26.767
ROU,2007,0.833,-0.16700000000000004,26.798
ROU,2008,0.833,-0.16700000000000004,26.785
ROU,2009,0.826,-0.17400000000000004,26.842
ROU,2010,0.834,-0.16600000000000004,26.994
ROU,2011,0.834,-0.16600000000000004,27.122
ROU,2012,0.846,-0.15400000000000003,27.212
ROU,2013,0.836,-0.16400000000000003,27.375
ROU,2014,0.838,-0.16200000000000003,27.497
ROU,2015,0.837,-0.16300000000000003,27.625
ROU,2016,0.874,-0.126,27.739
ROU,2017,0.855,-0.14500000000000002,27.858
ROU,2018,0.875,-0.125,27.944
ROU,2019,0.88,-0.12,28.036
ROU,2020,0.858,-0.14200000000000002,28.12
ROU,2021,0.861,-0.139,28.145
ROU,2022,0.86,-0.14,28.143
ROU,2023,0.866,-0.134,28.141
RUS,1950,0.347,-0.653,29.194
RUS,1951,0.347,-0.653,29.206
RUS,1952,0.347,-0.653,29.27
RUS,1953,0.358,-0.642,29.249
RUS,1954,0.426,-0.5740000000000001,29.284
RUS,1955,0.43,-0.5700000000000001,29.121
RUS,1956,0.445,-0.5549999999999999,28.999
RUS,1957,0.446,-0.554,28.775
RUS,1958,0.454,-0.546,28.393
RUS,1959,0.454,-0.546,28.184
RUS,1960,0.462,-0.538,28.055
RUS,1961,0.462,-0.538,27.886
RUS,1962,0.468,-0.532,27.831
RUS,1963,0.468,-0.532,27.735
RUS,1964,0.468,-0.532,27.648
RUS,1965,0.48,-0.52,27.561
RUS,1966,0.485,-0.515,27.473
RUS,1967,0.491,-0.509,27.336
RUS,1968,0.487,-0.513,27.266
RUS,1969,0.478,-0.522,27.08
RUS,1970,0.482,-0.518,26.906
RUS,1971,0.481,-0.519,26.799
RUS,1972,0.477,-0.523,26.719
RUS,1973,0.481,-0.519,26.625
RUS,1974,0.488,-0.512,26.462
RUS,1975,0.484,-0.516,26.323
RUS,1976,0.485,-0.515,26.202
RUS,1977,0.478,-0.522,26.115
RUS,1978,0.478,-0.522,25.955
RUS,1979,0.482,-0.518,25.766
RUS,1980,0.482,-0.518,25.625
RUS,1981,0.482,-0.518,25.692
RUS,1982,0.482,-0.518,25.806
RUS,1983,0.482,-0.518,25.895
RUS,1984,0.48,-0.52,25.8
RUS,1985,0.496,-0.504,25.791
RUS,1986,0.531,-0.469,25.986
RUS,1987,0.525,-0.475,26.031
RUS,1988,0.534,-0.46599999999999997,25.856
RUS,1989,0.497,-0.503,25.565
RUS,1990,0.512,-0.488,25.282
RUS,1991,0.499,-0.501,25.055
RUS,1992,0.688,-0.31200000000000006,24.882
RUS,1993,0.637,-0.363,24.703
RUS,1994,0.649,-0.351,24.665
RUS,1995,0.708,-0.29200000000000004,24.808
RUS,1996,0.711,-0.28900000000000003,25.038
RUS,1997,0.718,-0.28200000000000003,25.243
RUS,1998,0.718,-0.28200000000000003,25.425
RUS,1999,0.701,-0.29900000000000004,25.594
RUS,2000,0.661,-0.33899999999999997,25.765
RUS,2001,0.656,-0.344,25.938
RUS,2002,0.671,-0.32899999999999996,26.096
RUS,2003,0.673,-0.32699999999999996,26.25
RUS,2004,0.678,-0.32199999999999995,26.362
RUS,2005,0.66,-0.33999999999999997,26.492
RUS,2006,0.691,-0.30900000000000005,26.613
RUS,2007,0.688,-0.31200000000000006,26.894
RUS,2008,0.697,-0.30300000000000005,27.099
RUS,2009,0.695,-0.30500000000000005,27.289
RUS,2010,0.687,-0.31299999999999994,27.542
RUS,2011,0.688,-0.31200000000000006,27.633
RUS,2012,0.677,-0.32299999999999995,27.747
RUS,2013,0.69,-0.31000000000000005,27.885
RUS,2014,0.686,-0.31399999999999995,28.03
RUS,2015,0.686,-0.31399999999999995,28.198
RUS,2016,0.696,-0.30400000000000005,28.39
RUS,2017,0.69,-0.31000000000000005,28.511
RUS,2018,0.695,-0.30500000000000005,28.637
RUS,2019,0.69,-0.31000000000000005,28.725
RUS,2020,0.686,-0.31399999999999995,28.793
RUS,2021,0.688,-0.31200000000000006,28.884
RUS,2022,0.662,-0.33799999999999997,28.898
RUS,2023,0.572,-0.42800000000000005,28.9
RWA,1950,0.168,-0.832,30.316
RWA,1951,0.168,-0.832,30.332
RWA,1952,0.168,-0.832,30.348
RWA,1953,0.168,-0.832,30.366
RWA,1954,0.168,-0.832,30.385
RWA,1955,0.168,-0.832,30.404
RWA,1956,0.168,-0.832,30.416
RWA,1957,0.192,-0.808,30.419
RWA,1958,0.192,-0.808,30.423
RWA,1959,0.189,-0.8109999999999999,30.427
RWA,1960,0.285,-0.7150000000000001,30.432
RWA,1961,0.323,-0.677,30.439
RWA,1962,0.321,-0.679,30.478
RWA,1963,0.357,-0.643,30.518
RWA,1964,0.353,-0.647,30.558
RWA,1965,0.366,-0.634,30.594
RWA,1966,0.364,-0.636,30.642
RWA,1967,0.364,-0.636,30.68
RWA,1968,0.364,-0.636,30.723
RWA,1969,0.364,-0.636,30.766
RWA,1970,0.372,-0.628,30.812
RWA,1971,0.37,-0.63,30.869
RWA,1972,0.37,-0.63,30.936
RWA,1973,0.362,-0.638,30.978
RWA,1974,0.373,-0.627,31.042
RWA,1975,0.373,-0.627,31.107
RWA,1976,0.373,-0.627,31.151
RWA,1977,0.374,-0.626,31.225
RWA,1978,0.383,-0.617,31.287
RWA,1979,0.383,-0.617,31.233
RWA,1980,0.379,-0.621,31.256
RWA,1981,0.379,-0.621,31.3
RWA,1982,0.42,-0.5800000000000001,31.367
RWA,1983,0.462,-0.538,31.461
RWA,1984,0.465,-0.5349999999999999,31.511
RWA,1985,0.465,-0.5349999999999999,31.54
RWA,1986,0.465,-0.5349999999999999,31.548
RWA,1987,0.465,-0.5349999999999999,31.526
RWA,1988,0.491,-0.509,31.521
RWA,1989,0.49,-0.51,31.463
RWA,1990,0.516,-0.484,31.41
RWA,1991,0.528,-0.472,31.393
RWA,1992,0.534,-0.46599999999999997,31.399
RWA,1993,0.454,-0.546,31.292
RWA,1994,0.421,-0.579,31.19
RWA,1995,0.601,-0.399,31.081
RWA,1996,0.604,-0.396,31.005
RWA,1997,0.666,-0.33399999999999996,31.011
RWA,1998,0.681,-0.31899999999999995,31.015
RWA,1999,0.681,-0.31899999999999995,31.016
RWA,2000,0.789,-0.21099999999999997,31.048
RWA,2001,0.791,-0.20899999999999996,31.065
RWA,2002,0.791,-0.20899999999999996,31.088
RWA,2003,0.81,-0.18999999999999995,31.089
RWA,2004,0.813,-0.18700000000000006,31.096
RWA,2005,0.83,-0.17000000000000004,31.057
RWA,2006,0.84,-0.16000000000000003,31.02
RWA,2007,0.81,-0.18999999999999995,30.952
RWA,2008,0.81,-0.18999999999999995,30.803
RWA,2009,0.81,-0.18999999999999995,30.673
RWA,2010,0.84,-0.16000000000000003,30.519
RWA,2011,0.846,-0.15400000000000003,30.428
RWA,2012,0.849,-0.15100000000000002,30.373
RWA,2013,0.853,-0.14700000000000002,30.338
RWA,2014,0.844,-0.15600000000000003,30.402
RWA,2015,0.844,-0.15600000000000003,30.473
RWA,2016,0.828,-0.17200000000000004,30.549
RWA,2017,0.811,-0.18899999999999995,30.617
RWA,2018,0.819,-0.18100000000000005,30.667
RWA,2019,0.783,-0.21699999999999997,30.639
RWA,2020,0.775,-0.22499999999999998,30.628
RWA,2021,0.754,-0.246,30.62
RWA,2022,0.742,-0.258,30.598
RWA,2023,0.62,-0.38,30.59
STP,1950,0.25,-0.75,29.243
STP,1951,0.25,-0.75,29.243
STP,1952,0.25,-0.75,29.243
STP,1953,0.248,-0.752,29.243
STP,1954,0.252,-0.748,29.243
STP,1955,0.253,-0.747,29.243
STP,1956,0.253,-0.747,29.243
STP,1957,0.253,-0.747,29.243
STP,1958,0.253,-0.747,29.243
STP,1959,0.253,-0.747,29.243
STP,1960,0.257,-0.743,29.243
STP,1961,0.274,-0.726,29.243
STP,1962,0.274,-0.726,29.244
STP,1963,0.274,-0.726,29.244
STP,1964,0.29,-0.71,29.244
STP,1965,0.29,-0.71,29.244
STP,1966,0.29,-0.71,29.244
STP,1967,0.29,-0.71,29.244
STP,1968,0.29,-0.71,29.244
STP,1969,0.29,-0.71,29.245
STP,1970,0.29,-0.71,29.245
STP,1971,0.29,-0.71,29.245
STP,1972,0.29,-0.71,29.245
STP,1973,0.29,-0.71,29.245
STP,1974,0.29,-0.71,29.245
STP,1975,0.668,-0.33199999999999996,29.245
STP,1976,0.674,-0.32599999999999996,29.245
STP,1977,0.674,-0.32599999999999996,29.245
STP,1978,0.674,-0.32599999999999996,29.245
STP,1979,0.674,-0.32599999999999996,29.244
STP,1980,0.61,-0.39,29.244
STP,1981,0.61,-0.39,29.244
STP,1982,0.61,-0.39,29.244
STP,1983,0.61,-0.39,29.243
STP,1984,0.61,-0.39,29.243
STP,1985,0.662,-0.33799999999999997,29.242
STP,1986,0.647,-0.353,29.242
STP,1987,0.647,-0.353,29.242
STP,1988,0.647,-0.353,29.241
STP,1989,0.647,-0.353,29.241
STP,1990,0.725,-0.275,29.241
STP,1991,0.778,-0.22199999999999998,29.24
STP,1992,0.772,-0.22799999999999998,29.24
STP,1993,0.786,-0.21399999999999997,29.239
STP,1994,0.771,-0.22899999999999998,29.239
STP,1995,0.771,-0.22899999999999998,29.239
STP,1996,0.771,-0.22899999999999998,29.194
STP,1997,0.771,-0.22899999999999998,29.194
STP,1998,0.778,-0.22199999999999998,29.075
STP,1999,0.778,-0.22199999999999998,28.991
STP,2000,0.778,-0.22199999999999998,28.917
STP,2001,0.778,-0.22199999999999998,28.823
STP,2002,0.778,-0.22199999999999998,28.853
STP,2003,0.778,-0.22199999999999998,28.872
STP,2004,0.785,-0.21499999999999997,28.874
STP,2005,0.785,-0.21499999999999997,28.898
STP,2006,0.776,-0.22399999999999998,28.91
STP,2007,0.749,-0.251,28.915
STP,2008,0.776,-0.22399999999999998,28.838
STP,2009,0.776,-0.22399999999999998,28.76
STP,2010,0.814,-0.18600000000000005,28.679
STP,2011,0.819,-0.18100000000000005,28.66
STP,2012,0.819,-0.18100000000000005,28.641
STP,2013,0.809,-0.19099999999999995,28.679
STP,2014,0.809,-0.19099999999999995,28.692
STP,2015,0.809,-0.19099999999999995,28.668
STP,2016,0.809,-0.19099999999999995,28.642
STP,2017,0.847,-0.15300000000000002,28.613
STP,2018,0.836,-0.16400000000000003,28.593
STP,2019,0.836,-0.16400000000000003,28.57
STP,2020,0.857,-0.14300000000000002,28.533
STP,2021,0.858,-0.14200000000000002,28.511
STP,2022,0.84,-0.16000000000000003,28.489
STP,2023,0.837,-0.16300000000000003,28.467
SAU,2003,0.089,-0.911,30.234
SAU,2004,0.094,-0.906,29.859
SAU,2005,0.12,-0.88,29.437
SAU,2006,0.125,-0.875,29.511
SAU,2007,0.126,-0.874,29.509
SAU,2008,0.127,-0.873,29.514
SAU,2009,0.13,-0.87,29.52
SAU,2010,0.138,-0.862,29.529
SAU,2011,0.138,-0.862,29.553
SAU,2012,0.137,-0.863,29.588
SAU,2013,0.235,-0.765,29.632
SAU,2014,0.236,-0.764,29.687
SAU,2015,0.236,-0.764,29.747
SAU,2016,0.239,-0.761,29.811
SAU,2017,0.236,-0.764,29.873
SAU,2018,0.259,-0.741,29.937
SAU,2019,0.283,-0.7170000000000001,29.999
SAU,2020,0.272,-0.728,30.078
SAU,2021,0.347,-0.653,30.166
SAU,2022,0.346,-0.654,30.165
SAU,2023,0.359,-0.641,30.14
SEN,1950,0.26,-0.74,28.167
SEN,1951,0.26,-0.74,28.188
SEN,1952,0.26,-0.74,28.206
SEN,1953,0.26,-0.74,28.226
SEN,1954,0.26,-0.74,28.253
SEN,1955,0.26,-0.74,28.282
SEN,1956,0.26,-0.74,28.311
SEN,1957,0.26,-0.74,28.451
SEN,1958,0.26,-0.74,28.508
SEN,1959,0.366,-0.634,28.519
SEN,1960,0.55,-0.44999999999999996,28.592
SEN,1961,0.575,-0.42500000000000004,28.691
SEN,1962,0.575,-0.42500000000000004,28.796
SEN,1963,0.584,-0.41600000000000004,28.969
SEN,1964,0.584,-0.41600000000000004,29.116
SEN,1965,0.584,-0.41600000000000004,29.176
SEN,1966,0.584,-0.41600000000000004,29.232
SEN,1967,0.584,-0.41600000000000004,29.316
SEN,1968,0.584,-0.41600000000000004,29.424
SEN,1969,0.63,-0.37,29.464
SEN,1970,0.633,-0.367,29.479
SEN,1971,0.633,-0.367,29.484
SEN,1972,0.633,-0.367,29.497
SEN,1973,0.65,-0.35,29.555
SEN,1974,0.65,-0.35,29.59
SEN,1975,0.65,-0.35,29.556
SEN,1976,0.664,-0.33599999999999997,29.504
SEN,1977,0.664,-0.33599999999999997,29.529
SEN,1978,0.682,-0.31799999999999995,29.589
SEN,1979,0.682,-0.31799999999999995,29.713
SEN,1980,0.72,-0.28,29.762
SEN,1981,0.727,-0.273,29.79
SEN,1982,0.727,-0.273,29.87
SEN,1983,0.749,-0.251,29.884
SEN,1984,0.749,-0.251,29.932
SEN,1985,0.749,-0.251,29.989
SEN,1986,0.749,-0.251,30.159
SEN,1987,0.749,-0.251,30.22
SEN,1988,0.756,-0.244,30.176
SEN,1989,0.756,-0.244,30.22
SEN,1990,0.746,-0.254,30.238
SEN,1991,0.746,-0.254,30.284
SEN,1992,0.746,-0.254,30.349
SEN,1993,0.742,-0.258,30.365
SEN,1994,0.742,-0.258,30.346
SEN,1995,0.742,-0.258,30.362
SEN,1996,0.753,-0.247,30.374
SEN,1997,0.753,-0.247,30.283
SEN,1998,0.755,-0.245,30.246
SEN,1999,0.755,-0.245,30.22
SEN,2000,0.731,-0.269,30.257
SEN,2001,0.731,-0.269,30.279
SEN,2002,0.788,-0.21199999999999997,30.177
SEN,2003,0.784,-0.21599999999999997,30.082
SEN,2004,0.784,-0.21599999999999997,30.092
SEN,2005,0.789,-0.21099999999999997,30.129
SEN,2006,0.788,-0.21199999999999997,30.106
SEN,2007,0.796,-0.20399999999999996,30.114
SEN,2008,0.796,-0.20399999999999996,30.103
SEN,2009,0.796,-0.20399999999999996,30.126
SEN,2010,0.809,-0.19099999999999995,30.269
SEN,2011,0.809,-0.19099999999999995,30.311
SEN,2012,0.823,-0.17700000000000005,30.324
SEN,2013,0.825,-0.17500000000000004,30.342
SEN,2014,0.825,-0.17500000000000004,30.343
SEN,2015,0.825,-0.17500000000000004,30.329
SEN,2016,0.831,-0.16900000000000004,30.283
SEN,2017,0.849,-0.15100000000000002,30.233
SEN,2018,0.829,-0.17100000000000004,30.147
SEN,2019,0.817,-0.18300000000000005,30.074
SEN,2020,0.809,-0.19099999999999995,30.034
SEN,2021,0.816,-0.18400000000000005,29.988
SEN,2022,0.867,-0.133,29.953
SEN,2023,0.856,-0.14400000000000002,29.92
SRB,1950,0.458,-0.542,28.007
SRB,1951,0.458,-0.542,27.867
SRB,1952,0.478,-0.522,27.894
SRB,1953,0.497,-0.503,27.805
SRB,1954,0.503,-0.497,27.595
SRB,1955,0.509,-0.491,27.444
SRB,1956,0.509,-0.491,27.309
SRB,1957,0.509,-0.491,27.016
SRB,1958,0.516,-0.484,26.973
SRB,1959,0.516,-0.484,26.789
SRB,1960,0.516,-0.484,26.71
SRB,1961,0.516,-0.484,26.515
SRB,1962,0.516,-0.484,26.37
SRB,1963,0.595,-0.405,26.291
SRB,1964,0.595,-0.405,26.205
SRB,1965,0.581,-0.41900000000000004,26.042
SRB,1966,0.581,-0.41900000000000004,25.962
SRB,1967,0.554,-0.44599999999999995,25.97
SRB,1968,0.565,-0.43500000000000005,25.929
SRB,1969,0.591,-0.40900000000000003,25.925
SRB,1970,0.591,-0.40900000000000003,25.931
SRB,1971,0.591,-0.40900000000000003,25.968
SRB,1972,0.591,-0.40900000000000003,25.968
SRB,1973,0.591,-0.40900000000000003,26.02
SRB,1974,0.625,-0.375,26.083
SRB,1975,0.625,-0.375,26.052
SRB,1976,0.625,-0.375,26.107
SRB,1977,0.625,-0.375,26.108
SRB,1978,0.63,-0.37,26.072
SRB,1979,0.63,-0.37,26.048
SRB,1980,0.63,-0.37,26.118
SRB,1981,0.642,-0.358,26.106
SRB,1982,0.667,-0.33299999999999996,26.101
SRB,1983,0.667,-0.33299999999999996,26.125
SRB,1984,0.667,-0.33299999999999996,26.156
SRB,1985,0.667,-0.33299999999999996,26.107
SRB,1986,0.653,-0.347,26.106
SRB,1987,0.652,-0.348,26.131
SRB,1988,0.66,-0.33999999999999997,26.076
SRB,1989,0.66,-0.33999999999999997,26.105
SRB,1990,0.702,-0.29800000000000004,26.158
SRB,1991,0.631,-0.369,26.266
SRB,1992,0.65,-0.35,26.313
SRB,1993,0.668,-0.33199999999999996,26.387
SRB,1994,0.668,-0.33199999999999996,26.503
SRB,1995,0.668,-0.33199999999999996,26.634
SRB,1996,0.682,-0.31799999999999995,26.76
SRB,1997,0.682,-0.31799999999999995,26.803
SRB,1998,0.682,-0.31799999999999995,26.617
SRB,1999,0.682,-0.31799999999999995,26.641
SRB,2000,0.762,-0.238,26.766
SRB,2001,0.777,-0.22299999999999998,26.891
SRB,2002,0.777,-0.22299999999999998,27.057
SRB,2003,0.782,-0.21799999999999997,27.186
SRB,2004,0.782,-0.21799999999999997,27.31
SRB,2005,0.782,-0.21799999999999997,27.391
SRB,2006,0.782,-0.21799999999999997,27.489
SRB,2007,0.842,-0.15800000000000003,27.581
SRB,2008,0.843,-0.15700000000000003,27.769
SRB,2009,0.843,-0.15700000000000003,28.006
SRB,2010,0.844,-0.15600000000000003,28.177
SRB,2011,0.844,-0.15600000000000003,28.345
SRB,2012,0.868,-0.132,28.489
SRB,2013,0.847,-0.15300000000000002,28.652
SRB,2014,0.848,-0.15200000000000002,28.768
SRB,2015,0.849,-0.15100000000000002,28.964
SRB,2016,0.851,-0.14900000000000002,29.078
SRB,2017,0.827,-0.17300000000000004,29.213
SRB,2018,0.844,-0.15600000000000003,29.341
SRB,2019,0.874,-0.126,29.442
SRB,2020,0.873,-0.127,29.499
SRB,2021,0.878,-0.122,29.492
SRB,2022,0.88,-0.12,29.503
SRB,2023,0.885,-0.11499999999999999,29.505
SYC,1950,0.411,-0.589,29.489
SYC,1951,0.411,-0.589,29.483
SYC,1952,0.411,-0.589,29.476
SYC,1953,0.411,-0.589,29.47
SYC,1954,0.411,-0.589,29.463
SYC,1955,0.411,-0.589,29.456
SYC,1956,0.411,-0.589,29.448
SYC,1957,0.411,-0.589,29.441
SYC,1958,0.411,-0.589,29.433
SYC,1959,0.411,-0.589,29.425
SYC,1960,0.411,-0.589,29.416
SYC,1961,0.412,-0.5880000000000001,29.369
SYC,1962,0.412,-0.5880000000000001,29.322
SYC,1963,0.412,-0.5880000000000001,29.275
SYC,1964,0.432,-0.5680000000000001,29.229
SYC,1965,0.446,-0.554,29.183
SYC,1966,0.446,-0.554,29.173
SYC,1974,0.488,-0.512,28.379
SYC,1975,0.49,-0.51,28.25
SYC,1976,0.57,-0.43000000000000005,27.992
SYC,1977,0.497,-0.503,27.827
SYC,1978,0.524,-0.476,27.767
SYC,1979,0.683,-0.31699999999999995,27.636
SYC,1980,0.69,-0.31000000000000005,27.724
SYC,1981,0.69,-0.31000000000000005,27.782
SYC,1982,0.69,-0.31000000000000005,27.704
SYC,1983,0.664,-0.33599999999999997,27.727
SYC,1984,0.666,-0.33399999999999996,27.697
SYC,1985,0.666,-0.33399999999999996,27.534
SYC,1986,0.671,-0.32899999999999996,27.534
SYC,1987,0.636,-0.364,27.501
SYC,1988,0.636,-0.364,27.459
SYC,1989,0.685,-0.31499999999999995,27.414
SYC,1990,0.693,-0.30700000000000005,27.388
SYC,1991,0.7,-0.30000000000000004,27.351
SYC,1992,0.736,-0.264,27.286
SYC,1993,0.792,-0.20799999999999996,27.159
SYC,1994,0.793,-0.20699999999999996,27.144
SYC,1995,0.793,-0.20699999999999996,27.077
SYC,1996,0.793,-0.20699999999999996,27.084
SYC,1997,0.793,-0.20699999999999996,27.176
SYC,1998,0.784,-0.21599999999999997,27.118
SYC,1999,0.784,-0.21599999999999997,27.054
SYC,2000,0.8,-0.19999999999999996,27.115
SYC,2001,0.8,-0.19999999999999996,27.125
SYC,2002,0.813,-0.18700000000000006,27.201
SYC,2003,0.813,-0.18700000000000006,27.19
SYC,2004,0.813,-0.18700000000000006,27.29
SYC,2005,0.813,-0.18700000000000006,27.304
SYC,2006,0.812,-0.18799999999999994,27.367
SYC,2007,0.801,-0.19899999999999995,27.373
SYC,2008,0.796,-0.20399999999999996,27.33
SYC,2009,0.796,-0.20399999999999996,27.225
SYC,2010,0.796,-0.20399999999999996,27.278
SYC,2011,0.822,-0.17800000000000005,27.243
SYC,2012,0.82,-0.18000000000000005,27.284
SYC,2013,0.856,-0.14400000000000002,27.417
SYC,2014,0.865,-0.135,27.542
SYC,2015,0.87,-0.13,27.601
SYC,2016,0.852,-0.14800000000000002,27.608
SYC,2017,0.839,-0.16100000000000003,27.544
SYC,2018,0.849,-0.15100000000000002,27.543
SYC,2019,0.844,-0.15600000000000003,27.549
SYC,2020,0.848,-0.15200000000000002,27.557
SYC,2021,0.877,-0.123,27.555
SYC,2022,0.897,-0.10299999999999998,27.566
SYC,2023,0.901,-0.09899999999999998,27.579
SLE,1967,0.26,-0.74,28.238
SLE,1968,0.25,-0.75,28.234
SLE,1969,0.253,-0.747,28.229
SLE,1970,0.25,-0.75,28.22
SLE,1971,0.266,-0.734,28.245
SLE,1973,0.251,-0.749,28.303
SLE,1974,0.251,-0.749,28.338
SLE,1975,0.251,-0.749,28.41
SLE,1976,0.251,-0.749,28.488
SLE,1977,0.245,-0.755,28.563
SLE,1978,0.245,-0.755,28.633
SLE,1979,0.24,-0.76,28.699
SLE,1980,0.243,-0.757,28.718
SLE,1981,0.243,-0.757,28.74
SLE,1982,0.248,-0.752,28.808
SLE,1983,0.249,-0.751,28.891
SLE,1984,0.249,-0.751,28.972
SLE,1985,0.249,-0.751,29.05
SLE,1986,0.266,-0.734,29.107
SLE,1987,0.266,-0.734,29.189
SLE,1988,0.266,-0.734,29.259
SLE,1989,0.266,-0.734,29.372
SLE,1990,0.263,-0.737,29.416
SLE,1991,0.302,-0.698,29.387
SLE,1992,0.309,-0.6910000000000001,29.427
SLE,1993,0.309,-0.6910000000000001,29.446
SLE,1994,0.309,-0.6910000000000001,29.493
SLE,1995,0.316,-0.6839999999999999,29.683
SLE,1996,0.376,-0.624,29.695
SLE,1997,0.401,-0.599,29.765
SLE,1998,0.401,-0.599,29.742
SLE,1999,0.4,-0.6,29.624
SLE,2000,0.413,-0.587,29.504
SLE,2001,0.413,-0.587,29.542
SLE,2002,0.601,-0.399,29.493
SLE,2003,0.679,-0.32099999999999995,29.446
SLE,2004,0.69,-0.31000000000000005,29.49
SLE,2005,0.69,-0.31000000000000005,29.398
SLE,2006,0.691,-0.30900000000000005,29.293
SLE,2007,0.7,-0.30000000000000004,29.33
SLE,2008,0.701,-0.29900000000000004,29.298
SLE,2009,0.701,-0.29900000000000004,29.255
SLE,2010,0.73,-0.27,29.25
SLE,2011,0.73,-0.27,29.135
SLE,2012,0.728,-0.272,29.001
SLE,2013,0.775,-0.22499999999999998,28.928
SLE,2014,0.775,-0.22499999999999998,28.835
SLE,2015,0.775,-0.22499999999999998,28.827
SLE,2016,0.775,-0.22499999999999998,28.855
SLE,2017,0.749,-0.251,28.864
SLE,2018,0.773,-0.22699999999999998,28.825
SLE,2019,0.766,-0.23399999999999999,28.772
SLE,2020,0.776,-0.22399999999999998,28.71
SLE,2021,0.794,-0.20599999999999996,28.658
SLE,2022,0.777,-0.22299999999999998,28.608
SLE,2023,0.814,-0.18600000000000005,28.573
SGP,1950,0.261,-0.739,29.282
SGP,1951,0.261,-0.739,29.29
SGP,1952,0.261,-0.739,29.298
SGP,1953,0.261,-0.739,29.305
SGP,1954,0.261,-0.739,29.313
SGP,1955,0.261,-0.739,29.321
SGP,1956,0.261,-0.739,29.329
SGP,1957,0.261,-0.739,29.33
SGP,1958,0.368,-0.632,29.301
SGP,1959,0.424,-0.5760000000000001,29.327
SGP,1960,0.424,-0.5760000000000001,29.416
SGP,1961,0.424,-0.5760000000000001,29.4
SGP,1962,0.424,-0.5760000000000001,29.409
SGP,1965,0.599,-0.401,29.514
SGP,1966,0.599,-0.401,29.334
SGP,1967,0.599,-0.401,28.99
SGP,1968,0.573,-0.42700000000000005,28.941
SGP,1969,0.573,-0.42700000000000005,28.854
SGP,1970,0.573,-0.42700000000000005,28.926
SGP,1971,0.573,-0.42700000000000005,28.772
SGP,1972,0.563,-0.43700000000000006,28.713
SGP,1973,0.563,-0.43700000000000006,28.541
SGP,1974,0.563,-0.43700000000000006,28.228
SGP,1975,0.563,-0.43700000000000006,28.198
SGP,1976,0.554,-0.44599999999999995,28.125
SGP,1977,0.554,-0.44599999999999995,28.133
SGP,1978,0.554,-0.44599999999999995,28.156
SGP,1979,0.554,-0.44599999999999995,28.206
SGP,1980,0.573,-0.42700000000000005,28.213
SGP,1981,0.573,-0.42700000000000005,28.242
SGP,1982,0.573,-0.42700000000000005,28.332
SGP,1983,0.573,-0.42700000000000005,28.432
SGP,1984,0.596,-0.404,28.585
SGP,1985,0.596,-0.404,28.656
SGP,1986,0.596,-0.404,28.798
SGP,1987,0.596,-0.404,29.067
SGP,1988,0.603,-0.397,29.319
SGP,1989,0.603,-0.397,29.466
SGP,1990,0.641,-0.359,29.492
SGP,1991,0.633,-0.367,29.524
SGP,1992,0.633,-0.367,29.6
SGP,1993,0.633,-0.367,29.659
SGP,1994,0.633,-0.367,29.733
SGP,1995,0.633,-0.367,29.741
SGP,1996,0.633,-0.367,29.843
SGP,1997,0.637,-0.363,29.901
SGP,1998,0.637,-0.363,29.919
SGP,1999,0.637,-0.363,29.917
SGP,2000,0.727,-0.273,29.924
SGP,2001,0.782,-0.21799999999999997,30.055
SGP,2002,0.782,-0.21799999999999997,30.048
SGP,2003,0.782,-0.21799999999999997,30.16
SGP,2004,0.782,-0.21799999999999997,30.178
SGP,2005,0.782,-0.21799999999999997,30.21
SGP,2006,0.798,-0.20199999999999996,30.352
SGP,2007,0.805,-0.19499999999999995,30.465
SGP,2008,0.805,-0.19499999999999995,30.558
SGP,2009,0.805,-0.19499999999999995,30.754
SGP,2010,0.798,-0.20199999999999996,30.929
SGP,2011,0.792,-0.20799999999999996,30.965
SGP,2012,0.792,-0.20799999999999996,31.096
SGP,2013,0.792,-0.20799999999999996,31.259
SGP,2014,0.802,-0.19799999999999995,31.378
SGP,2015,0.796,-0.20399999999999996,31.574
SGP,2016,0.796,-0.20399999999999996,31.663
SGP,2017,0.792,-0.20799999999999996,31.819
SGP,2018,0.803,-0.19699999999999995,31.846
SGP,2019,0.797,-0.20299999999999996,32.014
SGP,2020,0.813,-0.18700000000000006,32.103
SGP,2021,0.801,-0.19899999999999995,32.28
SGP,2022,0.8,-0.19999999999999996,32.288
SGP,2023,0.78,-0.21999999999999997,32.291
SVK,1950,0.458,-0.542,28.21
SVK,1951,0.458,-0.542,28.112
SVK,1952,0.458,-0.542,28.043
SVK,1953,0.458,-0.542,28.028
SVK,1954,0.468,-0.532,27.951
SVK,1955,0.472,-0.528,27.894
SVK,1956,0.483,-0.517,27.7
SVK,1957,0.483,-0.517,27.552
SVK,1958,0.483,-0.517,27.333
SVK,1959,0.483,-0.517,27.042
SVK,1960,0.538,-0.46199999999999997,26.972
SVK,1961,0.551,-0.44899999999999995,26.867
SVK,1962,0.56,-0.43999999999999995,26.77
SVK,1963,0.56,-0.43999999999999995,26.809
SVK,1964,0.557,-0.44299999999999995,26.822
SVK,1965,0.557,-0.44299999999999995,26.767
SVK,1966,0.557,-0.44299999999999995,26.631
SVK,1967,0.555,-0.44499999999999995,26.505
SVK,1968,0.571,-0.42900000000000005,26.375
SVK,1969,0.562,-0.43799999999999994,26.295
SVK,1970,0.553,-0.44699999999999995,26.247
SVK,1971,0.577,-0.42300000000000004,26.263
SVK,1972,0.577,-0.42300000000000004,26.218
SVK,1973,0.577,-0.42300000000000004,26.19
SVK,1974,0.577,-0.42300000000000004,26.065
SVK,1975,0.577,-0.42300000000000004,25.932
SVK,1976,0.588,-0.41200000000000003,25.858
SVK,1977,0.588,-0.41200000000000003,25.73
SVK,1978,0.588,-0.41200000000000003,25.627
SVK,1979,0.588,-0.41200000000000003,25.51
SVK,1980,0.588,-0.41200000000000003,25.387
SVK,1981,0.584,-0.41600000000000004,25.406
SVK,1982,0.584,-0.41600000000000004,25.303
SVK,1983,0.584,-0.41600000000000004,25.257
SVK,1984,0.584,-0.41600000000000004,25.182
SVK,1985,0.584,-0.41600000000000004,25.136
SVK,1986,0.588,-0.41200000000000003,25.135
SVK,1987,0.591,-0.40900000000000003,25.105
SVK,1988,0.591,-0.40900000000000003,25.132
SVK,1989,0.602,-0.398,25.13
SVK,1990,0.863,-0.137,25.136
SVK,1991,0.863,-0.137,25.063
SVK,1992,0.863,-0.137,25.159
SVK,1993,0.871,-0.129,25.28
SVK,1994,0.851,-0.14900000000000002,25.446
SVK,1995,0.851,-0.14900000000000002,25.627
SVK,1996,0.851,-0.14900000000000002,25.814
SVK,1997,0.851,-0.14900000000000002,26.009
SVK,1998,0.848,-0.15200000000000002,26.188
SVK,1999,0.856,-0.14400000000000002,26.378
SVK,2000,0.856,-0.14400000000000002,26.586
SVK,2001,0.856,-0.14400000000000002,26.811
SVK,2002,0.875,-0.125,27.007
SVK,2003,0.875,-0.125,27.233
SVK,2004,0.872,-0.128,27.428
SVK,2005,0.872,-0.128,27.684
SVK,2006,0.883,-0.11699999999999999,27.896
SVK,2007,0.878,-0.122,28.112
SVK,2008,0.88,-0.12,28.272
SVK,2009,0.88,-0.12,28.477
SVK,2010,0.866,-0.134,28.639
SVK,2011,0.867,-0.133,28.806
SVK,2012,0.874,-0.126,28.823
SVK,2013,0.877,-0.123,28.868
SVK,2014,0.877,-0.123,28.914
SVK,2015,0.878,-0.122,28.843
SVK,2016,0.882,-0.118,28.798
SVK,2017,0.873,-0.127,28.783
SVK,2018,0.874,-0.126,28.808
SVK,2019,0.883,-0.11699999999999999,28.833
SVK,2020,0.878,-0.122,28.869
SVK,2021,0.882,-0.118,28.906
SVK,2022,0.884,-0.11599999999999999,28.925
SVK,2023,0.898,-0.10199999999999998,28.923
SVN,1950,0.458,-0.542,29.743
SVN,1951,0.458,-0.542,29.606
SVN,1952,0.478,-0.522,29.616
SVN,1953,0.497,-0.503,29.404
SVN,1954,0.503,-0.497,29.191
SVN,1955,0.509,-0.491,29.042
SVN,1956,0.509,-0.491,28.804
SVN,1957,0.509,-0.491,28.582
SVN,1958,0.516,-0.484,28.404
SVN,1959,0.516,-0.484,28.151
SVN,1960,0.516,-0.484,28.0
SVN,1961,0.516,-0.484,27.813
SVN,1962,0.516,-0.484,27.55
SVN,1963,0.595,-0.405,27.462
SVN,1964,0.595,-0.405,27.374
SVN,1965,0.581,-0.41900000000000004,27.18
SVN,1966,0.581,-0.41900000000000004,27.159
SVN,1967,0.554,-0.44599999999999995,27.08
SVN,1968,0.565,-0.43500000000000005,26.903
SVN,1969,0.591,-0.40900000000000003,26.848
SVN,1970,0.591,-0.40900000000000003,26.697
SVN,1971,0.591,-0.40900000000000003,26.516
SVN,1972,0.591,-0.40900000000000003,26.329
SVN,1973,0.591,-0.40900000000000003,26.221
SVN,1974,0.625,-0.375,26.02
SVN,1975,0.625,-0.375,25.824
SVN,1976,0.625,-0.375,25.7
SVN,1977,0.625,-0.375,25.62
SVN,1978,0.63,-0.37,25.537
SVN,1979,0.63,-0.37,25.456
SVN,1980,0.63,-0.37,25.389
SVN,1981,0.642,-0.358,25.497
SVN,1982,0.667,-0.33299999999999996,25.506
SVN,1983,0.667,-0.33299999999999996,25.416
SVN,1984,0.667,-0.33299999999999996,25.37
SVN,1985,0.667,-0.33299999999999996,25.439
SVN,1986,0.653,-0.347,25.507
SVN,1987,0.652,-0.348,25.551
SVN,1988,0.66,-0.33999999999999997,25.655
SVN,1989,0.722,-0.278,25.776
SVN,1990,0.731,-0.269,25.911
SVN,1991,0.785,-0.21499999999999997,26.111
SVN,1992,0.854,-0.14600000000000002,26.232
SVN,1993,0.862,-0.138,26.55
SVN,1994,0.864,-0.136,26.783
SVN,1995,0.865,-0.135,27.051
SVN,1996,0.842,-0.15800000000000003,27.296
SVN,1997,0.847,-0.15300000000000002,27.54
SVN,1998,0.847,-0.15300000000000002,27.793
SVN,1999,0.847,-0.15300000000000002,27.974
SVN,2000,0.867,-0.133,28.187
SVN,2001,0.863,-0.137,28.465
SVN,2002,0.86,-0.14,28.756
SVN,2003,0.861,-0.139,28.934
SVN,2004,0.869,-0.131,29.159
SVN,2005,0.865,-0.135,29.34
SVN,2006,0.863,-0.137,29.576
SVN,2007,0.866,-0.134,29.731
SVN,2008,0.868,-0.132,29.869
SVN,2009,0.892,-0.10799999999999998,29.929
SVN,2010,0.898,-0.10199999999999998,30.022
SVN,2011,0.925,-0.07499999999999996,30.077
SVN,2012,0.932,-0.06799999999999995,30.066
SVN,2013,0.938,-0.062000000000000055,30.075
SVN,2014,0.943,-0.05700000000000005,30.154
SVN,2015,0.936,-0.06399999999999995,30.206
SVN,2016,0.934,-0.06599999999999995,30.281
SVN,2017,0.935,-0.06499999999999995,30.293
SVN,2018,0.928,-0.07199999999999995,30.338
SVN,2019,0.932,-0.06799999999999995,30.418
SVN,2020,0.913,-0.08699999999999997,30.399
SVN,2021,0.914,-0.08599999999999997,30.438
SVN,2022,0.942,-0.05800000000000005,30.441
SVN,2023,0.935,-0.06499999999999995,30.442
SLB,1950,0.241,-0.759,29.748
SLB,1951,0.284,-0.716,29.751
SLB,1952,0.284,-0.716,29.754
SLB,1953,0.284,-0.716,29.757
SLB,1954,0.286,-0.714,29.761
SLB,1955,0.286,-0.714,29.764
SLB,1956,0.286,-0.714,29.768
SLB,1957,0.286,-0.714,29.772
SLB,1958,0.286,-0.714,29.764
SLB,1959,0.286,-0.714,29.756
SLB,1960,0.306,-0.694,29.748
SLB,1961,0.306,-0.694,29.741
SLB,1962,0.306,-0.694,29.733
SLB,1963,0.306,-0.694,29.718
SLB,1964,0.306,-0.694,29.715
SLB,1965,0.306,-0.694,29.713
SLB,1966,0.306,-0.694,29.71
SLB,1967,0.306,-0.694,29.708
SLB,1968,0.306,-0.694,29.699
SLB,1969,0.306,-0.694,29.696
SLB,1970,0.314,-0.6859999999999999,29.693
SLB,1971,0.314,-0.6859999999999999,29.69
SLB,1972,0.314,-0.6859999999999999,29.687
SLB,1973,0.314,-0.6859999999999999,29.685
SLB,1974,0.314,-0.6859999999999999,29.685
SLB,1975,0.314,-0.6859999999999999,29.689
SLB,1976,0.314,-0.6859999999999999,29.689
SLB,1977,0.314,-0.6859999999999999,29.688
SLB,1978,0.326,-0.6739999999999999,29.687
SLB,1979,0.399,-0.601,29.685
SLB,1980,0.361,-0.639,29.688
SLB,1981,0.361,-0.639,29.691
SLB,1982,0.361,-0.639,29.695
SLB,1983,0.361,-0.639,29.694
SLB,1984,0.361,-0.639,29.697
SLB,1985,0.361,-0.639,29.707
SLB,1986,0.361,-0.639,29.719
SLB,1987,0.361,-0.639,29.736
SLB,1988,0.361,-0.639,29.744
SLB,1989,0.361,-0.639,29.748
SLB,1990,0.361,-0.639,29.721
SLB,1991,0.361,-0.639,29.688
SLB,1992,0.361,-0.639,29.656
SLB,1993,0.373,-0.627,29.62
SLB,1994,0.373,-0.627,29.584
SLB,1995,0.373,-0.627,29.528
SLB,1996,0.373,-0.627,29.466
SLB,1997,0.372,-0.628,29.4
SLB,1998,0.372,-0.628,29.33
SLB,1999,0.36,-0.64,29.264
SLB,2000,0.348,-0.652,29.261
SLB,2001,0.356,-0.644,29.258
SLB,2002,0.366,-0.634,29.266
SLB,2003,0.366,-0.634,29.274
SLB,2004,0.366,-0.634,29.269
SLB,2005,0.452,-0.548,29.295
SLB,2006,0.452,-0.548,29.301
SLB,2007,0.452,-0.548,29.297
SLB,2008,0.452,-0.548,29.311
SLB,2009,0.455,-0.5449999999999999,29.328
SLB,2010,0.444,-0.556,29.328
SLB,2011,0.444,-0.556,29.316
SLB,2012,0.456,-0.544,29.316
SLB,2013,0.444,-0.556,29.317
SLB,2014,0.456,-0.544,29.347
SLB,2015,0.455,-0.5449999999999999,29.349
SLB,2016,0.459,-0.5409999999999999,29.337
SLB,2017,0.48,-0.52,29.312
SLB,2018,0.482,-0.518,29.292
SLB,2019,0.53,-0.47,29.282
SLB,2020,0.608,-0.392,29.256
SLB,2021,0.616,-0.384,29.23
SLB,2022,0.668,-0.33199999999999996,29.193
SLB,2023,0.678,-0.32199999999999995,29.166
SOM,1950,0.098,-0.902,31.272
SOM,1951,0.098,-0.902,31.261
SOM,1952,0.098,-0.902,31.251
SOM,1953,0.098,-0.902,31.24
SOM,1954,0.098,-0.902,31.23
SOM,1955,0.097,-0.903,31.221
SOM,1956,0.097,-0.903,31.213
SOM,1957,0.097,-0.903,31.205
SOM,1958,0.097,-0.903,31.197
SOM,1959,0.097,-0.903,31.189
SOM,1960,0.145,-0.855,31.183
SOM,1961,0.173,-0.827,31.176
SOM,1962,0.174,-0.8260000000000001,31.171
SOM,1963,0.174,-0.8260000000000001,31.166
SOM,1964,0.174,-0.8260000000000001,31.162
SOM,1965,0.174,-0.8260000000000001,31.158
SOM,1966,0.174,-0.8260000000000001,31.155
SOM,1967,0.174,-0.8260000000000001,31.151
SOM,1968,0.174,-0.8260000000000001,31.148
SOM,1969,0.179,-0.821,31.144
SOM,1970,0.161,-0.839,31.141
SOM,1971,0.161,-0.839,31.138
SOM,1972,0.161,-0.839,31.136
SOM,1973,0.161,-0.839,31.133
SOM,1974,0.161,-0.839,31.131
SOM,1975,0.161,-0.839,31.123
SOM,1976,0.161,-0.839,31.115
SOM,1977,0.161,-0.839,31.107
SOM,1978,0.161,-0.839,31.099
SOM,1979,0.161,-0.839,31.071
SOM,1980,0.214,-0.786,31.033
SOM,1981,0.214,-0.786,30.994
SOM,1982,0.214,-0.786,30.943
SOM,1983,0.214,-0.786,30.89
SOM,1984,0.18,-0.8200000000000001,30.835
SOM,1985,0.18,-0.8200000000000001,30.756
SOM,1986,0.18,-0.8200000000000001,30.675
SOM,1987,0.18,-0.8200000000000001,30.593
SOM,1988,0.18,-0.8200000000000001,30.569
SOM,1989,0.18,-0.8200000000000001,30.547
SOM,1990,0.161,-0.839,30.553
SOM,1991,0.139,-0.861,30.582
SOM,1992,0.107,-0.893,30.588
SOM,1993,0.107,-0.893,30.595
SOM,1994,0.107,-0.893,30.592
SOM,1995,0.107,-0.893,30.591
SOM,1996,0.107,-0.893,30.591
SOM,1997,0.107,-0.893,30.506
SOM,1998,0.107,-0.893,30.438
SOM,1999,0.107,-0.893,30.369
SOM,2000,0.108,-0.892,30.323
SOM,2001,0.108,-0.892,30.269
SOM,2002,0.108,-0.892,30.204
SOM,2003,0.108,-0.892,30.16
SOM,2004,0.108,-0.892,30.107
SOM,2005,0.135,-0.865,30.064
SOM,2006,0.135,-0.865,30.028
SOM,2007,0.135,-0.865,29.969
SOM,2008,0.135,-0.865,29.911
SOM,2009,0.135,-0.865,29.852
SOM,2010,0.175,-0.825,29.793
SOM,2011,0.178,-0.8220000000000001,29.736
SOM,2012,0.254,-0.746,29.68
SOM,2013,0.254,-0.746,29.624
SOM,2014,0.254,-0.746,29.56
SOM,2015,0.254,-0.746,29.492
SOM,2016,0.35,-0.65,29.421
SOM,2017,0.354,-0.646,29.421
SOM,2018,0.348,-0.652,29.42
SOM,2019,0.352,-0.648,29.419
SOM,2020,0.365,-0.635,29.418
SOM,2021,0.375,-0.625,29.418
SOM,2022,0.36,-0.64,29.417
SOM,2023,0.376,-0.624,29.416
ZAF,1950,0.205,-0.795,30.26
ZAF,1951,0.205,-0.795,30.261
ZAF,1952,0.205,-0.795,30.245
ZAF,1953,0.209,-0.791,30.229
ZAF,1954,0.209,-0.791,30.212
ZAF,1955,0.209,-0.791,30.196
ZAF,1956,0.209,-0.791,30.186
ZAF,1957,0.209,-0.791,30.175
ZAF,1958,0.205,-0.795,30.164
ZAF,1959,0.205,-0.795,30.144
ZAF,1960,0.209,-0.791,30.133
ZAF,1961,0.213,-0.787,30.105
ZAF,1962,0.213,-0.787,30.085
ZAF,1963,0.213,-0.787,30.056
ZAF,1964,0.213,-0.787,30.027
ZAF,1965,0.213,-0.787,29.997
ZAF,1966,0.209,-0.791,29.956
ZAF,1967,0.209,-0.791,29.905
ZAF,1968,0.209,-0.791,29.842
ZAF,1969,0.209,-0.791,29.785
ZAF,1970,0.209,-0.791,29.768
ZAF,1971,0.209,-0.791,29.682
ZAF,1972,0.209,-0.791,29.593
ZAF,1973,0.209,-0.791,29.546
ZAF,1974,0.205,-0.795,29.498
ZAF,1975,0.205,-0.795,29.449
ZAF,1976,0.205,-0.795,29.348
ZAF,1977,0.205,-0.795,29.252
ZAF,1978,0.205,-0.795,29.153
ZAF,1979,0.205,-0.795,29.077
ZAF,1980,0.208,-0.792,29.003
ZAF,1981,0.212,-0.788,28.865
ZAF,1982,0.212,-0.788,28.789
ZAF,1983,0.212,-0.788,28.685
ZAF,1984,0.219,-0.781,28.586
ZAF,1985,0.219,-0.781,28.582
ZAF,1986,0.219,-0.781,28.67
ZAF,1987,0.219,-0.781,28.681
ZAF,1988,0.227,-0.773,28.635
ZAF,1989,0.233,-0.767,28.559
ZAF,1990,0.249,-0.751,28.437
ZAF,1991,0.259,-0.741,28.432
ZAF,1992,0.259,-0.741,28.406
ZAF,1993,0.265,-0.735,28.371
ZAF,1994,0.822,-0.17800000000000005,28.302
ZAF,1995,0.869,-0.131,28.267
ZAF,1996,0.873,-0.127,28.182
ZAF,1997,0.863,-0.137,28.044
ZAF,1998,0.863,-0.137,27.962
ZAF,1999,0.871,-0.129,27.89
ZAF,2000,0.876,-0.124,27.852
ZAF,2001,0.877,-0.123,27.984
ZAF,2002,0.877,-0.123,28.037
ZAF,2003,0.876,-0.124,28.041
ZAF,2004,0.879,-0.121,28.191
ZAF,2005,0.884,-0.11599999999999999,28.528
ZAF,2006,0.882,-0.118,28.494
ZAF,2007,0.884,-0.11599999999999999,28.648
ZAF,2008,0.882,-0.118,28.604
ZAF,2009,0.89,-0.10999999999999999,28.458
ZAF,2010,0.894,-0.10599999999999998,28.648
ZAF,2011,0.897,-0.10299999999999998,28.635
ZAF,2012,0.897,-0.10299999999999998,28.557
ZAF,2013,0.861,-0.139,28.378
ZAF,2014,0.86,-0.14,28.188
ZAF,2015,0.858,-0.14200000000000002,28.211
ZAF,2016,0.858,-0.14200000000000002,28.365
ZAF,2017,0.86,-0.14,28.481
ZAF,2018,0.858,-0.14200000000000002,28.526
ZAF,2019,0.848,-0.15200000000000002,28.38
ZAF,2020,0.825,-0.17500000000000004,28.405
ZAF,2021,0.835,-0.16500000000000004,28.282
ZAF,2022,0.831,-0.16900000000000004,28.296
ZAF,2023,0.827,-0.17300000000000004,28.298
KOR,1950,0.412,-0.5880000000000001,31.252
KOR,1951,0.412,-0.5880000000000001,31.254
KOR,1952,0.412,-0.5880000000000001,31.256
KOR,1953,0.439,-0.5609999999999999,31.245
KOR,1954,0.451,-0.5489999999999999,31.232
KOR,1955,0.456,-0.544,31.22
KOR,1956,0.456,-0.544,31.19
KOR,1957,0.456,-0.544,31.157
KOR,1958,0.474,-0.526,31.137
KOR,1959,0.474,-0.526,31.123
KOR,1960,0.49,-0.51,31.101
KOR,1961,0.488,-0.512,31.045
KOR,1962,0.473,-0.527,30.976
KOR,1963,0.477,-0.523,30.894
KOR,1964,0.477,-0.523,30.804
KOR,1965,0.477,-0.523,30.723
KOR,1966,0.477,-0.523,30.644
KOR,1967,0.481,-0.519,30.56
KOR,1968,0.481,-0.519,30.413
KOR,1969,0.481,-0.519,30.169
KOR,1970,0.483,-0.517,29.959
KOR,1971,0.488,-0.512,29.734
KOR,1972,0.485,-0.515,29.517
KOR,1973,0.506,-0.494,29.268
KOR,1974,0.506,-0.494,28.955
KOR,1975,0.506,-0.494,28.637
KOR,1976,0.506,-0.494,28.367
KOR,1977,0.506,-0.494,28.166
KOR,1978,0.493,-0.507,27.997
KOR,1979,0.493,-0.507,27.964
KOR,1980,0.506,-0.494,28.085
KOR,1981,0.514,-0.486,27.411
KOR,1982,0.541,-0.45899999999999996,26.946
KOR,1983,0.541,-0.45899999999999996,26.646
KOR,1984,0.541,-0.45899999999999996,26.453
KOR,1985,0.543,-0.45699999999999996,26.479
KOR,1986,0.543,-0.45699999999999996,26.613
KOR,1987,0.558,-0.44199999999999995,26.71
KOR,1988,0.664,-0.33599999999999997,26.855
KOR,1989,0.671,-0.32899999999999996,26.997
KOR,1990,0.674,-0.32599999999999996,27.199
KOR,1991,0.674,-0.32599999999999996,27.354
KOR,1992,0.674,-0.32599999999999996,27.536
KOR,1993,0.71,-0.29000000000000004,27.737
KOR,1994,0.721,-0.279,27.936
KOR,1995,0.721,-0.279,28.058
KOR,1996,0.728,-0.272,28.193
KOR,1997,0.728,-0.272,28.339
KOR,1998,0.811,-0.18899999999999995,28.502
KOR,1999,0.81,-0.18999999999999995,28.658
KOR,2000,0.865,-0.135,28.919
KOR,2001,0.865,-0.135,29.123
KOR,2002,0.875,-0.125,29.324
KOR,2003,0.873,-0.127,29.494
KOR,2004,0.873,-0.127,29.749
KOR,2005,0.87,-0.13,29.978
KOR,2006,0.87,-0.13,30.176
KOR,2007,0.875,-0.125,30.345
KOR,2008,0.869,-0.131,30.518
KOR,2009,0.869,-0.131,30.701
KOR,2010,0.877,-0.123,30.945
KOR,2011,0.873,-0.127,31.078
KOR,2012,0.88,-0.12,31.268
KOR,2013,0.872,-0.128,31.46
KOR,2014,0.877,-0.123,31.647
KOR,2015,0.855,-0.14500000000000002,31.839
KOR,2016,0.855,-0.14500000000000002,32.009
KOR,2017,0.879,-0.121,32.266
KOR,2018,0.878,-0.122,32.452
KOR,2019,0.864,-0.136,32.702
KOR,2020,0.866,-0.134,32.867
KOR,2021,0.851,-0.14900000000000002,33.156
KOR,2022,0.874,-0.126,33.297
KOR,2023,0.866,-0.134,33.424
SSD,1950,0.102,-0.898,30.049
SSD,1951,0.102,-0.898,30.049
SSD,1952,0.102,-0.898,30.049
SSD,1953,0.143,-0.857,30.049
SSD,1954,0.183,-0.817,30.05
SSD,1955,0.183,-0.817,30.049
SSD,1956,0.177,-0.823,30.049
SSD,1957,0.182,-0.8180000000000001,30.05
SSD,1958,0.182,-0.8180000000000001,30.05
SSD,1959,0.146,-0.854,30.05
SSD,1960,0.151,-0.849,30.05
SSD,1961,0.151,-0.849,30.051
SSD,1962,0.151,-0.849,30.051
SSD,1963,0.151,-0.849,30.051
SSD,1964,0.19,-0.81,30.052
SSD,1965,0.194,-0.806,30.052
SSD,1966,0.194,-0.806,30.053
SSD,1967,0.194,-0.806,30.053
SSD,1968,0.194,-0.806,30.054
SSD,1969,0.174,-0.8260000000000001,30.054
SSD,1970,0.209,-0.791,30.054
SSD,1971,0.212,-0.788,30.055
SSD,1972,0.204,-0.796,30.055
SSD,1973,0.209,-0.791,30.055
SSD,1974,0.209,-0.791,30.055
SSD,1975,0.237,-0.763,30.056
SSD,1976,0.237,-0.763,30.056
SSD,1977,0.237,-0.763,30.056
SSD,1978,0.24,-0.76,30.056
SSD,1979,0.24,-0.76,30.055
SSD,1980,0.227,-0.773,30.056
SSD,1981,0.251,-0.749,30.056
SSD,1982,0.221,-0.779,30.056
SSD,1983,0.256,-0.744,30.056
SSD,1984,0.256,-0.744,30.056
SSD,1985,0.228,-0.772,30.057
SSD,1986,0.233,-0.767,30.057
SSD,1987,0.237,-0.763,30.057
SSD,1988,0.237,-0.763,30.057
SSD,1989,0.185,-0.815,30.057
SSD,1990,0.187,-0.813,30.057
SSD,1991,0.187,-0.813,30.057
SSD,1992,0.188,-0.812,30.057
SSD,1993,0.233,-0.767,30.057
SSD,1994,0.233,-0.767,30.056
SSD,1995,0.233,-0.767,30.056
SSD,1996,0.216,-0.784,30.055
SSD,1997,0.216,-0.784,30.052
SSD,1998,0.216,-0.784,30.048
SSD,1999,0.187,-0.813,30.043
SSD,2000,0.18,-0.8200000000000001,30.038
SSD,2001,0.234,-0.766,29.957
SSD,2002,0.234,-0.766,29.874
SSD,2003,0.229,-0.771,29.899
SSD,2004,0.244,-0.756,29.905
SSD,2005,0.295,-0.7050000000000001,29.904
SSD,2006,0.309,-0.6910000000000001,29.913
SSD,2007,0.315,-0.685,29.88
SSD,2008,0.317,-0.683,29.8
SSD,2009,0.319,-0.681,29.735
SSD,2010,0.365,-0.635,29.662
SSD,2011,0.457,-0.5429999999999999,29.595
SSD,2012,0.464,-0.536,29.518
SSD,2013,0.434,-0.5660000000000001,29.445
SSD,2014,0.432,-0.5680000000000001,29.359
SSD,2015,0.417,-0.583,29.282
SSD,2016,0.419,-0.581,29.191
SSD,2017,0.424,-0.5760000000000001,29.106
SSD,2018,0.466,-0.534,29.019
SSD,2019,0.459,-0.5409999999999999,28.933
SSD,2020,0.425,-0.575,28.849
SSD,2021,0.429,-0.571,28.765
SSD,2022,0.422,-0.5780000000000001,28.685
SSD,2023,0.466,-0.534,28.605
ESP,1950,0.216,-0.784,30.665
ESP,1951,0.216,-0.784,30.649
ESP,1952,0.216,-0.784,30.606
ESP,1953,0.216,-0.784,30.498
ESP,1954,0.216,-0.784,30.403
ESP,1955,0.216,-0.784,30.359
ESP,1956,0.216,-0.784,30.183
ESP,1957,0.216,-0.784,30.177
ESP,1958,0.216,-0.784,30.084
ESP,1959,0.216,-0.784,30.029
ESP,1960,0.222,-0.778,30.06
ESP,1961,0.222,-0.778,30.013
ESP,1962,0.222,-0.778,29.896
ESP,1963,0.222,-0.778,29.959
ESP,1964,0.223,-0.777,29.949
ESP,1965,0.223,-0.777,29.958
ESP,1966,0.226,-0.774,29.88
ESP,1967,0.228,-0.772,29.965
ESP,1968,0.228,-0.772,29.668
ESP,1969,0.228,-0.772,29.539
ESP,1970,0.237,-0.763,29.45
ESP,1971,0.238,-0.762,29.281
ESP,1972,0.238,-0.762,29.164
ESP,1973,0.238,-0.762,29.011
ESP,1974,0.238,-0.762,28.903
ESP,1975,0.24,-0.76,28.77
ESP,1976,0.327,-0.673,28.596
ESP,1977,0.476,-0.524,28.474
ESP,1978,0.644,-0.356,28.39
ESP,1979,0.684,-0.31599999999999995,28.274
ESP,1980,0.732,-0.268,28.241
ESP,1981,0.787,-0.21299999999999997,28.268
ESP,1982,0.794,-0.20599999999999996,28.341
ESP,1983,0.804,-0.19599999999999995,28.396
ESP,1984,0.804,-0.19599999999999995,28.453
ESP,1985,0.804,-0.19599999999999995,28.483
ESP,1986,0.838,-0.16200000000000003,28.557
ESP,1987,0.839,-0.16100000000000003,28.583
ESP,1988,0.839,-0.16100000000000003,28.619
ESP,1989,0.868,-0.132,28.753
ESP,1990,0.887,-0.11299999999999999,28.891
ESP,1991,0.887,-0.11299999999999999,29.071
ESP,1992,0.887,-0.11299999999999999,29.276
ESP,1993,0.895,-0.10499999999999998,29.504
ESP,1994,0.895,-0.10499999999999998,29.762
ESP,1995,0.895,-0.10499999999999998,30.003
ESP,1996,0.912,-0.08799999999999997,30.211
ESP,1997,0.912,-0.08799999999999997,30.392
ESP,1998,0.912,-0.08799999999999997,30.566
ESP,1999,0.912,-0.08799999999999997,30.666
ESP,2000,0.93,-0.06999999999999995,30.724
ESP,2001,0.93,-0.06999999999999995,30.757
ESP,2002,0.93,-0.06999999999999995,30.77
ESP,2003,0.93,-0.06999999999999995,30.816
ESP,2004,0.935,-0.06499999999999995,30.843
ESP,2005,0.935,-0.06499999999999995,30.88
ESP,2006,0.939,-0.061000000000000054,30.855
ESP,2007,0.939,-0.061000000000000054,30.813
ESP,2008,0.94,-0.06000000000000005,30.825
ESP,2009,0.94,-0.06000000000000005,31.004
ESP,2010,0.943,-0.05700000000000005,31.174
ESP,2011,0.942,-0.05800000000000005,31.393
ESP,2012,0.94,-0.06000000000000005,31.535
ESP,2013,0.942,-0.05800000000000005,31.66
ESP,2014,0.943,-0.05700000000000005,31.76
ESP,2015,0.934,-0.06599999999999995,31.88
ESP,2016,0.941,-0.05900000000000005,31.974
ESP,2017,0.934,-0.06599999999999995,32.051
ESP,2018,0.935,-0.06499999999999995,32.16
ESP,2019,0.94,-0.06000000000000005,32.227
ESP,2020,0.941,-0.05900000000000005,32.329
ESP,2021,0.943,-0.05700000000000005,32.529
ESP,2022,0.949,-0.051000000000000045,32.539
ESP,2023,0.951,-0.049000000000000044,32.544
LKA,1950,0.504,-0.496,28.808
LKA,1951,0.504,-0.496,28.821
LKA,1952,0.521,-0.479,28.834
LKA,1953,0.521,-0.479,28.827
LKA,1954,0.521,-0.479,28.868
LKA,1955,0.521,-0.479,28.918
LKA,1956,0.52,-0.48,28.974
LKA,1957,0.526,-0.474,29.066
LKA,1958,0.529,-0.471,29.112
LKA,1959,0.555,-0.44499999999999995,29.157
LKA,1960,0.6,-0.4,29.252
LKA,1961,0.6,-0.4,29.289
LKA,1962,0.6,-0.4,29.402
LKA,1963,0.6,-0.4,29.461
LKA,1964,0.604,-0.396,29.432
LKA,1965,0.608,-0.392,29.418
LKA,1966,0.624,-0.376,29.479
LKA,1967,0.633,-0.367,29.461
LKA,1968,0.633,-0.367,29.447
LKA,1969,0.633,-0.367,29.355
LKA,1970,0.615,-0.385,29.431
LKA,1971,0.609,-0.391,29.68
LKA,1972,0.606,-0.394,29.618
LKA,1973,0.606,-0.394,29.527
LKA,1974,0.606,-0.394,29.381
LKA,1975,0.622,-0.378,29.298
LKA,1976,0.622,-0.378,29.091
LKA,1977,0.613,-0.387,28.904
LKA,1978,0.613,-0.387,28.926
LKA,1979,0.613,-0.387,28.9
LKA,1980,0.613,-0.387,28.954
LKA,1981,0.613,-0.387,28.97
LKA,1982,0.613,-0.387,28.721
LKA,1983,0.595,-0.405,28.659
LKA,1984,0.595,-0.405,28.702
LKA,1985,0.595,-0.405,28.744
LKA,1986,0.595,-0.405,28.719
LKA,1987,0.568,-0.43200000000000005,28.81
LKA,1988,0.568,-0.43200000000000005,28.917
LKA,1989,0.584,-0.41600000000000004,29.005
LKA,1990,0.597,-0.403,29.104
LKA,1991,0.599,-0.401,29.195
LKA,1992,0.599,-0.401,29.293
LKA,1993,0.61,-0.39,29.327
LKA,1994,0.601,-0.399,29.31
LKA,1995,0.601,-0.399,29.395
LKA,1996,0.601,-0.399,29.581
LKA,1997,0.601,-0.399,29.629
LKA,1998,0.601,-0.399,29.43
LKA,1999,0.601,-0.399,29.164
LKA,2000,0.605,-0.395,28.962
LKA,2001,0.608,-0.392,28.752
LKA,2002,0.608,-0.392,28.754
LKA,2003,0.608,-0.392,28.789
LKA,2004,0.611,-0.389,28.822
LKA,2005,0.611,-0.389,28.972
LKA,2006,0.606,-0.394,29.257
LKA,2007,0.612,-0.388,29.313
LKA,2008,0.605,-0.395,29.316
LKA,2009,0.608,-0.392,29.248
LKA,2010,0.635,-0.365,29.223
LKA,2011,0.639,-0.361,29.247
LKA,2012,0.651,-0.349,29.29
LKA,2013,0.67,-0.32999999999999996,29.35
LKA,2014,0.673,-0.32699999999999996,29.488
LKA,2015,0.716,-0.28400000000000003,29.526
LKA,2016,0.74,-0.26,29.547
LKA,2017,0.744,-0.256,29.547
LKA,2018,0.744,-0.256,29.571
LKA,2019,0.78,-0.21999999999999997,29.573
LKA,2020,0.733,-0.267,29.576
LKA,2021,0.765,-0.235,29.578
LKA,2022,0.73,-0.27,29.606
LKA,2023,0.675,-0.32499999999999996,29.609
SDN,1950,0.102,-0.898,28.852
SDN,1951,0.102,-0.898,28.858
SDN,1952,0.102,-0.898,28.864
SDN,1953,0.143,-0.857,28.868
SDN,1954,0.183,-0.817,28.874
SDN,1955,0.183,-0.817,28.879
SDN,1956,0.177,-0.823,28.882
SDN,1957,0.182,-0.8180000000000001,28.833
SDN,1958,0.182,-0.8180000000000001,28.788
SDN,1959,0.146,-0.854,28.742
SDN,1960,0.151,-0.849,28.684
SDN,1961,0.151,-0.849,28.624
SDN,1962,0.151,-0.849,28.54
SDN,1963,0.151,-0.849,28.502
SDN,1964,0.19,-0.81,28.463
SDN,1965,0.194,-0.806,28.477
SDN,1966,0.194,-0.806,28.476
SDN,1967,0.194,-0.806,28.459
SDN,1968,0.194,-0.806,28.525
SDN,1969,0.174,-0.8260000000000001,28.54
SDN,1970,0.209,-0.791,28.554
SDN,1971,0.212,-0.788,28.599
SDN,1972,0.204,-0.796,28.671
SDN,1973,0.209,-0.791,28.739
SDN,1974,0.209,-0.791,28.945
SDN,1975,0.237,-0.763,29.105
SDN,1976,0.237,-0.763,29.264
SDN,1977,0.237,-0.763,29.4
SDN,1978,0.24,-0.76,29.467
SDN,1979,0.24,-0.76,29.531
SDN,1980,0.227,-0.773,29.601
SDN,1981,0.251,-0.749,29.682
SDN,1982,0.221,-0.779,29.751
SDN,1983,0.256,-0.744,29.836
SDN,1984,0.256,-0.744,29.953
SDN,1985,0.228,-0.772,30.078
SDN,1986,0.233,-0.767,30.111
SDN,1987,0.237,-0.763,30.169
SDN,1988,0.237,-0.763,30.111
SDN,1989,0.185,-0.815,30.108
SDN,1990,0.187,-0.813,30.161
SDN,1991,0.187,-0.813,30.09
SDN,1992,0.188,-0.812,30.027
SDN,1993,0.233,-0.767,29.905
SDN,1994,0.233,-0.767,29.827
SDN,1995,0.233,-0.767,29.771
SDN,1996,0.216,-0.784,29.727
SDN,1997,0.216,-0.784,29.678
SDN,1998,0.216,-0.784,29.657
SDN,1999,0.187,-0.813,29.652
SDN,2000,0.18,-0.8200000000000001,29.635
SDN,2001,0.234,-0.766,29.612
SDN,2002,0.234,-0.766,29.623
SDN,2003,0.229,-0.771,29.653
SDN,2004,0.244,-0.756,29.683
SDN,2005,0.295,-0.7050000000000001,29.722
SDN,2006,0.309,-0.6910000000000001,29.77
SDN,2007,0.315,-0.685,29.743
SDN,2008,0.317,-0.683,29.81
SDN,2009,0.319,-0.681,29.835
SDN,2010,0.365,-0.635,29.837
SDN,2011,0.361,-0.639,29.855
SDN,2012,0.366,-0.634,29.877
SDN,2013,0.369,-0.631,29.882
SDN,2014,0.365,-0.635,29.881
SDN,2015,0.398,-0.602,29.874
SDN,2016,0.414,-0.5860000000000001,29.874
SDN,2017,0.423,-0.577,29.868
SDN,2018,0.415,-0.585,29.862
SDN,2019,0.269,-0.731,29.85
SDN,2020,0.221,-0.779,29.837
SDN,2021,0.215,-0.785,29.826
SDN,2022,0.203,-0.7969999999999999,29.817
SDN,2023,0.217,-0.783,29.805
SUR,1950,0.554,-0.44599999999999995,28.182
SUR,1951,0.554,-0.44599999999999995,28.181
SUR,1952,0.554,-0.44599999999999995,28.18
SUR,1953,0.554,-0.44599999999999995,28.178
SUR,1954,0.554,-0.44599999999999995,28.176
SUR,1955,0.56,-0.43999999999999995,28.174
SUR,1956,0.56,-0.43999999999999995,28.172
SUR,1957,0.56,-0.43999999999999995,28.169
SUR,1958,0.56,-0.43999999999999995,28.166
SUR,1959,0.56,-0.43999999999999995,28.162
SUR,1960,0.566,-0.43400000000000005,28.159
SUR,1961,0.566,-0.43400000000000005,28.151
SUR,1962,0.566,-0.43400000000000005,28.145
SUR,1963,0.566,-0.43400000000000005,28.136
SUR,1964,0.566,-0.43400000000000005,28.121
SUR,1965,0.566,-0.43400000000000005,28.104
SUR,1966,0.566,-0.43400000000000005,28.084
SUR,1967,0.566,-0.43400000000000005,28.053
SUR,1968,0.566,-0.43400000000000005,28.005
SUR,1969,0.566,-0.43400000000000005,27.96
SUR,1970,0.588,-0.41200000000000003,27.892
SUR,1971,0.554,-0.44599999999999995,27.832
SUR,1972,0.554,-0.44599999999999995,27.747
SUR,1973,0.554,-0.44599999999999995,27.674
SUR,1974,0.569,-0.43100000000000005,27.575
SUR,1975,0.632,-0.368,27.472
SUR,1976,0.66,-0.33999999999999997,27.39
SUR,1977,0.66,-0.33999999999999997,27.288
SUR,1978,0.66,-0.33999999999999997,27.19
SUR,1979,0.66,-0.33999999999999997,27.115
SUR,1980,0.596,-0.404,27.063
SUR,1981,0.604,-0.396,26.965
SUR,1982,0.604,-0.396,27.115
SUR,1983,0.602,-0.398,27.169
SUR,1984,0.602,-0.398,27.178
SUR,1985,0.679,-0.32099999999999995,27.183
SUR,1986,0.679,-0.32099999999999995,27.087
SUR,1987,0.652,-0.348,27.025
SUR,1988,0.694,-0.30600000000000005,26.982
SUR,1989,0.714,-0.28600000000000003,26.873
SUR,1990,0.689,-0.31100000000000005,26.772
SUR,1991,0.705,-0.29500000000000004,26.741
SUR,1992,0.753,-0.247,26.715
SUR,1993,0.778,-0.22199999999999998,26.588
SUR,1994,0.778,-0.22199999999999998,26.507
SUR,1995,0.778,-0.22199999999999998,26.445
SUR,1996,0.82,-0.18000000000000005,26.422
SUR,1997,0.824,-0.17600000000000005,26.533
SUR,1998,0.824,-0.17600000000000005,26.793
SUR,1999,0.824,-0.17600000000000005,26.929
SUR,2000,0.841,-0.15900000000000003,27.007
SUR,2001,0.837,-0.16300000000000003,27.026
SUR,2002,0.837,-0.16300000000000003,27.099
SUR,2003,0.837,-0.16300000000000003,27.203
SUR,2004,0.843,-0.15700000000000003,27.181
SUR,2005,0.855,-0.14500000000000002,27.193
SUR,2006,0.855,-0.14500000000000002,27.221
SUR,2007,0.855,-0.14500000000000002,27.263
SUR,2008,0.855,-0.14500000000000002,27.343
SUR,2009,0.855,-0.14500000000000002,27.423
SUR,2010,0.807,-0.19299999999999995,27.504
SUR,2011,0.807,-0.19299999999999995,27.607
SUR,2012,0.807,-0.19299999999999995,27.716
SUR,2013,0.795,-0.20499999999999996,27.753
SUR,2014,0.803,-0.19699999999999995,27.783
SUR,2015,0.844,-0.15600000000000003,27.801
SUR,2016,0.849,-0.15100000000000002,27.925
SUR,2017,0.848,-0.15200000000000002,28.044
SUR,2018,0.85,-0.15000000000000002,28.138
SUR,2019,0.834,-0.16600000000000004,28.201
SUR,2020,0.838,-0.16200000000000003,28.248
SUR,2021,0.871,-0.129,28.403
SUR,2022,0.849,-0.15100000000000002,28.407
SUR,2023,0.888,-0.11199999999999999,28.408
SWE,1950,0.798,-0.20199999999999996,28.13
SWE,1951,0.798,-0.20199999999999996,27.999
SWE,1952,0.82,-0.18000000000000005,27.909
SWE,1953,0.82,-0.18000000000000005,27.836
SWE,1954,0.82,-0.18000000000000005,27.768
SWE,1955,0.82,-0.18000000000000005,27.667
SWE,1956,0.822,-0.17800000000000005,27.618
SWE,1957,0.822,-0.17800000000000005,27.613
SWE,1958,0.822,-0.17800000000000005,27.57
SWE,1959,0.822,-0.17800000000000005,27.524
SWE,1960,0.845,-0.15500000000000003,27.521
SWE,1961,0.857,-0.14300000000000002,27.455
SWE,1962,0.866,-0.134,27.343
SWE,1963,0.866,-0.134,27.294
SWE,1964,0.864,-0.136,27.234
SWE,1965,0.865,-0.135,27.121
SWE,1966,0.864,-0.136,27.028
SWE,1967,0.864,-0.136,26.984
SWE,1968,0.87,-0.13,26.99
SWE,1969,0.87,-0.13,27.023
SWE,1970,0.874,-0.126,26.941
SWE,1971,0.874,-0.126,26.834
SWE,1972,0.877,-0.123,26.765
SWE,1973,0.904,-0.09599999999999997,26.74
SWE,1974,0.91,-0.08999999999999997,26.724
SWE,1975,0.913,-0.08699999999999997,26.749
SWE,1976,0.915,-0.08499999999999996,26.878
SWE,1977,0.918,-0.08199999999999996,27.006
SWE,1978,0.919,-0.08099999999999996,27.218
SWE,1979,0.922,-0.07799999999999996,27.469
SWE,1980,0.924,-0.07599999999999996,27.599
SWE,1981,0.928,-0.07199999999999995,27.748
SWE,1982,0.941,-0.05900000000000005,27.896
SWE,1983,0.941,-0.05900000000000005,28.054
SWE,1984,0.942,-0.05800000000000005,28.241
SWE,1985,0.941,-0.05900000000000005,28.361
SWE,1986,0.946,-0.05400000000000005,28.403
SWE,1987,0.947,-0.05300000000000005,28.479
SWE,1988,0.948,-0.052000000000000046,28.5
SWE,1989,0.948,-0.052000000000000046,28.529
SWE,1990,0.95,-0.050000000000000044,28.558
SWE,1991,0.949,-0.051000000000000045,28.68
SWE,1992,0.95,-0.050000000000000044,28.828
SWE,1993,0.95,-0.050000000000000044,28.952
SWE,1994,0.951,-0.049000000000000044,29.109
SWE,1995,0.952,-0.04800000000000004,29.212
SWE,1996,0.953,-0.04700000000000004,29.345
SWE,1997,0.953,-0.04700000000000004,29.478
SWE,1998,0.953,-0.04700000000000004,29.684
SWE,1999,0.952,-0.04800000000000004,29.784
SWE,2000,0.956,-0.04400000000000004,29.869
SWE,2001,0.956,-0.04400000000000004,30.017
SWE,2002,0.956,-0.04400000000000004,30.095
SWE,2003,0.956,-0.04400000000000004,30.253
SWE,2004,0.956,-0.04400000000000004,30.376
SWE,2005,0.953,-0.04700000000000004,30.458
SWE,2006,0.953,-0.04700000000000004,30.544
SWE,2007,0.953,-0.04700000000000004,30.604
SWE,2008,0.953,-0.04700000000000004,30.597
SWE,2009,0.953,-0.04700000000000004,30.672
SWE,2010,0.954,-0.04600000000000004,30.736
SWE,2011,0.956,-0.04400000000000004,30.803
SWE,2012,0.954,-0.04600000000000004,30.84
SWE,2013,0.959,-0.041000000000000036,30.901
SWE,2014,0.959,-0.041000000000000036,30.942
SWE,2015,0.948,-0.052000000000000046,30.955
SWE,2016,0.944,-0.05600000000000005,31.023
SWE,2017,0.922,-0.07799999999999996,31.089
SWE,2018,0.921,-0.07899999999999996,31.1
SWE,2019,0.932,-0.06799999999999995,31.222
SWE,2020,0.932,-0.06799999999999995,31.338
SWE,2021,0.932,-0.06799999999999995,31.485
SWE,2022,0.932,-0.06799999999999995,31.549
SWE,2023,0.927,-0.07299999999999995,31.575
CHE,1950,0.534,-0.46599999999999997,29.538
CHE,1951,0.534,-0.46599999999999997,29.447
CHE,1952,0.534,-0.46599999999999997,29.374
CHE,1953,0.534,-0.46599999999999997,29.319
CHE,1954,0.534,-0.46599999999999997,29.268
CHE,1955,0.534,-0.46599999999999997,29.186
CHE,1956,0.534,-0.46599999999999997,29.096
CHE,1957,0.534,-0.46599999999999997,28.971
CHE,1958,0.549,-0.45099999999999996,28.861
CHE,1959,0.549,-0.45099999999999996,28.795
CHE,1960,0.553,-0.44699999999999995,28.693
CHE,1961,0.553,-0.44699999999999995,28.38
CHE,1962,0.553,-0.44699999999999995,28.247
CHE,1963,0.553,-0.44699999999999995,28.147
CHE,1964,0.553,-0.44699999999999995,28.076
CHE,1965,0.553,-0.44699999999999995,27.981
CHE,1966,0.553,-0.44699999999999995,27.924
CHE,1967,0.553,-0.44699999999999995,27.818
CHE,1968,0.553,-0.44699999999999995,27.756
CHE,1969,0.553,-0.44699999999999995,27.867
CHE,1970,0.638,-0.362,27.791
CHE,1971,0.764,-0.236,27.7
CHE,1972,0.792,-0.20799999999999996,27.653
CHE,1973,0.792,-0.20799999999999996,27.605
CHE,1974,0.808,-0.19199999999999995,27.573
CHE,1975,0.816,-0.18400000000000005,27.571
CHE,1976,0.816,-0.18400000000000005,27.655
CHE,1977,0.816,-0.18400000000000005,27.772
CHE,1978,0.816,-0.18400000000000005,27.848
CHE,1979,0.833,-0.16700000000000004,27.853
CHE,1980,0.838,-0.16200000000000003,27.885
CHE,1981,0.842,-0.15800000000000003,27.906
CHE,1982,0.842,-0.15800000000000003,27.967
CHE,1983,0.845,-0.15500000000000003,28.064
CHE,1984,0.845,-0.15500000000000003,28.198
CHE,1985,0.845,-0.15500000000000003,28.366
CHE,1986,0.847,-0.15300000000000002,28.506
CHE,1987,0.86,-0.14,28.659
CHE,1988,0.86,-0.14,28.746
CHE,1989,0.864,-0.136,28.88
CHE,1990,0.887,-0.11299999999999999,28.923
CHE,1991,0.897,-0.10299999999999998,28.969
CHE,1992,0.897,-0.10299999999999998,29.085
CHE,1993,0.897,-0.10299999999999998,29.197
CHE,1994,0.897,-0.10299999999999998,29.324
CHE,1995,0.904,-0.09599999999999997,29.41
CHE,1996,0.904,-0.09599999999999997,29.506
CHE,1997,0.904,-0.09599999999999997,29.613
CHE,1998,0.91,-0.08999999999999997,29.671
CHE,1999,0.912,-0.08799999999999997,29.71
CHE,2000,0.921,-0.07899999999999996,29.85
CHE,2001,0.921,-0.07899999999999996,30.0
CHE,2002,0.926,-0.07399999999999995,30.11
CHE,2003,0.928,-0.07199999999999995,30.235
CHE,2004,0.928,-0.07199999999999995,30.375
CHE,2005,0.928,-0.07199999999999995,30.535
CHE,2006,0.928,-0.07199999999999995,30.664
CHE,2007,0.93,-0.06999999999999995,30.814
CHE,2008,0.93,-0.06999999999999995,30.977
CHE,2009,0.93,-0.06999999999999995,31.124
CHE,2010,0.933,-0.06699999999999995,31.234
CHE,2011,0.932,-0.06799999999999995,31.376
CHE,2012,0.932,-0.06799999999999995,31.493
CHE,2013,0.932,-0.06799999999999995,31.574
CHE,2014,0.933,-0.06699999999999995,31.704
CHE,2015,0.936,-0.06399999999999995,31.789
CHE,2016,0.935,-0.06499999999999995,31.827
CHE,2017,0.937,-0.06299999999999994,31.925
CHE,2018,0.937,-0.06299999999999994,32.017
CHE,2019,0.933,-0.06699999999999995,32.096
CHE,2020,0.94,-0.06000000000000005,32.146
CHE,2021,0.94,-0.06000000000000005,32.259
CHE,2022,0.939,-0.061000000000000054,32.289
CHE,2023,0.939,-0.061000000000000054,32.295
SYR,1950,0.337,-0.663,30.638
SYR,1951,0.335,-0.665,30.627
SYR,1952,0.335,-0.665,30.616
SYR,1953,0.335,-0.665,30.605
SYR,1954,0.339,-0.661,30.597
SYR,1955,0.37,-0.63,30.589
SYR,1956,0.37,-0.63,30.58
SYR,1957,0.37,-0.63,30.544
SYR,1958,0.338,-0.6619999999999999,30.508
SYR,1959,0.356,-0.644,30.473
SYR,1960,0.361,-0.639,30.441
SYR,1961,0.361,-0.639,30.41
SYR,1962,0.38,-0.62,30.377
SYR,1963,0.362,-0.638,30.347
SYR,1964,0.362,-0.638,30.318
SYR,1965,0.362,-0.638,30.29
SYR,1966,0.362,-0.638,30.281
SYR,1967,0.362,-0.638,30.269
SYR,1968,0.362,-0.638,30.256
SYR,1969,0.362,-0.638,30.271
SYR,1970,0.346,-0.654,30.287
SYR,1971,0.346,-0.654,30.303
SYR,1972,0.357,-0.643,30.308
SYR,1973,0.371,-0.629,30.302
SYR,1974,0.371,-0.629,30.276
SYR,1975,0.371,-0.629,30.219
SYR,1976,0.371,-0.629,30.149
SYR,1977,0.375,-0.625,30.098
SYR,1978,0.375,-0.625,30.096
SYR,1979,0.375,-0.625,30.106
SYR,1980,0.375,-0.625,30.073
SYR,1981,0.393,-0.607,30.076
SYR,1982,0.393,-0.607,30.074
SYR,1983,0.393,-0.607,30.067
SYR,1984,0.393,-0.607,30.073
SYR,1985,0.393,-0.607,30.055
SYR,1986,0.408,-0.5920000000000001,30.048
SYR,1987,0.408,-0.5920000000000001,30.034
SYR,1988,0.408,-0.5920000000000001,30.027
SYR,1989,0.408,-0.5920000000000001,30.061
SYR,1990,0.403,-0.597,30.026
SYR,1991,0.408,-0.5920000000000001,29.985
SYR,1992,0.408,-0.5920000000000001,29.931
SYR,1993,0.408,-0.5920000000000001,29.817
SYR,1994,0.416,-0.5840000000000001,29.71
SYR,1995,0.416,-0.5840000000000001,29.61
SYR,1996,0.416,-0.5840000000000001,29.521
SYR,1997,0.416,-0.5840000000000001,29.431
SYR,1998,0.42,-0.5800000000000001,29.334
SYR,1999,0.42,-0.5800000000000001,29.246
SYR,2000,0.43,-0.5700000000000001,29.264
SYR,2001,0.43,-0.5700000000000001,29.256
SYR,2002,0.426,-0.5740000000000001,29.237
SYR,2003,0.436,-0.5640000000000001,29.217
SYR,2004,0.436,-0.5640000000000001,29.194
SYR,2005,0.427,-0.573,29.16
SYR,2006,0.427,-0.573,29.118
SYR,2007,0.427,-0.573,29.087
SYR,2008,0.429,-0.571,29.054
SYR,2009,0.429,-0.571,29.031
SYR,2010,0.428,-0.5720000000000001,29.008
SYR,2011,0.418,-0.5820000000000001,28.98
SYR,2012,0.41,-0.5900000000000001,28.961
SYR,2013,0.339,-0.661,28.943
SYR,2014,0.331,-0.669,28.927
SYR,2015,0.331,-0.669,28.912
SYR,2016,0.343,-0.657,28.899
SYR,2017,0.326,-0.6739999999999999,28.886
SYR,2018,0.296,-0.704,28.875
SYR,2019,0.29,-0.71,28.865
SYR,2020,0.294,-0.706,28.855
SYR,2021,0.329,-0.671,28.846
SYR,2022,0.308,-0.692,28.837
SYR,2023,0.336,-0.6639999999999999,28.829
TWN,1950,0.364,-0.636,30.416
TWN,1951,0.364,-0.636,30.496
TWN,1952,0.369,-0.631,30.473
TWN,1953,0.37,-0.63,30.495
TWN,1954,0.371,-0.629,30.47
TWN,1955,0.375,-0.625,30.414
TWN,1956,0.376,-0.624,30.454
TWN,1957,0.375,-0.625,30.345
TWN,1958,0.376,-0.624,30.321
TWN,1959,0.376,-0.624,30.143
TWN,1960,0.376,-0.624,29.93
TWN,1961,0.377,-0.623,29.718
TWN,1962,0.376,-0.624,29.492
TWN,1963,0.373,-0.627,29.36
TWN,1964,0.373,-0.627,29.07
TWN,1965,0.373,-0.627,28.656
TWN,1966,0.388,-0.612,28.244
TWN,1967,0.387,-0.613,27.993
TWN,1968,0.394,-0.606,27.855
TWN,1969,0.396,-0.604,27.736
TWN,1970,0.399,-0.601,27.628
TWN,1971,0.392,-0.608,27.474
TWN,1972,0.396,-0.604,27.265
TWN,1973,0.392,-0.608,27.114
TWN,1974,0.417,-0.583,26.933
TWN,1975,0.442,-0.558,26.615
TWN,1976,0.494,-0.506,26.459
TWN,1977,0.494,-0.506,26.276
TWN,1978,0.496,-0.504,26.206
TWN,1979,0.483,-0.517,26.135
TWN,1980,0.51,-0.49,26.143
TWN,1981,0.508,-0.492,26.162
TWN,1982,0.535,-0.46499999999999997,26.195
TWN,1983,0.534,-0.46599999999999997,26.254
TWN,1984,0.559,-0.44099999999999995,26.323
TWN,1985,0.558,-0.44199999999999995,26.419
TWN,1986,0.57,-0.43000000000000005,26.512
TWN,1987,0.572,-0.42800000000000005,26.654
TWN,1988,0.617,-0.383,26.845
TWN,1989,0.69,-0.31000000000000005,26.968
TWN,1990,0.742,-0.258,27.085
TWN,1991,0.741,-0.259,27.209
TWN,1992,0.729,-0.271,27.3
TWN,1993,0.73,-0.27,27.39
TWN,1994,0.729,-0.271,27.521
TWN,1995,0.729,-0.271,27.638
TWN,1996,0.733,-0.267,27.763
TWN,1997,0.749,-0.251,27.902
TWN,1998,0.749,-0.251,28.002
TWN,1999,0.774,-0.22599999999999998,28.134
TWN,2000,0.833,-0.16700000000000004,28.22
TWN,2001,0.835,-0.16500000000000004,28.199
TWN,2002,0.864,-0.136,28.279
TWN,2003,0.865,-0.135,28.411
TWN,2004,0.865,-0.135,28.58
TWN,2005,0.865,-0.135,28.847
TWN,2006,0.865,-0.135,29.133
TWN,2007,0.867,-0.133,29.441
TWN,2008,0.87,-0.13,29.724
TWN,2009,0.872,-0.128,30.052
TWN,2010,0.877,-0.123,30.417
TWN,2011,0.875,-0.125,30.608
TWN,2012,0.877,-0.123,30.762
TWN,2013,0.896,-0.10399999999999998,30.953
TWN,2014,0.892,-0.10799999999999998,31.085
TWN,2015,0.892,-0.10799999999999998,31.194
TWN,2016,0.89,-0.10999999999999999,31.318
TWN,2017,0.896,-0.10399999999999998,31.424
TWN,2018,0.894,-0.10599999999999998,31.478
TWN,2019,0.902,-0.09799999999999998,31.528
TWN,2020,0.905,-0.09499999999999997,31.604
TWN,2021,0.904,-0.09599999999999997,31.717
TWN,2022,0.904,-0.09599999999999997,31.873
TWN,2023,0.903,-0.09699999999999998,31.875
TJK,1950,0.347,-0.653,30.761
TJK,1951,0.347,-0.653,30.759
TJK,1952,0.347,-0.653,30.757
TJK,1953,0.358,-0.642,30.755
TJK,1954,0.426,-0.5740000000000001,30.753
TJK,1955,0.43,-0.5700000000000001,30.752
TJK,1956,0.445,-0.5549999999999999,30.75
TJK,1957,0.446,-0.554,30.748
TJK,1958,0.454,-0.546,30.747
TJK,1959,0.454,-0.546,30.745
TJK,1960,0.462,-0.538,30.743
TJK,1961,0.462,-0.538,30.742
TJK,1962,0.468,-0.532,30.74
TJK,1963,0.468,-0.532,30.736
TJK,1964,0.468,-0.532,30.734
TJK,1965,0.48,-0.52,30.731
TJK,1966,0.485,-0.515,30.729
TJK,1967,0.491,-0.509,30.73
TJK,1968,0.487,-0.513,30.725
TJK,1969,0.478,-0.522,30.721
TJK,1970,0.482,-0.518,30.721
TJK,1971,0.481,-0.519,30.662
TJK,1972,0.477,-0.523,30.601
TJK,1973,0.481,-0.519,30.537
TJK,1974,0.488,-0.512,30.454
TJK,1975,0.484,-0.516,30.378
TJK,1976,0.485,-0.515,30.302
TJK,1977,0.478,-0.522,30.189
TJK,1978,0.478,-0.522,30.089
TJK,1979,0.482,-0.518,29.967
TJK,1980,0.482,-0.518,29.853
TJK,1981,0.482,-0.518,29.735
TJK,1982,0.482,-0.518,29.621
TJK,1983,0.482,-0.518,29.475
TJK,1984,0.48,-0.52,29.385
TJK,1985,0.496,-0.504,29.275
TJK,1986,0.531,-0.469,29.243
TJK,1987,0.525,-0.475,29.185
TJK,1988,0.534,-0.46599999999999997,29.035
TJK,1989,0.497,-0.503,28.858
TJK,1990,0.568,-0.43200000000000005,28.672
TJK,1991,0.547,-0.45299999999999996,28.463
TJK,1992,0.414,-0.5860000000000001,28.199
TJK,1993,0.294,-0.706,27.962
TJK,1994,0.291,-0.7090000000000001,27.704
TJK,1995,0.329,-0.671,27.508
TJK,1996,0.342,-0.6579999999999999,27.205
TJK,1997,0.339,-0.661,27.403
TJK,1998,0.396,-0.604,27.56
TJK,1999,0.394,-0.606,27.733
TJK,2000,0.458,-0.542,27.498
TJK,2001,0.458,-0.542,27.516
TJK,2002,0.449,-0.5509999999999999,27.608
TJK,2003,0.449,-0.5509999999999999,27.634
TJK,2004,0.438,-0.562,27.712
TJK,2005,0.468,-0.532,27.704
TJK,2006,0.468,-0.532,27.627
TJK,2007,0.48,-0.52,27.559
TJK,2008,0.48,-0.52,27.483
TJK,2009,0.48,-0.52,27.347
TJK,2010,0.474,-0.526,27.229
TJK,2011,0.462,-0.538,27.089
TJK,2012,0.46,-0.54,26.916
TJK,2013,0.468,-0.532,26.767
TJK,2014,0.472,-0.528,26.687
TJK,2015,0.458,-0.542,26.593
TJK,2016,0.417,-0.583,26.621
TJK,2017,0.403,-0.597,26.798
TJK,2018,0.437,-0.563,26.69
TJK,2019,0.43,-0.5700000000000001,26.563
TJK,2020,0.415,-0.585,26.551
TJK,2021,0.4,-0.6,26.54
TJK,2022,0.413,-0.587,26.531
TJK,2023,0.416,-0.5840000000000001,26.523
TZA,1965,0.589,-0.41100000000000003,29.128
TZA,1966,0.589,-0.41100000000000003,29.167
TZA,1967,0.589,-0.41100000000000003,29.199
TZA,1968,0.589,-0.41100000000000003,29.232
TZA,1969,0.589,-0.41100000000000003,29.231
TZA,1970,0.598,-0.402,29.222
TZA,1971,0.594,-0.406,29.206
TZA,1972,0.594,-0.406,29.218
TZA,1973,0.594,-0.406,29.224
TZA,1974,0.594,-0.406,29.247
TZA,1975,0.612,-0.388,29.29
TZA,1976,0.618,-0.382,29.389
TZA,1977,0.618,-0.382,29.465
TZA,1978,0.618,-0.382,29.559
TZA,1979,0.618,-0.382,29.681
TZA,1980,0.62,-0.38,29.727
TZA,1981,0.635,-0.365,29.786
TZA,1982,0.635,-0.365,29.789
TZA,1983,0.635,-0.365,29.791
TZA,1984,0.635,-0.365,29.818
TZA,1985,0.626,-0.374,29.759
TZA,1986,0.638,-0.362,29.7
TZA,1987,0.638,-0.362,29.631
TZA,1988,0.649,-0.351,29.6
TZA,1989,0.656,-0.344,29.579
TZA,1990,0.683,-0.31699999999999995,29.49
TZA,1991,0.711,-0.28900000000000003,29.466
TZA,1992,0.727,-0.273,29.526
TZA,1993,0.73,-0.27,29.466
TZA,1994,0.73,-0.27,29.386
TZA,1995,0.763,-0.237,29.31
TZA,1996,0.772,-0.22799999999999998,29.282
TZA,1997,0.772,-0.22799999999999998,29.281
TZA,1998,0.772,-0.22799999999999998,29.258
TZA,1999,0.772,-0.22799999999999998,29.216
TZA,2000,0.783,-0.21699999999999997,29.158
TZA,2001,0.79,-0.20999999999999996,29.142
TZA,2002,0.793,-0.20699999999999996,29.118
TZA,2003,0.793,-0.20699999999999996,29.101
TZA,2004,0.793,-0.20699999999999996,29.089
TZA,2005,0.81,-0.18999999999999995,29.054
TZA,2006,0.816,-0.18400000000000005,29.049
TZA,2007,0.816,-0.18400000000000005,29.06
TZA,2008,0.816,-0.18400000000000005,29.088
TZA,2009,0.813,-0.18700000000000006,29.085
TZA,2010,0.814,-0.18600000000000005,29.089
TZA,2011,0.814,-0.18600000000000005,29.116
TZA,2012,0.814,-0.18600000000000005,29.129
TZA,2013,0.819,-0.18100000000000005,29.037
TZA,2014,0.817,-0.18300000000000005,28.946
TZA,2015,0.813,-0.18700000000000006,28.945
TZA,2016,0.813,-0.18700000000000006,28.945
TZA,2017,0.82,-0.18000000000000005,28.945
TZA,2018,0.826,-0.17400000000000004,28.945
TZA,2019,0.785,-0.21499999999999997,28.944
TZA,2020,0.786,-0.21399999999999997,28.944
TZA,2021,0.819,-0.18100000000000005,28.944
TZA,2022,0.824,-0.17600000000000005,28.943
TZA,2023,0.85,-0.15000000000000002,28.943
THA,1950,0.301,-0.6990000000000001,30.396
THA,1951,0.298,-0.702,30.391
THA,1952,0.314,-0.6859999999999999,30.386
THA,1953,0.314,-0.6859999999999999,30.402
THA,1954,0.314,-0.6859999999999999,30.418
THA,1955,0.315,-0.685,30.434
THA,1956,0.315,-0.685,30.448
THA,1957,0.292,-0.708,30.461
THA,1958,0.304,-0.696,30.454
THA,1959,0.304,-0.696,30.456
THA,1960,0.346,-0.654,30.463
THA,1961,0.346,-0.654,30.47
THA,1962,0.35,-0.65,30.475
THA,1963,0.35,-0.65,30.471
THA,1964,0.35,-0.65,30.458
THA,1965,0.35,-0.65,30.408
THA,1966,0.35,-0.65,30.359
THA,1967,0.35,-0.65,30.307
THA,1968,0.35,-0.65,30.26
THA,1969,0.351,-0.649,30.197
THA,1970,0.422,-0.5780000000000001,30.171
THA,1971,0.406,-0.594,30.16
THA,1972,0.406,-0.594,30.145
THA,1973,0.497,-0.503,30.048
THA,1974,0.539,-0.46099999999999997,29.96
THA,1975,0.508,-0.492,29.895
THA,1976,0.498,-0.502,29.808
THA,1977,0.494,-0.506,29.574
THA,1978,0.511,-0.489,29.239
THA,1979,0.513,-0.487,29.043
THA,1980,0.595,-0.405,28.678
THA,1981,0.616,-0.384,28.461
THA,1982,0.616,-0.384,28.397
THA,1983,0.626,-0.374,28.326
THA,1984,0.626,-0.374,28.16
THA,1985,0.626,-0.374,27.966
THA,1986,0.622,-0.378,27.77
THA,1987,0.622,-0.378,27.561
THA,1988,0.631,-0.369,27.408
THA,1989,0.631,-0.369,27.26
THA,1990,0.66,-0.33999999999999997,27.133
THA,1991,0.651,-0.349,27.024
THA,1992,0.678,-0.32199999999999995,26.988
THA,1993,0.713,-0.28700000000000003,26.925
THA,1994,0.716,-0.28400000000000003,26.91
THA,1995,0.725,-0.275,27.054
THA,1996,0.718,-0.28200000000000003,27.111
THA,1997,0.734,-0.266,27.216
THA,1998,0.751,-0.249,27.129
THA,1999,0.762,-0.238,27.185
THA,2000,0.775,-0.22499999999999998,27.326
THA,2001,0.782,-0.21799999999999997,27.301
THA,2002,0.782,-0.21799999999999997,27.195
THA,2003,0.782,-0.21799999999999997,27.091
THA,2004,0.783,-0.21699999999999997,26.93
THA,2005,0.787,-0.21299999999999997,26.939
THA,2006,0.728,-0.272,26.886
THA,2007,0.776,-0.22399999999999998,26.894
THA,2008,0.78,-0.21999999999999997,26.873
THA,2009,0.784,-0.21599999999999997,26.828
THA,2010,0.79,-0.20999999999999996,26.776
THA,2011,0.802,-0.19799999999999995,26.842
THA,2012,0.802,-0.19799999999999995,26.862
THA,2013,0.733,-0.267,26.945
THA,2014,0.649,-0.351,27.063
THA,2015,0.685,-0.31499999999999995,27.161
THA,2016,0.622,-0.378,27.343
THA,2017,0.659,-0.34099999999999997,27.584
THA,2018,0.677,-0.32299999999999995,27.814
THA,2019,0.704,-0.29600000000000004,28.029
THA,2020,0.697,-0.30300000000000005,28.104
THA,2021,0.699,-0.30100000000000005,28.258
THA,2022,0.703,-0.29700000000000004,28.289
THA,2023,0.721,-0.279,28.291
TGO,1950,0.152,-0.848,29.086
TGO,1951,0.152,-0.848,29.093
TGO,1952,0.152,-0.848,29.1
TGO,1953,0.152,-0.848,29.107
TGO,1954,0.152,-0.848,29.114
TGO,1955,0.152,-0.848,29.121
TGO,1956,0.223,-0.777,29.128
TGO,1957,0.223,-0.777,29.133
TGO,1958,0.226,-0.774,29.161
TGO,1959,0.226,-0.774,29.19
TGO,1960,0.264,-0.736,29.219
TGO,1961,0.336,-0.6639999999999999,29.209
TGO,1963,0.362,-0.638,29.173
TGO,1964,0.334,-0.6659999999999999,29.196
TGO,1965,0.334,-0.6659999999999999,29.22
TGO,1966,0.334,-0.6659999999999999,29.239
TGO,1967,0.354,-0.646,29.318
TGO,1968,0.353,-0.647,29.408
TGO,1969,0.353,-0.647,29.498
TGO,1970,0.353,-0.647,29.582
TGO,1971,0.356,-0.644,29.643
TGO,1972,0.356,-0.644,29.709
TGO,1973,0.356,-0.644,29.787
TGO,1974,0.356,-0.644,29.867
TGO,1975,0.356,-0.644,29.948
TGO,1976,0.356,-0.644,29.955
TGO,1977,0.356,-0.644,30.039
TGO,1978,0.356,-0.644,30.122
TGO,1979,0.356,-0.644,30.207
TGO,1980,0.405,-0.595,30.292
TGO,1981,0.502,-0.498,30.305
TGO,1982,0.502,-0.498,30.307
TGO,1983,0.502,-0.498,30.305
TGO,1984,0.502,-0.498,30.306
TGO,1985,0.469,-0.531,30.33
TGO,1986,0.494,-0.506,30.275
TGO,1987,0.494,-0.506,30.239
TGO,1988,0.519,-0.481,30.284
TGO,1989,0.519,-0.481,30.338
TGO,1990,0.509,-0.491,30.344
TGO,1991,0.6,-0.4,30.388
TGO,1992,0.625,-0.375,30.337
TGO,1993,0.625,-0.375,30.308
TGO,1994,0.563,-0.43700000000000006,30.274
TGO,1995,0.562,-0.43799999999999994,30.296
TGO,1996,0.562,-0.43799999999999994,30.264
TGO,1997,0.559,-0.44099999999999995,30.225
TGO,1998,0.559,-0.44099999999999995,30.165
TGO,1999,0.583,-0.41700000000000004,30.085
TGO,2000,0.628,-0.372,30.01
TGO,2001,0.628,-0.372,29.972
TGO,2002,0.642,-0.358,29.943
TGO,2003,0.628,-0.372,29.907
TGO,2004,0.635,-0.365,29.934
TGO,2005,0.666,-0.33399999999999996,29.994
TGO,2006,0.686,-0.31399999999999995,29.963
TGO,2007,0.714,-0.28600000000000003,29.966
TGO,2008,0.721,-0.279,29.953
TGO,2009,0.721,-0.279,29.941
TGO,2010,0.754,-0.246,29.847
TGO,2011,0.754,-0.246,29.768
TGO,2012,0.754,-0.246,29.65
TGO,2013,0.778,-0.22199999999999998,29.53
TGO,2014,0.786,-0.21399999999999997,29.454
TGO,2015,0.786,-0.21399999999999997,29.374
TGO,2016,0.782,-0.21799999999999997,29.321
TGO,2017,0.769,-0.23099999999999998,29.282
TGO,2018,0.758,-0.242,29.244
TGO,2019,0.758,-0.242,29.207
TGO,2020,0.776,-0.22399999999999998,29.162
TGO,2021,0.766,-0.23399999999999999,29.131
TGO,2022,0.757,-0.243,29.102
TGO,2023,0.7,-0.30000000000000004,29.077
TTO,1962,0.523,-0.477,27.566
TTO,1963,0.557,-0.44299999999999995,27.61
TTO,1964,0.557,-0.44299999999999995,27.643
TTO,1965,0.557,-0.44299999999999995,27.625
TTO,1966,0.589,-0.41100000000000003,27.598
TTO,1967,0.604,-0.396,27.571
TTO,1968,0.607,-0.393,27.595
TTO,1969,0.604,-0.396,27.581
TTO,1970,0.607,-0.393,27.657
TTO,1971,0.571,-0.42900000000000005,27.637
TTO,1972,0.571,-0.42900000000000005,27.595
TTO,1973,0.571,-0.42900000000000005,27.509
TTO,1974,0.571,-0.42900000000000005,27.5
TTO,1975,0.599,-0.401,27.507
TTO,1976,0.635,-0.365,27.47
TTO,1977,0.635,-0.365,27.389
TTO,1978,0.637,-0.363,27.366
TTO,1979,0.637,-0.363,27.248
TTO,1980,0.635,-0.365,27.083
TTO,1981,0.707,-0.29300000000000004,26.99
TTO,1982,0.707,-0.29300000000000004,26.9
TTO,1983,0.707,-0.29300000000000004,26.824
TTO,1984,0.707,-0.29300000000000004,26.849
TTO,1985,0.716,-0.28400000000000003,26.955
TTO,1986,0.754,-0.246,26.968
TTO,1987,0.797,-0.20299999999999996,26.994
TTO,1988,0.797,-0.20299999999999996,26.999
TTO,1989,0.797,-0.20299999999999996,26.964
TTO,1990,0.812,-0.18799999999999994,26.98
TTO,1991,0.83,-0.17000000000000004,26.933
TTO,1992,0.83,-0.17000000000000004,27.02
TTO,1993,0.83,-0.17000000000000004,27.046
TTO,1994,0.83,-0.17000000000000004,27.123
TTO,1995,0.801,-0.19899999999999995,27.173
TTO,1996,0.806,-0.19399999999999995,27.228
TTO,1997,0.806,-0.19399999999999995,27.304
TTO,1998,0.806,-0.19399999999999995,27.303
TTO,1999,0.806,-0.19399999999999995,27.323
TTO,2000,0.851,-0.14900000000000002,27.372
TTO,2001,0.851,-0.14900000000000002,27.425
TTO,2002,0.877,-0.123,27.476
TTO,2003,0.877,-0.123,27.568
TTO,2004,0.877,-0.123,27.692
TTO,2005,0.877,-0.123,27.75
TTO,2006,0.877,-0.123,27.66
TTO,2007,0.891,-0.10899999999999999,27.666
TTO,2008,0.891,-0.10899999999999999,27.672
TTO,2009,0.891,-0.10899999999999999,27.677
TTO,2010,0.898,-0.10199999999999998,27.68
TTO,2011,0.901,-0.09899999999999998,27.684
TTO,2012,0.901,-0.09899999999999998,27.688
TTO,2013,0.901,-0.09899999999999998,27.691
TTO,2014,0.901,-0.09899999999999998,27.693
TTO,2015,0.903,-0.09699999999999998,27.695
TTO,2016,0.903,-0.09699999999999998,27.697
TTO,2017,0.888,-0.11199999999999999,27.698
TTO,2018,0.892,-0.10799999999999998,27.699
TTO,2019,0.901,-0.09899999999999998,27.733
TTO,2020,0.898,-0.10199999999999998,27.733
TTO,2021,0.894,-0.10599999999999998,27.732
TTO,2022,0.878,-0.122,27.732
TTO,2023,0.875,-0.125,27.768
TUN,1950,0.103,-0.897,30.038
TUN,1951,0.103,-0.897,30.067
TUN,1952,0.103,-0.897,30.096
TUN,1953,0.103,-0.897,30.126
TUN,1954,0.103,-0.897,30.14
TUN,1955,0.103,-0.897,30.152
TUN,1956,0.226,-0.774,30.166
TUN,1957,0.306,-0.694,30.202
TUN,1958,0.39,-0.61,30.238
TUN,1959,0.39,-0.61,30.275
TUN,1960,0.437,-0.563,30.35
TUN,1961,0.437,-0.563,30.395
TUN,1962,0.437,-0.563,30.456
TUN,1963,0.437,-0.563,30.552
TUN,1964,0.437,-0.563,30.667
TUN,1965,0.437,-0.563,30.779
TUN,1966,0.437,-0.563,30.869
TUN,1967,0.437,-0.563,30.979
TUN,1968,0.437,-0.563,31.098
TUN,1969,0.451,-0.5489999999999999,31.185
TUN,1970,0.463,-0.5369999999999999,31.16
TUN,1971,0.463,-0.5369999999999999,31.108
TUN,1972,0.463,-0.5369999999999999,31.122
TUN,1973,0.463,-0.5369999999999999,31.047
TUN,1974,0.457,-0.5429999999999999,30.964
TUN,1975,0.457,-0.5429999999999999,30.851
TUN,1976,0.457,-0.5429999999999999,30.784
TUN,1977,0.475,-0.525,30.709
TUN,1978,0.475,-0.525,30.571
TUN,1979,0.479,-0.521,30.479
TUN,1980,0.496,-0.504,30.477
TUN,1981,0.508,-0.492,30.467
TUN,1982,0.508,-0.492,30.39
TUN,1983,0.508,-0.492,30.347
TUN,1984,0.508,-0.492,30.305
TUN,1985,0.508,-0.492,30.277
TUN,1986,0.511,-0.489,30.26
TUN,1987,0.535,-0.46499999999999997,30.25
TUN,1988,0.605,-0.395,30.314
TUN,1989,0.597,-0.403,30.379
TUN,1990,0.619,-0.381,30.4
TUN,1991,0.619,-0.381,30.438
TUN,1992,0.619,-0.381,30.501
TUN,1993,0.619,-0.381,30.504
TUN,1994,0.634,-0.366,30.557
TUN,1995,0.634,-0.366,30.563
TUN,1996,0.634,-0.366,30.59
TUN,1997,0.634,-0.366,30.623
TUN,1998,0.634,-0.366,30.544
TUN,1999,0.66,-0.33999999999999997,30.617
TUN,2000,0.658,-0.34199999999999997,30.676
TUN,2001,0.658,-0.34199999999999997,30.763
TUN,2002,0.658,-0.34199999999999997,30.875
TUN,2003,0.658,-0.34199999999999997,30.977
TUN,2004,0.702,-0.29800000000000004,31.004
TUN,2005,0.702,-0.29800000000000004,31.038
TUN,2006,0.698,-0.30200000000000005,31.064
TUN,2007,0.701,-0.29900000000000004,31.073
TUN,2008,0.701,-0.29900000000000004,31.088
TUN,2009,0.714,-0.28600000000000003,31.103
TUN,2010,0.71,-0.29000000000000004,31.093
TUN,2011,0.765,-0.235,31.111
TUN,2012,0.864,-0.136,31.131
TUN,2013,0.844,-0.15600000000000003,31.057
TUN,2014,0.821,-0.17900000000000005,31.015
TUN,2015,0.843,-0.15700000000000003,30.916
TUN,2016,0.843,-0.15700000000000003,30.956
TUN,2017,0.86,-0.14,30.981
TUN,2018,0.862,-0.138,31.01
TUN,2019,0.857,-0.14300000000000002,31.004
TUN,2020,0.863,-0.137,31.128
TUN,2021,0.886,-0.11399999999999999,31.332
TUN,2022,0.792,-0.20799999999999996,31.301
TUN,2023,0.686,-0.31399999999999995,31.332
TUR,1950,0.414,-0.5860000000000001,28.111
TUR,1951,0.415,-0.585,28.088
TUR,1952,0.415,-0.585,28.064
TUR,1953,0.415,-0.585,28.04
TUR,1954,0.415,-0.585,28.011
TUR,1955,0.407,-0.593,27.983
TUR,1956,0.417,-0.583,27.953
TUR,1957,0.421,-0.579,27.929
TUR,1958,0.421,-0.579,27.911
TUR,1959,0.421,-0.579,27.884
TUR,1960,0.473,-0.527,27.892
TUR,1961,0.474,-0.526,27.881
TUR,1962,0.478,-0.522,27.896
TUR,1963,0.494,-0.506,27.925
TUR,1964,0.503,-0.497,27.962
TUR,1965,0.503,-0.497,28.004
TUR,1966,0.503,-0.497,28.02
TUR,1967,0.503,-0.497,28.018
TUR,1968,0.503,-0.497,28.014
TUR,1969,0.506,-0.494,27.987
TUR,1970,0.503,-0.497,27.957
TUR,1971,0.483,-0.517,27.87
TUR,1972,0.483,-0.517,27.787
TUR,1973,0.493,-0.507,27.704
TUR,1974,0.499,-0.501,27.636
TUR,1975,0.499,-0.501,27.605
TUR,1976,0.499,-0.501,27.528
TUR,1977,0.496,-0.504,27.487
TUR,1978,0.496,-0.504,27.435
TUR,1979,0.496,-0.504,27.333
TUR,1980,0.445,-0.5549999999999999,27.292
TUR,1981,0.448,-0.552,27.269
TUR,1982,0.448,-0.552,27.263
TUR,1983,0.477,-0.523,27.245
TUR,1984,0.486,-0.514,27.251
TUR,1985,0.486,-0.514,27.25
TUR,1986,0.49,-0.51,27.24
TUR,1987,0.483,-0.517,27.318
TUR,1988,0.487,-0.513,27.39
TUR,1989,0.487,-0.513,27.492
TUR,1990,0.519,-0.481,27.274
TUR,1991,0.548,-0.45199999999999996,27.146
TUR,1992,0.548,-0.45199999999999996,27.261
TUR,1993,0.548,-0.45199999999999996,27.186
TUR,1994,0.548,-0.45199999999999996,27.099
TUR,1995,0.544,-0.45599999999999996,27.019
TUR,1996,0.542,-0.45799999999999996,26.945
TUR,1997,0.542,-0.45799999999999996,26.905
TUR,1998,0.542,-0.45799999999999996,26.985
TUR,1999,0.564,-0.43600000000000005,27.042
TUR,2000,0.575,-0.42500000000000004,27.173
TUR,2001,0.579,-0.42100000000000004,27.312
TUR,2002,0.586,-0.41400000000000003,27.375
TUR,2003,0.595,-0.405,27.429
TUR,2004,0.604,-0.396,27.469
TUR,2005,0.604,-0.396,27.486
TUR,2006,0.601,-0.399,27.496
TUR,2007,0.627,-0.373,27.569
TUR,2008,0.623,-0.377,27.582
TUR,2009,0.625,-0.375,27.692
TUR,2010,0.613,-0.387,27.881
TUR,2011,0.644,-0.356,27.914
TUR,2012,0.646,-0.354,28.101
TUR,2013,0.622,-0.378,28.258
TUR,2014,0.625,-0.375,28.42
TUR,2015,0.62,-0.38,28.555
TUR,2016,0.575,-0.42500000000000004,28.626
TUR,2017,0.564,-0.43600000000000005,28.726
TUR,2018,0.573,-0.42700000000000005,28.867
TUR,2019,0.564,-0.43600000000000005,28.975
TUR,2020,0.576,-0.42400000000000004,29.05
TUR,2021,0.572,-0.42800000000000005,29.146
TUR,2022,0.574,-0.42600000000000005,29.221
TUR,2023,0.568,-0.43200000000000005,29.217
TKM,1950,0.347,-0.653,30.567
TKM,1951,0.347,-0.653,30.568
TKM,1952,0.347,-0.653,30.569
TKM,1953,0.358,-0.642,30.57
TKM,1954,0.426,-0.5740000000000001,30.57
TKM,1955,0.43,-0.5700000000000001,30.571
TKM,1956,0.445,-0.5549999999999999,30.572
TKM,1957,0.446,-0.554,30.572
TKM,1958,0.454,-0.546,30.573
TKM,1959,0.454,-0.546,30.588
TKM,1960,0.462,-0.538,30.603
TKM,1961,0.462,-0.538,30.619
TKM,1962,0.468,-0.532,30.634
TKM,1963,0.468,-0.532,30.645
TKM,1964,0.468,-0.532,30.667
TKM,1965,0.48,-0.52,30.674
TKM,1966,0.485,-0.515,30.681
TKM,1967,0.491,-0.509,30.673
TKM,1968,0.487,-0.513,30.68
TKM,1969,0.478,-0.522,30.676
TKM,1970,0.482,-0.518,30.675
TKM,1971,0.481,-0.519,30.621
TKM,1972,0.477,-0.523,30.564
TKM,1973,0.481,-0.519,30.512
TKM,1974,0.488,-0.512,30.465
TKM,1975,0.484,-0.516,30.409
TKM,1976,0.485,-0.515,30.343
TKM,1977,0.478,-0.522,30.256
TKM,1978,0.478,-0.522,30.165
TKM,1979,0.482,-0.518,30.075
TKM,1980,0.482,-0.518,29.931
TKM,1981,0.482,-0.518,29.742
TKM,1982,0.482,-0.518,29.646
TKM,1983,0.482,-0.518,29.478
TKM,1984,0.48,-0.52,29.381
TKM,1985,0.496,-0.504,29.339
TKM,1986,0.531,-0.469,29.311
TKM,1987,0.525,-0.475,29.284
TKM,1988,0.534,-0.46599999999999997,29.142
TKM,1989,0.497,-0.503,28.964
TKM,1990,0.416,-0.5840000000000001,28.899
TKM,1991,0.29,-0.71,28.759
TKM,1992,0.258,-0.742,28.364
TKM,1993,0.258,-0.742,28.126
TKM,1994,0.341,-0.659,28.09
TKM,1995,0.334,-0.6659999999999999,28.002
TKM,1996,0.334,-0.6659999999999999,27.867
TKM,1997,0.324,-0.6759999999999999,27.671
TKM,1998,0.324,-0.6759999999999999,27.662
TKM,1999,0.373,-0.627,27.582
TKM,2000,0.373,-0.627,27.528
TKM,2001,0.373,-0.627,27.573
TKM,2002,0.373,-0.627,27.531
TKM,2003,0.373,-0.627,27.6
TKM,2004,0.307,-0.6930000000000001,27.618
TKM,2005,0.293,-0.7070000000000001,27.736
TKM,2006,0.293,-0.7070000000000001,27.852
TKM,2007,0.305,-0.6950000000000001,27.866
TKM,2008,0.313,-0.687,27.883
TKM,2009,0.314,-0.6859999999999999,27.885
TKM,2010,0.312,-0.688,27.888
TKM,2011,0.316,-0.6839999999999999,27.89
TKM,2012,0.318,-0.6819999999999999,27.866
TKM,2013,0.376,-0.624,27.863
TKM,2014,0.369,-0.631,27.855
TKM,2015,0.363,-0.637,27.86
TKM,2016,0.367,-0.633,27.86
TKM,2017,0.357,-0.643,27.852
TKM,2018,0.383,-0.617,27.851
TKM,2019,0.41,-0.5900000000000001,27.836
TKM,2020,0.411,-0.589,27.842
TKM,2021,0.415,-0.585,27.827
TKM,2022,0.418,-0.5820000000000001,27.824
TKM,2023,0.429,-0.571,27.818
UGA,1950,0.196,-0.804,28.769
UGA,1951,0.196,-0.804,28.768
UGA,1952,0.202,-0.798,28.768
UGA,1953,0.207,-0.793,28.766
UGA,1954,0.207,-0.793,28.764
UGA,1955,0.207,-0.793,28.754
UGA,1956,0.207,-0.793,28.743
UGA,1957,0.207,-0.793,28.732
UGA,1958,0.241,-0.759,28.727
UGA,1959,0.241,-0.759,28.72
UGA,1960,0.241,-0.759,28.712
UGA,1961,0.241,-0.759,28.687
UGA,1962,0.355,-0.645,28.671
UGA,1963,0.422,-0.5780000000000001,28.657
UGA,1964,0.419,-0.581,28.672
UGA,1965,0.419,-0.581,28.687
UGA,1966,0.419,-0.581,28.699
UGA,1967,0.413,-0.587,28.713
UGA,1968,0.413,-0.587,28.734
UGA,1969,0.413,-0.587,28.755
UGA,1970,0.398,-0.602,28.809
UGA,1971,0.372,-0.628,28.864
UGA,1972,0.33,-0.6699999999999999,28.927
UGA,1973,0.33,-0.6699999999999999,28.962
UGA,1974,0.33,-0.6699999999999999,28.965
UGA,1975,0.33,-0.6699999999999999,28.966
UGA,1976,0.33,-0.6699999999999999,29.018
UGA,1977,0.33,-0.6699999999999999,29.071
UGA,1978,0.33,-0.6699999999999999,29.1
UGA,1979,0.33,-0.6699999999999999,29.094
UGA,1980,0.397,-0.603,29.095
UGA,1981,0.402,-0.598,29.101
UGA,1982,0.402,-0.598,29.149
UGA,1983,0.402,-0.598,29.123
UGA,1984,0.402,-0.598,29.074
UGA,1985,0.36,-0.64,29.044
UGA,1986,0.432,-0.5680000000000001,29.018
UGA,1987,0.547,-0.45299999999999996,29.018
UGA,1988,0.554,-0.44599999999999995,29.016
UGA,1989,0.642,-0.358,28.966
UGA,1990,0.625,-0.375,28.911
UGA,1991,0.644,-0.356,28.866
UGA,1992,0.644,-0.356,28.8
UGA,1993,0.658,-0.34199999999999997,28.785
UGA,1994,0.693,-0.30700000000000005,28.835
UGA,1995,0.765,-0.235,28.758
UGA,1996,0.768,-0.23199999999999998,28.707
UGA,1997,0.773,-0.22699999999999998,28.769
UGA,1998,0.773,-0.22699999999999998,28.781
UGA,1999,0.772,-0.22799999999999998,28.84
UGA,2000,0.781,-0.21899999999999997,28.883
UGA,2001,0.811,-0.18899999999999995,28.917
UGA,2002,0.811,-0.18899999999999995,28.975
UGA,2003,0.811,-0.18899999999999995,29.035
UGA,2004,0.811,-0.18899999999999995,29.052
UGA,2005,0.811,-0.18899999999999995,29.052
UGA,2006,0.819,-0.18100000000000005,29.032
UGA,2007,0.806,-0.19399999999999995,29.011
UGA,2008,0.799,-0.20099999999999996,28.984
UGA,2009,0.827,-0.17300000000000004,28.966
UGA,2010,0.816,-0.18400000000000005,28.906
UGA,2011,0.82,-0.18000000000000005,28.856
UGA,2012,0.82,-0.18000000000000005,28.804
UGA,2013,0.825,-0.17500000000000004,28.754
UGA,2014,0.81,-0.18999999999999995,28.712
UGA,2015,0.784,-0.21599999999999997,28.666
UGA,2016,0.796,-0.20399999999999996,28.665
UGA,2017,0.769,-0.23099999999999998,28.646
UGA,2018,0.769,-0.23099999999999998,28.571
UGA,2019,0.767,-0.23299999999999998,28.526
UGA,2020,0.733,-0.267,28.467
UGA,2021,0.737,-0.263,28.423
UGA,2022,0.726,-0.274,28.379
UGA,2023,0.662,-0.33799999999999997,28.323
UKR,1950,0.347,-0.653,28.79
UKR,1951,0.347,-0.653,28.702
UKR,1952,0.347,-0.653,28.609
UKR,1953,0.358,-0.642,28.512
UKR,1954,0.426,-0.5740000000000001,28.352
UKR,1955,0.43,-0.5700000000000001,28.345
UKR,1956,0.445,-0.5549999999999999,28.232
UKR,1957,0.446,-0.554,28.051
UKR,1958,0.454,-0.546,27.738
UKR,1959,0.454,-0.546,27.487
UKR,1960,0.462,-0.538,27.386
UKR,1961,0.462,-0.538,27.208
UKR,1962,0.468,-0.532,27.252
UKR,1963,0.468,-0.532,27.172
UKR,1964,0.468,-0.532,27.163
UKR,1965,0.48,-0.52,27.166
UKR,1966,0.485,-0.515,27.097
UKR,1967,0.491,-0.509,26.953
UKR,1968,0.487,-0.513,26.774
UKR,1969,0.478,-0.522,26.681
UKR,1970,0.482,-0.518,26.528
UKR,1971,0.481,-0.519,26.47
UKR,1972,0.477,-0.523,26.396
UKR,1973,0.481,-0.519,26.36
UKR,1974,0.488,-0.512,26.21
UKR,1975,0.484,-0.516,26.113
UKR,1976,0.485,-0.515,25.959
UKR,1977,0.478,-0.522,25.916
UKR,1978,0.478,-0.522,25.71
UKR,1979,0.482,-0.518,25.544
UKR,1980,0.482,-0.518,25.413
UKR,1981,0.482,-0.518,25.469
UKR,1982,0.482,-0.518,25.428
UKR,1983,0.482,-0.518,25.518
UKR,1984,0.48,-0.52,25.413
UKR,1985,0.496,-0.504,25.388
UKR,1986,0.531,-0.469,25.48
UKR,1987,0.525,-0.475,25.397
UKR,1988,0.534,-0.46599999999999997,25.274
UKR,1989,0.497,-0.503,25.081
UKR,1990,0.689,-0.31100000000000005,24.829
UKR,1991,0.712,-0.28800000000000003,24.65
UKR,1992,0.715,-0.28500000000000003,24.522
UKR,1993,0.721,-0.279,24.486
UKR,1994,0.726,-0.274,24.435
UKR,1995,0.742,-0.258,24.381
UKR,1996,0.738,-0.262,24.417
UKR,1997,0.74,-0.26,24.556
UKR,1998,0.76,-0.24,24.702
UKR,1999,0.763,-0.237,24.905
UKR,2000,0.764,-0.236,25.038
UKR,2001,0.762,-0.238,25.242
UKR,2002,0.749,-0.251,25.417
UKR,2003,0.757,-0.243,25.592
UKR,2004,0.789,-0.21099999999999997,25.742
UKR,2005,0.836,-0.16400000000000003,25.975
UKR,2006,0.854,-0.14600000000000002,26.178
UKR,2007,0.853,-0.14700000000000002,26.314
UKR,2008,0.852,-0.14800000000000002,26.469
UKR,2009,0.85,-0.15000000000000002,26.688
UKR,2010,0.833,-0.16700000000000004,26.909
UKR,2011,0.829,-0.17100000000000004,27.084
UKR,2012,0.838,-0.16200000000000003,27.17
UKR,2013,0.842,-0.15800000000000003,27.259
UKR,2014,0.808,-0.19199999999999995,27.307
UKR,2015,0.814,-0.18600000000000005,27.245
UKR,2016,0.824,-0.17600000000000005,27.372
UKR,2017,0.811,-0.18899999999999995,27.562
UKR,2018,0.818,-0.18200000000000005,27.75
UKR,2019,0.851,-0.14900000000000002,27.902
UKR,2020,0.873,-0.127,28.004
UKR,2021,0.886,-0.11399999999999999,28.023
UKR,2022,0.878,-0.122,28.126
UKR,2023,0.889,-0.11099999999999999,28.101
ARE,1971,0.097,-0.903,28.049
ARE,1972,0.097,-0.903,28.066
ARE,1973,0.097,-0.903,28.091
ARE,1974,0.097,-0.903,28.115
ARE,1975,0.097,-0.903,28.139
ARE,1976,0.098,-0.902,28.155
ARE,1977,0.098,-0.902,28.177
ARE,1978,0.098,-0.902,28.189
ARE,1979,0.098,-0.902,28.208
ARE,1980,0.101,-0.899,28.224
ARE,1981,0.101,-0.899,28.373
ARE,1982,0.101,-0.899,28.524
ARE,1983,0.101,-0.899,28.685
ARE,1984,0.148,-0.852,28.839
ARE,1985,0.16,-0.84,28.999
ARE,1986,0.162,-0.838,29.095
ARE,1987,0.162,-0.838,29.185
ARE,1988,0.162,-0.838,29.261
ARE,1989,0.162,-0.838,29.329
ARE,1990,0.159,-0.841,29.389
ARE,1991,0.159,-0.841,29.436
ARE,1992,0.158,-0.842,29.651
ARE,1993,0.158,-0.842,29.937
ARE,1994,0.158,-0.842,29.939
ARE,1995,0.208,-0.792,30.012
ARE,1996,0.224,-0.776,30.166
ARE,1997,0.224,-0.776,30.126
ARE,1998,0.224,-0.776,30.289
ARE,1999,0.219,-0.781,30.409
ARE,2000,0.224,-0.776,30.444
ARE,2001,0.224,-0.776,30.375
ARE,2002,0.224,-0.776,30.232
ARE,2003,0.224,-0.776,30.298
ARE,2004,0.22,-0.78,30.204
ARE,2005,0.226,-0.774,29.59
ARE,2006,0.25,-0.75,29.267
ARE,2007,0.402,-0.598,29.628
ARE,2008,0.41,-0.5900000000000001,30.083
ARE,2009,0.41,-0.5900000000000001,30.476
ARE,2010,0.406,-0.594,30.497
ARE,2011,0.374,-0.626,30.674
ARE,2012,0.397,-0.603,30.917
ARE,2013,0.397,-0.603,31.02
ARE,2014,0.401,-0.599,31.322
ARE,2015,0.438,-0.562,31.568
ARE,2016,0.444,-0.556,31.701
ARE,2017,0.437,-0.563,31.675
ARE,2018,0.437,-0.563,31.81
ARE,2019,0.535,-0.46499999999999997,31.909
ARE,2020,0.578,-0.42200000000000004,32.04
ARE,2021,0.576,-0.42400000000000004,32.128
ARE,2022,0.571,-0.42900000000000005,31.946
ARE,2023,0.567,-0.43300000000000005,31.897
GBR,1950,0.58,-0.42000000000000004,28.336
GBR,1951,0.576,-0.42400000000000004,28.265
GBR,1952,0.576,-0.42400000000000004,28.183
GBR,1953,0.576,-0.42400000000000004,28.09
GBR,1954,0.576,-0.42400000000000004,28.01
GBR,1955,0.573,-0.42700000000000005,27.915
GBR,1956,0.578,-0.42200000000000004,27.813
GBR,1957,0.578,-0.42200000000000004,27.751
GBR,1958,0.578,-0.42200000000000004,27.682
GBR,1959,0.578,-0.42200000000000004,27.632
GBR,1960,0.579,-0.42100000000000004,27.629
GBR,1961,0.604,-0.396,27.576
GBR,1962,0.602,-0.398,27.514
GBR,1963,0.602,-0.398,27.469
GBR,1964,0.605,-0.395,27.442
GBR,1965,0.671,-0.32899999999999996,27.337
GBR,1966,0.699,-0.30100000000000005,27.209
GBR,1967,0.699,-0.30100000000000005,27.134
GBR,1968,0.697,-0.30300000000000005,27.039
GBR,1969,0.718,-0.28200000000000003,26.928
GBR,1970,0.751,-0.249,26.786
GBR,1971,0.788,-0.21199999999999997,26.703
GBR,1972,0.788,-0.21199999999999997,26.604
GBR,1973,0.788,-0.21199999999999997,26.507
GBR,1974,0.785,-0.21499999999999997,26.475
GBR,1975,0.789,-0.21099999999999997,26.531
GBR,1976,0.789,-0.21099999999999997,26.609
GBR,1977,0.789,-0.21099999999999997,26.726
GBR,1978,0.789,-0.21099999999999997,26.81
GBR,1979,0.782,-0.21799999999999997,26.905
GBR,1980,0.793,-0.20699999999999996,26.938
GBR,1981,0.793,-0.20699999999999996,27.04
GBR,1982,0.793,-0.20699999999999996,27.123
GBR,1983,0.795,-0.20499999999999996,27.211
GBR,1984,0.795,-0.20499999999999996,27.284
GBR,1985,0.795,-0.20499999999999996,27.303
GBR,1986,0.795,-0.20499999999999996,27.356
GBR,1987,0.81,-0.18999999999999995,27.414
GBR,1988,0.81,-0.18999999999999995,27.436
GBR,1989,0.81,-0.18999999999999995,27.524
GBR,1990,0.819,-0.18100000000000005,27.607
GBR,1991,0.795,-0.20499999999999996,27.678
GBR,1992,0.788,-0.21199999999999997,27.809
GBR,1993,0.788,-0.21199999999999997,27.941
GBR,1994,0.79,-0.20999999999999996,28.112
GBR,1995,0.79,-0.20999999999999996,28.196
GBR,1996,0.79,-0.20999999999999996,28.232
GBR,1997,0.846,-0.15400000000000003,28.308
GBR,1998,0.846,-0.15400000000000003,28.362
GBR,1999,0.872,-0.128,28.42
GBR,2000,0.872,-0.128,28.526
GBR,2001,0.869,-0.131,28.627
GBR,2002,0.869,-0.131,28.747
GBR,2003,0.869,-0.131,28.864
GBR,2004,0.868,-0.132,28.972
GBR,2005,0.896,-0.10399999999999998,29.07
GBR,2006,0.896,-0.10399999999999998,29.157
GBR,2007,0.896,-0.10399999999999998,29.268
GBR,2008,0.896,-0.10399999999999998,29.305
GBR,2009,0.896,-0.10399999999999998,29.363
GBR,2010,0.895,-0.10499999999999998,29.493
GBR,2011,0.897,-0.10299999999999998,29.652
GBR,2012,0.917,-0.08299999999999996,29.784
GBR,2013,0.903,-0.09699999999999998,29.962
GBR,2014,0.904,-0.09599999999999997,30.136
GBR,2015,0.911,-0.08899999999999997,30.265
GBR,2016,0.911,-0.08899999999999997,30.402
GBR,2017,0.929,-0.07099999999999995,30.483
GBR,2018,0.923,-0.07699999999999996,30.568
GBR,2019,0.878,-0.122,30.649
GBR,2020,0.912,-0.08799999999999997,30.739
GBR,2021,0.922,-0.07799999999999996,30.907
GBR,2022,0.909,-0.09099999999999997,30.908
GBR,2023,0.906,-0.09399999999999997,30.909
USA,1950,0.479,-0.521,26.629
USA,1951,0.479,-0.521,26.575
USA,1952,0.481,-0.519,26.616
USA,1953,0.472,-0.528,26.584
USA,1954,0.475,-0.525,26.561
USA,1955,0.484,-0.516,26.519
USA,1956,0.492,-0.508,26.449
USA,1957,0.498,-0.502,26.426
USA,1958,0.494,-0.506,26.414
USA,1959,0.494,-0.506,26.415
USA,1960,0.524,-0.476,26.413
USA,1961,0.524,-0.476,26.444
USA,1962,0.531,-0.469,26.457
USA,1963,0.531,-0.469,26.517
USA,1964,0.541,-0.45899999999999996,26.565
USA,1965,0.545,-0.45499999999999996,26.522
USA,1966,0.561,-0.43899999999999995,26.384
USA,1967,0.561,-0.43899999999999995,26.311
USA,1968,0.559,-0.44099999999999995,26.229
USA,1969,0.583,-0.41700000000000004,26.15
USA,1970,0.645,-0.355,26.058
USA,1971,0.656,-0.344,25.982
USA,1972,0.663,-0.33699999999999997,25.894
USA,1973,0.667,-0.33299999999999996,25.823
USA,1974,0.689,-0.31100000000000005,25.774
USA,1975,0.706,-0.29400000000000004,25.798
USA,1976,0.725,-0.275,25.856
USA,1977,0.725,-0.275,25.9
USA,1978,0.724,-0.276,25.95
USA,1979,0.73,-0.27,25.985
USA,1980,0.798,-0.20199999999999996,25.988
USA,1981,0.798,-0.20199999999999996,26.039
USA,1982,0.803,-0.19699999999999995,26.123
USA,1983,0.803,-0.19699999999999995,26.218
USA,1984,0.804,-0.19599999999999995,26.311
USA,1985,0.804,-0.19599999999999995,26.361
USA,1986,0.815,-0.18500000000000005,26.423
USA,1987,0.815,-0.18500000000000005,26.509
USA,1988,0.822,-0.17800000000000005,26.543
USA,1989,0.829,-0.17100000000000004,26.536
USA,1990,0.842,-0.15800000000000003,26.538
USA,1991,0.846,-0.15400000000000003,26.523
USA,1992,0.864,-0.136,26.588
USA,1993,0.875,-0.125,26.652
USA,1994,0.877,-0.123,26.731
USA,1995,0.877,-0.123,26.83
USA,1996,0.878,-0.122,26.942
USA,1997,0.878,-0.122,27.042
USA,1998,0.882,-0.118,27.133
USA,1999,0.883,-0.11699999999999999,27.228
USA,2000,0.885,-0.11499999999999999,27.368
USA,2001,0.883,-0.11699999999999999,27.504
USA,2002,0.884,-0.11599999999999999,27.637
USA,2003,0.885,-0.11499999999999999,27.779
USA,2004,0.894,-0.10599999999999998,27.858
USA,2005,0.894,-0.10599999999999998,27.902
USA,2006,0.897,-0.10299999999999998,27.898
USA,2007,0.897,-0.10299999999999998,27.925
USA,2008,0.901,-0.09899999999999998,27.986
USA,2009,0.908,-0.09199999999999997,28.099
USA,2010,0.902,-0.09799999999999998,28.291
USA,2011,0.899,-0.10099999999999998,28.478
USA,2012,0.9,-0.09999999999999998,28.62
USA,2013,0.899,-0.10099999999999998,28.779
USA,2014,0.9,-0.09999999999999998,28.949
USA,2015,0.898,-0.10199999999999998,29.11
USA,2016,0.898,-0.10199999999999998,29.27
USA,2017,0.89,-0.10999999999999999,29.386
USA,2018,0.897,-0.10299999999999998,29.505
USA,2019,0.892,-0.10799999999999998,29.586
USA,2020,0.905,-0.09499999999999997,29.676
USA,2021,0.906,-0.09399999999999997,29.826
USA,2022,0.909,-0.09099999999999997,29.881
USA,2023,0.897,-0.10299999999999998,29.898
URY,1950,0.632,-0.368,27.63
URY,1951,0.634,-0.366,27.632
URY,1952,0.634,-0.366,27.633
URY,1953,0.634,-0.366,27.644
URY,1954,0.634,-0.366,27.646
URY,1955,0.634,-0.366,27.647
URY,1956,0.634,-0.366,27.659
URY,1957,0.642,-0.358,27.662
URY,1958,0.642,-0.358,27.664
URY,1959,0.642,-0.358,27.666
URY,1960,0.642,-0.358,27.668
URY,1961,0.642,-0.358,27.682
URY,1962,0.642,-0.358,27.686
URY,1963,0.642,-0.358,27.691
URY,1964,0.643,-0.357,27.695
URY,1965,0.643,-0.357,27.699
URY,1966,0.643,-0.357,27.691
URY,1967,0.643,-0.357,27.684
URY,1968,0.638,-0.362,27.687
URY,1969,0.638,-0.362,27.69
URY,1970,0.601,-0.399,27.597
URY,1971,0.608,-0.392,27.504
URY,1972,0.605,-0.395,27.406
URY,1973,0.431,-0.569,27.46
URY,1974,0.423,-0.577,27.413
URY,1975,0.423,-0.577,27.543
URY,1976,0.427,-0.573,27.674
URY,1977,0.427,-0.573,27.538
URY,1978,0.427,-0.573,27.571
URY,1979,0.427,-0.573,27.516
URY,1980,0.453,-0.5469999999999999,27.509
URY,1981,0.453,-0.5469999999999999,27.485
URY,1982,0.453,-0.5469999999999999,27.5
URY,1983,0.453,-0.5469999999999999,27.537
URY,1984,0.471,-0.529,27.674
URY,1985,0.752,-0.248,27.78
URY,1986,0.782,-0.21799999999999997,27.779
URY,1987,0.782,-0.21799999999999997,27.696
URY,1988,0.782,-0.21799999999999997,27.608
URY,1989,0.795,-0.20499999999999996,27.59
URY,1990,0.807,-0.19299999999999995,27.571
URY,1991,0.811,-0.18899999999999995,27.553
URY,1992,0.811,-0.18899999999999995,27.537
URY,1993,0.811,-0.18899999999999995,27.519
URY,1994,0.816,-0.18400000000000005,27.542
URY,1995,0.817,-0.18300000000000005,27.564
URY,1996,0.817,-0.18300000000000005,27.587
URY,1997,0.817,-0.18300000000000005,27.605
URY,1998,0.817,-0.18300000000000005,27.623
URY,1999,0.844,-0.15600000000000003,27.456
URY,2000,0.844,-0.15600000000000003,27.485
URY,2001,0.844,-0.15600000000000003,27.36
URY,2002,0.844,-0.15600000000000003,27.423
URY,2003,0.844,-0.15600000000000003,27.536
URY,2004,0.844,-0.15600000000000003,27.628
URY,2005,0.851,-0.14900000000000002,27.642
URY,2006,0.851,-0.14900000000000002,27.655
URY,2007,0.851,-0.14900000000000002,27.668
URY,2008,0.851,-0.14900000000000002,27.683
URY,2009,0.869,-0.131,27.699
URY,2010,0.882,-0.118,27.717
URY,2011,0.878,-0.122,27.735
URY,2012,0.878,-0.122,27.742
URY,2013,0.876,-0.124,27.785
URY,2014,0.899,-0.10099999999999998,27.899
URY,2015,0.9,-0.09999999999999998,28.059
URY,2016,0.895,-0.10499999999999998,28.225
URY,2017,0.898,-0.10199999999999998,28.403
URY,2018,0.902,-0.09799999999999998,28.622
URY,2019,0.902,-0.09799999999999998,28.795
URY,2020,0.9,-0.09999999999999998,28.941
URY,2021,0.884,-0.11599999999999999,29.109
URY,2022,0.89,-0.10999999999999999,29.163
URY,2023,0.878,-0.122,29.166
UZB,1950,0.347,-0.653,30.834
UZB,1951,0.347,-0.653,30.83
UZB,1952,0.347,-0.653,30.825
UZB,1953,0.358,-0.642,30.821
UZB,1954,0.426,-0.5740000000000001,30.815
UZB,1955,0.43,-0.5700000000000001,30.81
UZB,1956,0.445,-0.5549999999999999,30.805
UZB,1957,0.446,-0.554,30.8
UZB,1958,0.454,-0.546,30.794
UZB,1959,0.454,-0.546,30.764
UZB,1960,0.462,-0.538,30.734
UZB,1961,0.462,-0.538,30.704
UZB,1962,0.468,-0.532,30.674
UZB,1963,0.468,-0.532,30.645
UZB,1964,0.468,-0.532,30.616
UZB,1965,0.48,-0.52,30.59
UZB,1966,0.485,-0.515,30.522
UZB,1967,0.491,-0.509,30.467
UZB,1968,0.487,-0.513,30.396
UZB,1969,0.478,-0.522,30.36
UZB,1970,0.482,-0.518,30.268
UZB,1971,0.481,-0.519,30.178
UZB,1972,0.477,-0.523,30.11
UZB,1973,0.481,-0.519,30.013
UZB,1974,0.488,-0.512,29.914
UZB,1975,0.484,-0.516,29.854
UZB,1976,0.485,-0.515,29.802
UZB,1977,0.478,-0.522,29.596
UZB,1978,0.478,-0.522,29.419
UZB,1979,0.482,-0.518,29.235
UZB,1980,0.482,-0.518,29.12
UZB,1981,0.482,-0.518,29.026
UZB,1982,0.482,-0.518,28.944
UZB,1983,0.482,-0.518,28.571
UZB,1984,0.48,-0.52,28.432
UZB,1985,0.496,-0.504,28.336
UZB,1986,0.531,-0.469,28.249
UZB,1987,0.525,-0.475,28.178
UZB,1988,0.534,-0.46599999999999997,27.81
UZB,1989,0.497,-0.503,27.479
UZB,1990,0.371,-0.629,27.283
UZB,1991,0.429,-0.571,27.233
UZB,1992,0.425,-0.575,26.898
UZB,1993,0.405,-0.595,26.576
UZB,1994,0.391,-0.609,26.349
UZB,1995,0.389,-0.611,26.311
UZB,1996,0.41,-0.5900000000000001,26.291
UZB,1997,0.398,-0.602,26.306
UZB,1998,0.398,-0.602,26.566
UZB,1999,0.407,-0.593,26.655
UZB,2000,0.419,-0.581,26.75
UZB,2001,0.419,-0.581,26.824
UZB,2002,0.43,-0.5700000000000001,26.987
UZB,2003,0.426,-0.5740000000000001,27.104
UZB,2004,0.48,-0.52,27.226
UZB,2005,0.478,-0.522,27.281
UZB,2006,0.482,-0.518,27.328
UZB,2007,0.483,-0.517,27.353
UZB,2008,0.484,-0.516,27.319
UZB,2009,0.504,-0.496,26.801
UZB,2010,0.504,-0.496,26.6
UZB,2011,0.505,-0.495,26.423
UZB,2012,0.503,-0.497,26.335
UZB,2013,0.516,-0.484,26.426
UZB,2014,0.488,-0.512,26.49
UZB,2015,0.49,-0.51,26.578
UZB,2016,0.482,-0.518,26.717
UZB,2017,0.529,-0.471,26.832
UZB,2018,0.568,-0.43200000000000005,26.801
UZB,2019,0.638,-0.362,27.008
UZB,2020,0.634,-0.366,27.268
UZB,2021,0.625,-0.375,26.953
UZB,2022,0.634,-0.366,27.004
UZB,2023,0.645,-0.355,27.045
VUT,1950,0.486,-0.514,29.48
VUT,1951,0.486,-0.514,29.474
VUT,1952,0.486,-0.514,29.472
VUT,1953,0.486,-0.514,29.471
VUT,1954,0.486,-0.514,29.474
VUT,1955,0.486,-0.514,29.468
VUT,1956,0.486,-0.514,29.467
VUT,1957,0.486,-0.514,29.461
VUT,1958,0.486,-0.514,29.455
VUT,1959,0.486,-0.514,29.449
VUT,1960,0.486,-0.514,29.439
VUT,1961,0.486,-0.514,29.43
VUT,1962,0.486,-0.514,29.421
VUT,1963,0.486,-0.514,29.412
VUT,1964,0.486,-0.514,29.402
VUT,1965,0.486,-0.514,29.392
VUT,1966,0.486,-0.514,29.387
VUT,1967,0.486,-0.514,29.391
VUT,1968,0.486,-0.514,29.391
VUT,1969,0.486,-0.514,29.391
VUT,1970,0.499,-0.501,29.392
VUT,1971,0.499,-0.501,29.394
VUT,1972,0.499,-0.501,29.392
VUT,1973,0.499,-0.501,29.394
VUT,1974,0.499,-0.501,29.393
VUT,1975,0.499,-0.501,29.391
VUT,1976,0.499,-0.501,29.388
VUT,1977,0.499,-0.501,29.382
VUT,1978,0.499,-0.501,29.376
VUT,1979,0.499,-0.501,29.354
VUT,1980,0.61,-0.39,29.335
VUT,1981,0.646,-0.354,29.31
VUT,1982,0.646,-0.354,29.289
VUT,1983,0.646,-0.354,29.267
VUT,1984,0.646,-0.354,29.243
VUT,1985,0.646,-0.354,29.212
VUT,1986,0.646,-0.354,29.185
VUT,1987,0.674,-0.32599999999999996,29.169
VUT,1988,0.674,-0.32599999999999996,29.155
VUT,1989,0.674,-0.32599999999999996,29.14
VUT,1990,0.674,-0.32599999999999996,29.124
VUT,1991,0.66,-0.33999999999999997,29.109
VUT,1992,0.66,-0.33999999999999997,29.103
VUT,1993,0.66,-0.33999999999999997,29.077
VUT,1994,0.66,-0.33999999999999997,29.06
VUT,1995,0.66,-0.33999999999999997,29.031
VUT,1996,0.66,-0.33999999999999997,29.001
VUT,1997,0.66,-0.33999999999999997,28.954
VUT,1998,0.646,-0.354,28.91
VUT,1999,0.646,-0.354,28.866
VUT,2000,0.661,-0.33899999999999997,28.82
VUT,2001,0.661,-0.33899999999999997,28.76
VUT,2002,0.673,-0.32699999999999996,28.689
VUT,2003,0.673,-0.32699999999999996,28.643
VUT,2004,0.685,-0.31499999999999995,28.583
VUT,2005,0.685,-0.31499999999999995,28.525
VUT,2006,0.685,-0.31499999999999995,28.496
VUT,2007,0.685,-0.31499999999999995,28.487
VUT,2008,0.685,-0.31499999999999995,28.489
VUT,2009,0.685,-0.31499999999999995,28.477
VUT,2010,0.691,-0.30900000000000005,28.406
VUT,2011,0.691,-0.30900000000000005,28.349
VUT,2012,0.667,-0.33299999999999996,28.3
VUT,2013,0.667,-0.33299999999999996,28.295
VUT,2014,0.667,-0.33299999999999996,28.276
VUT,2015,0.672,-0.32799999999999996,28.257
VUT,2016,0.672,-0.32799999999999996,28.238
VUT,2017,0.638,-0.362,28.217
VUT,2018,0.641,-0.359,28.194
VUT,2019,0.64,-0.36,28.184
VUT,2020,0.629,-0.371,28.161
VUT,2021,0.642,-0.358,28.138
VUT,2022,0.679,-0.32099999999999995,28.116
VUT,2023,0.691,-0.30900000000000005,28.094
VEN,1950,0.299,-0.7010000000000001,28.514
VEN,1951,0.299,-0.7010000000000001,28.5
VEN,1952,0.299,-0.7010000000000001,28.519
VEN,1953,0.299,-0.7010000000000001,28.56
VEN,1954,0.299,-0.7010000000000001,28.602
VEN,1955,0.299,-0.7010000000000001,28.629
VEN,1956,0.298,-0.702,28.656
VEN,1957,0.299,-0.7010000000000001,28.58
VEN,1958,0.498,-0.502,28.54
VEN,1959,0.631,-0.369,28.555
VEN,1960,0.64,-0.36,28.583
VEN,1961,0.64,-0.36,28.61
VEN,1962,0.64,-0.36,28.647
VEN,1963,0.647,-0.353,28.693
VEN,1964,0.647,-0.353,28.747
VEN,1965,0.673,-0.32699999999999996,28.779
VEN,1966,0.673,-0.32699999999999996,28.79
VEN,1967,0.673,-0.32699999999999996,28.791
VEN,1968,0.652,-0.348,28.753
VEN,1969,0.668,-0.33199999999999996,28.716
VEN,1970,0.694,-0.30600000000000005,28.672
VEN,1971,0.699,-0.30100000000000005,28.662
VEN,1972,0.704,-0.29600000000000004,28.632
VEN,1973,0.718,-0.28200000000000003,28.52
VEN,1974,0.72,-0.28,28.49
VEN,1975,0.717,-0.28300000000000003,28.425
VEN,1976,0.717,-0.28300000000000003,28.359
VEN,1977,0.717,-0.28300000000000003,28.279
VEN,1978,0.721,-0.279,28.21
VEN,1979,0.715,-0.28500000000000003,28.108
VEN,1980,0.726,-0.274,28.08
VEN,1981,0.726,-0.274,28.064
VEN,1982,0.726,-0.274,28.101
VEN,1983,0.73,-0.27,28.094
VEN,1984,0.747,-0.253,28.063
VEN,1985,0.747,-0.253,28.038
VEN,1986,0.747,-0.253,27.695
VEN,1987,0.747,-0.253,27.553
VEN,1988,0.789,-0.21099999999999997,27.452
VEN,1989,0.803,-0.19699999999999995,27.407
VEN,1990,0.801,-0.19899999999999995,27.335
VEN,1991,0.801,-0.19899999999999995,27.248
VEN,1992,0.801,-0.19899999999999995,27.197
VEN,1993,0.777,-0.22299999999999998,27.134
VEN,1994,0.777,-0.22299999999999998,27.089
VEN,1995,0.783,-0.21699999999999997,27.068
VEN,1996,0.783,-0.21699999999999997,27.007
VEN,1997,0.783,-0.21699999999999997,26.923
VEN,1998,0.81,-0.18999999999999995,26.839
VEN,1999,0.845,-0.15500000000000003,26.696
VEN,2000,0.828,-0.17200000000000004,26.658
VEN,2001,0.828,-0.17200000000000004,26.646
VEN,2002,0.824,-0.17600000000000005,26.585
VEN,2003,0.824,-0.17600000000000005,26.669
VEN,2004,0.824,-0.17600000000000005,26.615
VEN,2005,0.84,-0.16000000000000003,26.495
VEN,2006,0.839,-0.16100000000000003,26.377
VEN,2007,0.837,-0.16300000000000003,26.249
VEN,2008,0.843,-0.15700000000000003,26.197
VEN,2009,0.839,-0.16100000000000003,26.157
VEN,2010,0.83,-0.17000000000000004,26.095
VEN,2011,0.83,-0.17000000000000004,26.12
VEN,2012,0.826,-0.17400000000000004,26.12
VEN,2013,0.819,-0.18100000000000005,26.111
VEN,2014,0.807,-0.19299999999999995,26.138
VEN,2015,0.794,-0.20599999999999996,26.165
VEN,2016,0.799,-0.20099999999999996,26.24
VEN,2017,0.761,-0.239,26.312
VEN,2018,0.738,-0.262,26.381
VEN,2019,0.743,-0.257,26.291
VEN,2020,0.743,-0.257,26.292
VEN,2021,0.75,-0.25,26.293
VEN,2022,0.747,-0.253,26.294
VEN,2023,0.76,-0.24,26.292
VNM,1976,0.546,-0.45399999999999996,30.618
VNM,1977,0.548,-0.45199999999999996,30.504
VNM,1978,0.548,-0.45199999999999996,30.377
VNM,1979,0.548,-0.45199999999999996,30.273
VNM,1980,0.548,-0.45199999999999996,30.172
VNM,1981,0.54,-0.45999999999999996,30.001
VNM,1982,0.54,-0.45999999999999996,29.872
VNM,1983,0.54,-0.45999999999999996,29.726
VNM,1984,0.54,-0.45999999999999996,29.611
VNM,1985,0.54,-0.45999999999999996,29.465
VNM,1986,0.559,-0.44099999999999995,29.235
VNM,1987,0.551,-0.44899999999999995,28.964
VNM,1988,0.551,-0.44899999999999995,28.779
VNM,1989,0.562,-0.43799999999999994,28.632
VNM,1990,0.589,-0.41100000000000003,28.465
VNM,1991,0.606,-0.394,28.278
VNM,1992,0.612,-0.388,28.072
VNM,1993,0.628,-0.372,27.907
VNM,1994,0.632,-0.368,27.686
VNM,1995,0.632,-0.368,27.451
VNM,1996,0.626,-0.374,27.286
VNM,1997,0.644,-0.356,27.145
VNM,1998,0.647,-0.353,27.099
VNM,1999,0.657,-0.34299999999999997,27.092
VNM,2000,0.678,-0.32199999999999995,27.131
VNM,2001,0.684,-0.31599999999999995,27.167
VNM,2002,0.685,-0.31499999999999995,27.227
VNM,2003,0.685,-0.31499999999999995,27.297
VNM,2004,0.69,-0.31000000000000005,27.279
VNM,2005,0.708,-0.29200000000000004,27.238
VNM,2006,0.715,-0.28500000000000003,27.197
VNM,2007,0.724,-0.276,27.198
VNM,2008,0.724,-0.276,27.163
VNM,2009,0.724,-0.276,27.088
VNM,2010,0.731,-0.269,27.026
VNM,2011,0.729,-0.271,27.007
VNM,2012,0.732,-0.268,26.989
VNM,2013,0.725,-0.275,26.983
VNM,2014,0.733,-0.267,27.061
VNM,2015,0.733,-0.267,27.082
VNM,2016,0.738,-0.262,27.059
VNM,2017,0.736,-0.264,27.102
VNM,2018,0.732,-0.268,27.133
VNM,2019,0.735,-0.265,27.194
VNM,2020,0.698,-0.30200000000000005,27.208
VNM,2021,0.698,-0.30200000000000005,27.203
VNM,2022,0.71,-0.29000000000000004,27.193
VNM,2023,0.744,-0.256,27.189
YEM,1991,0.279,-0.721,30.438
YEM,1992,0.279,-0.721,30.345
YEM,1993,0.265,-0.735,30.25
YEM,1994,0.264,-0.736,30.232
YEM,1995,0.244,-0.756,30.284
YEM,1996,0.244,-0.756,30.259
YEM,1997,0.244,-0.756,30.172
YEM,1998,0.244,-0.756,30.187
YEM,1999,0.244,-0.756,30.138
YEM,2000,0.247,-0.753,30.132
YEM,2001,0.247,-0.753,30.161
YEM,2002,0.247,-0.753,30.137
YEM,2003,0.246,-0.754,30.046
YEM,2004,0.246,-0.754,30.075
YEM,2005,0.245,-0.755,30.038
YEM,2006,0.245,-0.755,29.939
YEM,2007,0.245,-0.755,29.999
YEM,2008,0.245,-0.755,30.055
YEM,2009,0.245,-0.755,30.099
YEM,2010,0.235,-0.765,30.11
YEM,2011,0.265,-0.735,30.113
YEM,2012,0.285,-0.7150000000000001,30.087
YEM,2013,0.272,-0.728,30.037
YEM,2014,0.196,-0.804,29.991
YEM,2015,0.157,-0.843,29.948
YEM,2016,0.163,-0.837,29.907
YEM,2017,0.147,-0.853,29.87
YEM,2018,0.155,-0.845,29.837
YEM,2019,0.138,-0.862,29.808
YEM,2020,0.135,-0.865,29.784
YEM,2021,0.159,-0.841,29.766
YEM,2022,0.164,-0.836,29.749
YEM,2023,0.175,-0.825,29.733
ZMB,1950,0.157,-0.843,28.985
ZMB,1951,0.157,-0.843,28.983
ZMB,1952,0.157,-0.843,28.981
ZMB,1953,0.157,-0.843,28.978
ZMB,1954,0.157,-0.843,28.974
ZMB,1955,0.157,-0.843,28.97
ZMB,1956,0.157,-0.843,28.966
ZMB,1957,0.157,-0.843,28.962
ZMB,1958,0.157,-0.843,28.961
ZMB,1959,0.157,-0.843,28.959
ZMB,1960,0.157,-0.843,28.963
ZMB,1961,0.157,-0.843,28.97
ZMB,1962,0.157,-0.843,28.978
ZMB,1963,0.157,-0.843,28.991
ZMB,1964,0.36,-0.64,29.018
ZMB,1965,0.415,-0.585,29.044
ZMB,1966,0.415,-0.585,29.069
ZMB,1967,0.415,-0.585,29.068
ZMB,1968,0.392,-0.608,29.069
ZMB,1969,0.392,-0.608,29.065
ZMB,1970,0.435,-0.565,29.064
ZMB,1971,0.437,-0.563,29.073
ZMB,1972,0.44,-0.56,29.084
ZMB,1973,0.46,-0.54,29.119
ZMB,1974,0.517,-0.483,29.175
ZMB,1975,0.517,-0.483,29.188
ZMB,1976,0.517,-0.483,29.269
ZMB,1977,0.517,-0.483,29.316
ZMB,1978,0.507,-0.493,29.409
ZMB,1979,0.507,-0.493,29.483
ZMB,1980,0.507,-0.493,29.585
ZMB,1981,0.508,-0.492,29.562
ZMB,1982,0.508,-0.492,29.588
ZMB,1983,0.499,-0.501,29.645
ZMB,1984,0.517,-0.483,29.704
ZMB,1985,0.517,-0.483,29.64
ZMB,1986,0.517,-0.483,29.614
ZMB,1987,0.517,-0.483,29.61
ZMB,1988,0.531,-0.469,29.537
ZMB,1989,0.541,-0.45899999999999996,29.458
ZMB,1990,0.593,-0.40700000000000003,29.432
ZMB,1991,0.582,-0.41800000000000004,29.266
ZMB,1992,0.645,-0.355,29.17
ZMB,1993,0.645,-0.355,29.094
ZMB,1994,0.645,-0.355,29.027
ZMB,1995,0.645,-0.355,29.014
ZMB,1996,0.663,-0.33699999999999997,29.003
ZMB,1997,0.664,-0.33599999999999997,28.983
ZMB,1998,0.668,-0.33199999999999996,28.913
ZMB,1999,0.667,-0.33299999999999996,28.842
ZMB,2000,0.68,-0.31999999999999995,28.815
ZMB,2001,0.688,-0.31200000000000006,28.927
ZMB,2002,0.688,-0.31200000000000006,28.974
ZMB,2003,0.708,-0.29200000000000004,28.963
ZMB,2004,0.708,-0.29200000000000004,29.004
ZMB,2005,0.697,-0.30300000000000005,29.046
ZMB,2006,0.712,-0.28800000000000003,29.09
ZMB,2007,0.715,-0.28500000000000003,29.084
ZMB,2008,0.712,-0.28800000000000003,29.066
ZMB,2009,0.707,-0.29300000000000004,29.073
ZMB,2010,0.71,-0.29000000000000004,29.053
ZMB,2011,0.691,-0.30900000000000005,29.016
ZMB,2012,0.695,-0.30500000000000005,28.932
ZMB,2013,0.698,-0.30200000000000005,28.885
ZMB,2014,0.709,-0.29100000000000004,28.833
ZMB,2015,0.709,-0.29100000000000004,28.774
ZMB,2016,0.731,-0.269,28.724
ZMB,2017,0.762,-0.238,28.683
ZMB,2018,0.772,-0.22799999999999998,28.648
ZMB,2019,0.775,-0.22499999999999998,28.599
ZMB,2020,0.764,-0.236,28.551
ZMB,2021,0.778,-0.22199999999999998,28.518
ZMB,2022,0.805,-0.19499999999999995,28.474
ZMB,2023,0.807,-0.19299999999999995,28.444
ZWE,1950,0.106,-0.894,29.418
ZWE,1951,0.106,-0.894,29.413
ZWE,1952,0.106,-0.894,29.407
ZWE,1953,0.119,-0.881,29.4
ZWE,1954,0.119,-0.881,29.393
ZWE,1955,0.119,-0.881,29.385
ZWE,1956,0.119,-0.881,29.378
ZWE,1957,0.119,-0.881,29.379
ZWE,1958,0.119,-0.881,29.381
ZWE,1959,0.119,-0.881,29.383
ZWE,1960,0.119,-0.881,29.384
ZWE,1961,0.119,-0.881,29.405
ZWE,1962,0.119,-0.881,29.447
ZWE,1963,0.119,-0.881,29.488
ZWE,1964,0.108,-0.892,29.552
ZWE,1965,0.109,-0.891,29.612
ZWE,1966,0.109,-0.891,29.662
ZWE,1967,0.109,-0.891,29.698
ZWE,1968,0.109,-0.891,29.724
ZWE,1969,0.106,-0.894,29.683
ZWE,1970,0.106,-0.894,29.687
ZWE,1971,0.106,-0.894,29.692
ZWE,1972,0.106,-0.894,29.71
ZWE,1973,0.106,-0.894,29.702
ZWE,1974,0.106,-0.894,29.673
ZWE,1975,0.106,-0.894,29.615
ZWE,1976,0.106,-0.894,29.622
ZWE,1977,0.106,-0.894,29.69
ZWE,1978,0.106,-0.894,29.671
ZWE,1979,0.106,-0.894,29.652
ZWE,1980,0.546,-0.45399999999999996,29.618
ZWE,1981,0.617,-0.383,29.58
ZWE,1982,0.617,-0.383,29.504
ZWE,1983,0.617,-0.383,29.484
ZWE,1984,0.617,-0.383,29.514
ZWE,1985,0.624,-0.376,29.55
ZWE,1986,0.636,-0.364,29.596
ZWE,1987,0.636,-0.364,29.639
ZWE,1988,0.643,-0.357,29.544
ZWE,1989,0.643,-0.357,29.481
ZWE,1990,0.659,-0.34099999999999997,29.392
ZWE,1991,0.648,-0.352,29.264
ZWE,1992,0.648,-0.352,29.174
ZWE,1993,0.648,-0.352,28.98
ZWE,1994,0.648,-0.352,28.853
ZWE,1995,0.663,-0.33699999999999997,28.739
ZWE,1996,0.663,-0.33699999999999997,28.645
ZWE,1997,0.695,-0.30500000000000005,28.549
ZWE,1998,0.695,-0.30500000000000005,28.475
ZWE,1999,0.695,-0.30500000000000005,28.415
ZWE,2000,0.687,-0.31299999999999994,28.387
ZWE,2001,0.71,-0.29000000000000004,28.372
ZWE,2002,0.71,-0.29000000000000004,28.305
ZWE,2003,0.71,-0.29000000000000004,28.207
ZWE,2004,0.71,-0.29000000000000004,28.1
ZWE,2005,0.741,-0.259,27.971
ZWE,2006,0.739,-0.261,27.895
ZWE,2007,0.736,-0.264,27.867
ZWE,2008,0.727,-0.273,27.87
ZWE,2009,0.731,-0.269,27.934
ZWE,2010,0.752,-0.248,27.985
ZWE,2011,0.744,-0.256,28.022
ZWE,2012,0.744,-0.256,28.017
ZWE,2013,0.79,-0.20999999999999996,28.016
ZWE,2014,0.803,-0.19699999999999995,27.991
ZWE,2015,0.796,-0.20399999999999996,27.995
ZWE,2016,0.795,-0.20499999999999996,28.001
ZWE,2017,0.792,-0.20799999999999996,28.021
ZWE,2018,0.797,-0.20299999999999996,28.038
ZWE,2019,0.795,-0.20499999999999996,28.054
ZWE,2020,0.81,-0.18999999999999995,28.069
ZWE,2021,0.797,-0.20299999999999996,28.084
ZWE,2022,0.788,-0.21199999999999997,28.08
ZWE,2023,0.694,-0.30600000000000005,28.062
