code,entity,n,S_floor,S_floor_SE,S_floor_CI_lo,S_floor_CI_hi,S_floor_CV,S_ceil,S_ceil_SE,S_ceil_CI_lo,S_ceil_CI_hi,S_ceil_CV,k,k_SE,k_CI_lo,k_CI_hi,k_CV,t_mid,t_mid_SE,t_mid_CI_lo,t_mid_CI_hi,t_mid_CV,v,v_SE,v_CI_lo,v_CI_hi,v_CV,R2,RMSE,DW,pcov_valid,status,max_param_corr
AFG,Afghanistan,237,-0.9383255332038543,0.026278859890184362,-0.9898320985886156,-0.8868189678190929,0.028006122566500802,-0.674164591696745,0.02376344195669159,-0.7207409379318606,-0.6275882454616295,0.03524872449453848,0.2968722901632997,0.13425639126759786,0.03372976327880789,0.5600148170477914,0.4522361827496525,2002.9771604159134,6.906133585189089,1989.4411385889427,2016.513182242884,0.003447934265888008,10.897194284356512,8.146197510553462,-5.069352836328273,26.863741405041296,0.7475499929599081,0.5307043485223101,0.07208619182598713,0.23306693888166524,True,ok,0.9618475516308882
AGO,Angola,126,-0.8771460038520115,0.005191523636900066,-0.8873213901803356,-0.8669706175236873,0.005918653923179656,-0.022254424713896746,0.1264032326230744,-0.2700047606551226,0.2254959112273291,5.679914634869985,0.03649031051366336,0.012251784654515914,0.01247681259081217,0.06050380843651455,0.3357544641865511,1990.5589188213062,2.2966045495999947,1986.05757390409,1995.0602637385223,0.0011537485918577638,0.005000000000012461,0.31335798752231014,-0.6091816555437154,0.6191816555437403,62.67159750430584,0.9785589684961867,0.03201631486640184,0.4091488992260315,True,ok,0.972173867383151
ALB,Albania,114,-1.2776094620664116,0.12179940829542533,-1.5163363023254453,-1.038882621807378,0.09533383393891463,-0.004005823913859491,0.5922025219142399,-1.1647227668657696,1.1567111190380508,147.8353853411571,0.20730363230498702,0.9066622816760194,-1.569754439780011,1.984361704389985,4.373595732959128,2014.8019804618177,10.001947737164654,1995.198162896975,2034.4057980266605,0.004964233624026954,19.999999997644174,90.00947731634935,-156.41857554240053,196.4185755376889,4.500473866347584,0.9723053220794644,0.040588590190505563,0.2099403984661523,True,ok,0.9994690538982661
ARE,United Arab Emirates,55,-0.9371480813640712,0.04737673819415207,-1.0300064882246094,-0.8442896745035332,0.05055416442318549,-0.16577968997048495,0.6056736387469082,-1.352900021914425,1.0213406419734552,3.6534851697137385,0.11599605059920803,0.21149834015417943,-0.2985406961029836,0.5305327973013997,1.8233236309480303,2018.252149393506,8.536804961536316,2001.5200116688948,2034.9842871181172,0.0042298010008817106,1.8436083910754146,4.5693709409369045,-7.112358653160919,10.799575435311748,2.478493243498147,0.965756219564071,0.030132342952047152,0.7610722625715787,True,ok,0.9945860456240239
ARG,Argentina,190,-0.9236868481317152,0.02341348418629991,-0.969577277136863,-0.8777964191265674,0.025347859216201824,-0.12032170068001767,0.028812036365846724,-0.17679329195707724,-0.0638501094029581,0.23945835375506505,0.15976993066948014,0.03428668299354233,0.09256803200213717,0.2269718293368231,0.21460034970204755,1995.4589642249414,4.438152784148178,1986.760184768011,2004.1577436818718,0.0022241263106465366,12.327293275137453,3.2441794017800967,5.968701647648464,18.68588490262644,0.2631704567557571,0.9240432157882531,0.07033747482464188,0.23680286483985594,True,ok,0.9343150146431033
ARM,Armenia,96,-0.9828067923538956,0.114726394143533,-1.2076705248752202,-0.7579430598325709,0.11673341600413112,-2.31017847382526e-19,3.768691428169978,-7.386635199213157,7.386635199213157,,0.24133015651825962,5.655504305193634,-10.843458281661261,11.32611859469778,23.434718589616978,2021.7889640780568,126.3508008997472,1774.1413943145524,2269.4365338415614,0.062494554646737636,19.999999438920252,471.98741739200807,-905.0953386494156,945.095337527256,23.599371531656875,0.9371850537770189,0.04713607909992273,0.8187600842586101,True,ok,0.9999627504396856
AUS,Australia,160,-0.7881822894160445,0.00920124043627944,-0.8062167206711522,-0.7701478581609368,0.011674000494348252,-0.07009422331269419,0.005005130697750469,-0.07990427948028511,-0.06028416714510327,0.07140575158986077,0.18385073593454138,0.01491573003086579,0.15461590507404444,0.21308556679503832,0.08112956390980354,1980.3785710601105,1.175757278506032,1978.0740867942386,1982.6830553259824,0.0005937032927379338,10.9557309831872,1.1999401397645626,8.603848309248658,13.307613657125742,0.10952625083675435,0.9911955022491119,0.023441466784686057,0.2896604745459889,True,ok,0.9529594311507685
AUT,Austria,170,-0.9679563669851075,0.051547302495824475,-1.0689890798769235,-0.8669236540932915,0.05325374598896312,-0.06983353567873668,0.008626733647674394,-0.08674193362817849,-0.05292513772929487,0.12353282078342644,0.24297965493124637,0.014009536331576984,0.21552096372135549,0.27043834614113726,0.057657240214375675,1982.6293540177032,1.6245284297755198,1979.4452782953433,1985.8134297400632,0.0008193808018041753,19.999999999999957,3.0978595892092824,13.928195205149764,26.071804794850152,0.15489297946046446,0.9801388743749505,0.0420524542925317,0.2980288477585919,True,ok,0.9910561330943038
AZE,Azerbaijan,201,-0.873542320876946,0.011506495358026815,-0.8960950517786787,-0.8509895899752135,0.013172224267824236,-0.3188955946540978,0.026794341310140947,-0.37141250362197403,-0.26637868568622153,0.08402229996060136,0.05869366628127128,0.017832374135729627,0.023742212975241213,0.09364511958730135,0.3038210980086587,1974.4961412548537,3.4903989676043086,1967.6549592783492,1981.3373232313581,0.0017677415998321737,3.3810783372682485,1.3888775697895033,0.6588783004808221,6.103278374055675,0.41077947070331733,0.9790786502609828,0.025029607286404507,0.34798115393882006,True,ok,0.9832986753649962
BDI,Burundi,110,-0.8338216100880403,0.018709127334910626,-0.8704914996644652,-0.7971517205116155,0.022437805771111152,-0.37485407964380274,0.005539269355699047,-0.38571104758097285,-0.3639971117066326,0.014777135041354283,0.6659269975821652,0.06819553577482111,0.5322637474635159,0.7995902477008145,0.10240692451638714,1997.53856584734,0.8058080150688433,1995.9591821378049,1999.117949556875,0.0004034004793930103,13.204436982348085,2.705321276679628,7.902007280056014,18.506866684640155,0.20487971431846336,0.9790013730433523,0.025284728853704672,0.45674837495552684,True,ok,0.968817023350389
BEL,Belgium,135,-0.6715709891982558,0.01213581994751036,-0.6953571962953761,-0.6477847821011354,0.01807079242955166,-0.035985472595879815,0.013069940274235423,-0.061602555533381245,-0.010368389658378385,0.3632004620590109,0.06889295587881811,0.012021464669023487,0.04533088512753207,0.09245502663010415,0.17449483064958196,1961.053485389179,2.5326114080613356,1956.089567029379,1966.0174037489792,0.001291454530399373,1.9419773088981203,0.6021737650739348,0.7617167293532081,3.122237888443032,0.3100828018508665,0.9763222787732033,0.03422684363966252,0.5509581752036196,True,ok,0.950445729525237
BEN,Benin,126,-0.6485972698337069,0.007899027164599715,-0.6640793630763223,-0.6331151765910915,0.012178631536060794,-0.07055957657677255,0.04697372982315653,-0.16262808703015935,0.021508933876614247,0.6657314584654094,0.04599117315699863,0.014524620664805067,0.017522916653980702,0.07445942966001656,0.3158132238815223,1972.426259640382,3.803066686002832,1964.9722489358167,1979.8802703449476,0.0019281160283762483,0.005000000000000229,0.4210269931498787,-0.820212906573762,0.8302129065737625,84.20539862997188,0.9511565517675745,0.04492071224962993,0.31134266922482384,True,ok,0.9391301834138073
BFA,Burkina Faso,92,-0.857726303044614,0.09881648830155498,-1.0514066201156618,-0.6640459859735661,0.1152074827958437,-0.2724429686059974,0.01369116570384093,-0.29927765338552564,-0.2456082838264692,0.050253327417089155,0.37134928651456456,0.585101054718472,-0.7754487807336404,1.5181473537627697,1.5756083987939045,1991.9805535289152,10.181265657279004,1972.0252728406483,2011.935834217182,0.005111127033465397,19.999997616421922,35.861205773401934,-50.28796569944586,90.2879609322897,1.793060502365082,0.8922698186814565,0.05513443909549613,0.276713768501647,True,ok,0.9856506715327613
BGD,Bangladesh,220,-0.81177507517084,0.004000104353623076,-0.8196152797039412,-0.8039348706377388,0.004927601839439631,-0.3419751809857566,0.006710044942839231,-0.3551268690737215,-0.32882349289779167,0.019621438384789414,0.23465535721524564,0.08659524994883289,0.06492866731553318,0.40438204711495807,0.3690316342081227,1975.1613312086133,2.522173713698913,1970.2178707297635,1980.1047916874631,0.0012769456721571089,5.189293419791224,2.2766297928186505,0.7270990258666696,9.651487813715779,0.4387167208807098,0.9647736952905869,0.0355726883920615,0.3649110302573943,True,ok,0.9839436715727936
BGR,Bulgaria,214,-0.9636418480665,0.016139441825377184,-0.9952751540442393,-0.9320085420887607,0.016748382044387323,-3.790797693194563e-20,0.08065959615511693,-0.15809280846402918,0.15809280846402918,,0.016767689039716153,0.004712117025632176,0.007531939669477088,0.02600343840995522,0.28102364103192745,1910.990549599843,6.871825806845788,1897.5217710184252,1924.4593281812608,0.0035959496546357763,0.005000000000235641,0.35982833508672607,-0.7002635367697475,0.7102635367702187,71.9656670139536,0.9603983676279135,0.06245468109944763,0.19757177403377957,True,ok,0.9636832499904763
BHR,Bahrain,126,-1.0678954241187544,0.07072528314006242,-1.2065169790732768,-0.929273869164232,0.06622866016906677,-2.1790755153016417e-08,104530.83303455252,-204880.43274774472,204880.43274770112,4797026642744.994,0.18574694424607138,27347.665035413633,-53601.237722466474,53601.60921635497,147230.76681780754,2070.233651065859,8188807.636215295,-16047992.733330911,16052133.200633043,3955.499241353405,18.413848236788308,2711087.688504201,-5313713.455619996,5313750.283316471,147230.9130411874,0.9421657434157961,0.02948267527253481,0.3037622400358761,True,ok,0.9999999999992042
BIH,Bosnia and Herzegovina,195,-0.9493209333825624,0.012241100919325692,-0.9733134911844408,-0.925328375580684,0.012894586529034968,-0.06525794047123759,0.07832331482784427,-0.21877163753381235,0.08825575659133716,1.2002112580056865,0.029916645387912066,0.009217318462545214,0.011850701201323446,0.04798258957450069,0.30810000061937115,1959.7348252853126,4.520448620858532,1950.8747459884298,1968.5949045821953,0.0023066634130974387,0.8458567647815152,0.6152075715610381,-0.3599500754781195,2.05166360504115,0.7273188525245716,0.9684618430276036,0.04989719722393593,0.19222314284080316,True,ok,0.9620966748873081
BLR,Belarus,219,-0.8561955556304739,0.011034973315547062,-0.8778241033289461,-0.8345670079320017,0.012888379579851096,-0.18530196991216472,0.010620549161740662,-0.2061182462691764,-0.16448569355515302,0.05731482059675311,0.20738528376930013,0.02438529746310275,0.15959010074161872,0.25518046679698153,0.11758451236216685,1992.8448522716833,1.8180935800124645,1989.281388854859,1996.4083156885076,0.0009123106487391548,10.072036440853228,1.6853725184487176,6.768706304693742,13.375366577012715,0.16733185273364096,0.9697970334138452,0.03896371441525224,0.1878735542419297,True,ok,0.9417511750814712
BOL,Bolivia,127,-0.9560780013347366,0.014128468200993657,-0.9837697990086842,-0.9283862036607891,0.014777526709399809,-0.20326042836287364,0.021987507647103027,-0.24635594335119557,-0.16016491337455172,0.10817406921847822,0.1512258000994892,0.04751055753046186,0.058105107339783954,0.2443464928591944,0.3141696555693894,1993.4155610725875,2.3284163377139446,1988.851865050668,1997.979257094507,0.0011680536578439797,3.9708330512080603,1.6397198015880288,0.7569822400955242,7.184683862320597,0.4129410077034518,0.973933523257102,0.04251868452979608,0.22921255138963503,True,ok,0.9783855030794357
BRA,Brazil,161,-0.9023908971355433,0.026329079344625188,-0.9539958926510087,-0.850785901620078,0.02917702231727016,-0.18108060639190096,0.017279689150726463,-0.21494879712732484,-0.14721241565647708,0.09542539919117102,0.18109271584111516,0.0468638086050344,0.08923965097524775,0.2729457807069826,0.25878350980252113,1993.0119965409665,3.24240866201968,1986.656875563408,1999.367117518525,0.0016268886828815594,9.99806174093327,3.525182739902056,3.08870357072524,16.9074199111413,0.3525866144104245,0.9493824686065971,0.05444147786697867,0.0897283062183049,True,ok,0.9787095793701661
BRB,Barbados,111,-0.6064140485984812,0.002979210358487264,-0.6122533009011163,-0.6005747962958462,0.004912832025202402,-0.13257070916917046,0.003770929100513328,-0.13996173020617658,-0.12517968813216435,0.0284446626569775,0.08086948196695722,0.00693348758678257,0.06727984629686337,0.09445911763705106,0.0857367627211406,1952.4897833213613,1.5016119662874172,1949.546623867438,1955.4329427752846,0.0007690754538715381,0.005000000000001572,0.18278556284447323,-0.353259703175166,0.3632597031751691,36.557112568883156,0.9943214741507317,0.016185615595381796,0.9212527301412264,True,ok,0.9559914048274571
BTN,Bhutan,126,-0.7373102977689184,0.01760203218170214,-0.7718102808450547,-0.7028103146927822,0.02387330305159907,-1.9413091670847915e-17,0.2109742726317148,-0.41350957435816105,0.41350957435816105,,0.03233772947558257,0.020307465468246685,-0.007464902842180932,0.07214036179334607,0.6279805600940647,1995.1779100299923,5.440229135080536,1984.5150609252344,2005.8407591347502,0.0027266887367446624,0.523477670446885,0.8765550270245038,-1.1945701825211423,2.2415255234149125,1.6744840831055927,0.9713172671869018,0.028366481848227144,0.2709014511648612,True,ok,0.98371455500069
BWA,Botswana,126,-0.8752303884602681,0.006153476685441814,-0.8872912027637341,-0.8631695741568022,0.007030693594022938,-0.2680884205651881,0.014793672543044678,-0.2970840187495557,-0.23909282238082055,0.05518206460337388,0.07610117770031674,0.013178771471132462,0.050270785616897115,0.10193156978373637,0.17317434328059828,1967.7457175999318,2.189828727225294,1963.4536532945704,1972.0377819052933,0.0011128616404238643,0.005000000000000005,0.3055501622617979,-0.5938783180331239,0.6038783180331239,61.11003245235951,0.9742655787805344,0.04054092549033959,0.5431539428394567,True,ok,0.9540056954727639
CAF,Central African Republic,104,-0.9744428762909555,0.007398061230162001,-0.988943076302073,-0.959942676279838,0.007592093297784076,-0.3786320559651416,0.01644342518511869,-0.41086116932797423,-0.34640294260230897,0.043428507771757545,0.05172340592506759,0.007338816430743216,0.03733932572081089,0.0661074861293243,0.1418857923118029,1965.7117379902827,2.013321010702354,1961.765628809306,1969.6578471712594,0.0010242198648926757,0.00500000000000455,0.23143384669291292,-0.44861033951810475,0.45861033951811386,46.28676933854046,0.9871222891887793,0.024771467173859047,0.6298072939817279,True,ok,0.9413391284836403
CAN,Canada,126,-1.1319999999999992,0.167334571651237,-1.4599757604364236,-0.8040242395635747,0.14782205976257695,-0.10374795229980302,0.004469723795844564,-0.11250861093965836,-0.09498729365994768,0.04308252545484746,0.1738027381099513,0.051560580823474124,0.07274399969594203,0.2748614765239606,0.2966614990314813,1969.0256786752027,3.963536077547749,1961.257147963209,1976.7942093871964,0.0020129428074368693,19.999999999998106,9.99550879789528,0.40880275612335737,39.591197243872855,0.4997754398948113,0.9890644642977829,0.019875922683996395,0.39800047881225037,True,ok,0.9771966496342811
CHE,Switzerland,171,-0.4930642033021016,0.003209143383795509,-0.4993541243343408,-0.4867742822698624,0.0065085710183451695,-0.0742098096504179,0.0066367201754129876,-0.08721778119422735,-0.061201838106608446,0.08943184474770599,0.13949587634975522,0.026124485659596137,0.08829188445694679,0.19069986824256363,0.1872778346084922,1969.5798460811307,1.6542595834980982,1966.3374972974743,1972.822194864787,0.0008399048085253185,0.005000000000050354,0.3830515608937022,-0.7457810593516059,0.7557810593517067,76.61031217796891,0.968864603623885,0.032039350033558255,0.1398300444951403,True,ok,0.9585068504443013
CHL,Chile,143,-0.7705728015240044,0.009342657184673654,-0.7888844096059648,-0.752261193442044,0.01212430177420766,-0.1427148202277776,0.023641786850192116,-0.18905272245415414,-0.09637691800140105,0.1656575456736661,0.23378831835006794,0.10738257851679439,0.02331846445715094,0.4442581722429849,0.4593154152210582,1990.674334863988,2.4457893194836506,1985.8805877978,1995.468081930176,0.0012286235255304873,0.005000000000000001,0.9432900127671556,-1.8438484250236251,1.853848425023625,188.6580025534311,0.8775703401014017,0.09213518339443072,0.1302991527293597,True,ok,0.959378194999945
CHN,China,237,-0.9017746854301001,0.002825860739523437,-0.907313372479566,-0.8962359983806342,0.003133666075551508,-0.3791338956754755,0.007991512081077234,-0.39479725935438686,-0.36347053199656415,0.0210783371580094,0.06349705970500565,0.007306001340320845,0.049177297077976787,0.0778168223320345,0.11506046696119526,1953.8219140639524,1.7259100651276265,1950.4391303363022,1957.2046977916025,0.0008833507561278863,1.0183554182606565,0.27570081621092485,0.47798181848724375,1.5587290180340692,0.2707314276206433,0.9841458922258567,0.02529149912585441,0.2561968823667815,True,ok,0.9418991636574422
CIV,Cote d'Ivoire,126,-0.9131030393027807,0.008310889694107015,-0.9293923831032305,-0.8968136955023309,0.009101809255232544,-0.2856845694819384,0.03616764276444722,-0.3565731493002549,-0.21479598966362184,0.12659991692947847,0.04871998803173176,0.012502942746658223,0.024214220248281647,0.07322575581518187,0.25662860874503796,1968.195776957799,3.41323087398464,1961.505844444789,1974.8857094708087,0.0017341927637200825,0.005000000000000006,0.3698810326040153,-0.7199668239038699,0.7299668239038699,73.97620652080296,0.9601987749876623,0.04601879587532397,0.31348906662873666,True,ok,0.9327432680217158
CMR,Cameroon,65,-0.6942415742738433,0.01786761753585038,-0.72926210464411,-0.6592210439035765,0.025736887847057265,-0.1710489892823461,0.03143216926401851,-0.23265604103982238,-0.10944193752486983,0.1837612101415826,0.06964981993252962,0.01928370359763077,0.03185376088117332,0.10744587898388594,0.276866524799505,1987.3827124777154,2.4901120332561604,1982.5020928925333,1992.2633320628975,0.001252960498057106,0.005000000000000065,0.4714860065955804,-0.9191125729273374,0.9291125729273376,94.29720131911485,0.977670078482314,0.026315272171231075,0.8039509972012643,True,ok,0.9404804300462409
COD,Democratic Republic of Congo,126,-0.9954223517654974,0.050507117126975434,-1.0944163013343693,-0.8964284021966256,0.05073938417938394,-2.449739893627548e-18,0.6430347479973162,-1.2603481060747397,1.2603481060747397,,0.01845816662899115,0.02155181036099299,-0.023783381678555114,0.06069971493653741,1.1676029799808416,1999.4783266962643,17.28218615858521,1965.6052418254374,2033.3514115670912,0.008643347581136598,0.21173266761503148,1.2821875645754968,-2.3013549589529423,2.724820294183005,6.055690786963243,0.972513729987426,0.0280222751046897,0.4286709778254747,True,ok,0.990307509683766
COG,Congo,123,-1.0424665617078395,0.11607270149929187,-1.2699690566464517,-0.8149640667692274,0.11134429224198203,-1.9187196729157614e-11,935365.0018813119,-1833315.4036873712,1833315.4036873712,,0.2066291718509108,107357.82998679615,-210421.1401449486,210421.5534032923,519567.63425571914,2091.005125661531,81829270.3683762,-160383278.91689166,160387460.927143,39133.94059351618,19.999999999996046,10391349.757422818,-20367025.524548724,20367065.524548724,519567.4878712436,0.8834268925567518,0.030445325257335523,0.3657802296811835,True,ok,0.9999999999999987
COL,Colombia,158,-0.859453826991403,0.01145649852775271,-0.8819085641057983,-0.8369990898770078,0.013329975582117348,-0.20812594938802806,0.017627053419954932,-0.24267497409113972,-0.1735769246849164,0.08469416462380297,0.16696310312301532,0.0589242837353194,0.051471507001789304,0.2824546992442413,0.3529179958514851,1993.4652707240277,3.1872411743673967,1987.2182780222677,1999.7122634257878,0.001598844595476594,7.927770021511422,3.236255993261663,1.5847082747185626,14.27083176830428,0.40821769356077686,0.9614940149461023,0.042971133649640565,0.26036649577568516,True,ok,0.9893526612237487
COM,Comoros,94,-0.8830679178018787,0.01264502026562135,-0.9078521575224965,-0.8582836780812608,0.014319419843829421,-0.4740749746918937,0.024427907794643187,-0.5219536739693943,-0.42619627541439303,0.05152752011539766,0.07651856532580475,0.028738585346587645,0.020190938046492975,0.13284619260511654,0.37557663586899454,1976.6254565529164,4.154366037419728,1968.4828991195736,1984.7680139862591,0.0021017467035280546,0.5911460133890744,0.7897831384928196,-0.9568289380568519,2.1391209648350005,1.336020408841036,0.9162860909908321,0.04560957102962707,0.4340656371628005,True,ok,0.9363901228890829
CPV,Cape Verde,126,-0.8493503781533719,0.004274747839301294,-0.8577288839184024,-0.8409718723883414,0.005032961601306757,-0.20446198733578452,0.008884261486810001,-0.22187513984993212,-0.18704883482163692,0.04345189833364735,0.126986697541293,0.017136385690974896,0.09339938158698219,0.1605740134956038,0.13494630557978374,1976.7669850899408,1.218736296453545,1974.3782619488918,1979.1557082309898,0.0006165300744326696,0.005000000000000001,0.2636804339935527,-0.5118136506273633,0.5218136506273633,52.736086798710524,0.9856668681738259,0.03340518400920753,0.4268879471720616,True,ok,0.9576119697095498
CRI,Costa Rica,126,-0.6265075438752319,0.009503363933366074,-0.6451341371846294,-0.6078809505658344,0.015168794097168375,-0.009583496833086994,0.030402573441290104,-0.0691725407780156,0.05000554711184161,3.1723883224258302,0.043467972126384626,0.009789831584628768,0.02427990222051224,0.06265604203225701,0.22521942261682915,1960.519586060959,3.4137385650466823,1953.8286584734676,1967.2105136484504,0.0017412417551540534,0.0050000000000488065,0.33891038462972645,-0.659264353874215,0.6692643538743127,67.78207692528365,0.9657339170018959,0.04147986622020215,0.14081613294818465,True,ok,0.9347256133347208
CUB,Cuba,233,-0.8705999754811682,0.0076577464022883485,-0.8856091584296534,-0.855590792532683,0.008795941440333743,-0.14592172187634328,0.09432601055676569,-0.330800702567604,0.03895725881491746,0.6464151419258831,0.016221694400585532,0.00532709379352685,0.005780590565272907,0.026662798235898157,0.3283931790340327,1937.0044329365335,5.558700544506094,1926.1093798693016,1947.8994860037653,0.0028697407450322685,0.005000000000653748,0.3431478219078727,-0.6675697309387767,0.6775697309400841,68.62956437260125,0.9532155696942914,0.04399487524414799,0.14400578359452298,True,ok,0.9692147258944865
CYP,Cyprus,126,-0.8288772712575336,0.004651792259274636,-0.8379947840857119,-0.8197597584293553,0.0056121604736695885,-0.1109691422052463,0.018701740330401066,-0.14762455325283239,-0.07431373115766021,0.16853099842666805,0.054482544902804665,0.006911423462889217,0.0409361549155418,0.06802893489006753,0.1268557383877534,1969.4319571897847,1.6573100467260362,1966.1836294982018,1972.6802848813677,0.0008415167839009171,0.005000000000000003,0.19009614091396343,-0.36758843619136833,0.37758843619136834,38.019228182792666,0.9892498564756995,0.027807588409753226,0.46309341763303413,True,ok,0.940805593367068
CZE,Czechia,177,-0.9677556368842574,0.0896101986466879,-1.1433916262317656,-0.7921196475367491,0.0925958942850417,-0.057133347096721514,0.052130264612656005,-0.15930866573752728,0.04504197154408426,0.9124314828676894,0.18821029997786964,0.01988103973016084,0.1492434621067544,0.22717713784898488,0.10563204953447562,2000.6154517286739,8.036257887742826,1984.864386268698,2016.3665171886498,0.004016892842049645,19.99999999986339,5.287230425770451,9.637028365353308,30.362971634373473,0.26436152129032825,0.8678021534499711,0.09953902805039176,0.2056431792412293,True,ok,0.9703247110441635
DEU,Germany,139,-1.030883980089679,0.06200947310947836,-1.1524225473842566,-0.9093454127951014,0.06015174773021889,-0.03656718446514173,0.02868478610891068,-0.09278936523860666,0.019654996308323194,0.7844406543318894,0.1958169769657084,0.0294227963845795,0.13814829605193257,0.25348565787948424,0.15025661635932638,1985.78764304171,5.706292005221128,1974.6033107114765,1996.9719753719435,0.0028735660760183667,14.32233664470896,4.017899572241696,6.447253483115237,22.197419806302683,0.28053380338088973,0.9021699321627931,0.11502882139257802,0.20086218013689797,True,ok,0.9414333482909065
DJI,Djibouti,126,-0.9271255822300668,0.003269581202822545,-0.933533961387599,-0.9207172030725346,0.003526578562267734,-0.3396934875730851,0.040924919365975226,-0.4199063295303965,-0.25948064561577366,0.12047601989181564,0.0620505177741895,0.01468848858776155,0.03326108014217686,0.09083995540620213,0.2367182275773268,1990.922663460355,1.7780353384673007,1987.437714196959,1994.4076127237508,0.0008930710223454677,0.005000000001438151,0.2842607844237849,-0.5521511374691802,0.5621511374720566,56.85215686840458,0.9807109218040979,0.025250336740432186,0.5243684003092167,True,ok,0.9467278012969884
DNK,Denmark,185,-0.7403611769939585,0.005001060389420742,-0.7501632553572232,-0.7305590986306939,0.006754892807489217,-0.03900317009015874,0.009545904350364062,-0.0577131426168723,-0.02029319756344518,0.2447468841198803,0.042861527357960665,0.007728783802749364,0.027713111104571912,0.05800994361134942,0.18031984110603325,1905.3116833363213,6.407964039384479,1892.7520738191276,1917.871292853515,0.003363210384646216,0.005000000004427547,0.5913573981769494,-1.1540605004223934,1.1640605004312483,118.27147953065938,0.983536154875377,0.03788947170186471,0.21827653435581465,True,ok,0.9905181308763364
DOM,Dominican Republic,160,-0.8672357643409945,0.00963815446781211,-0.8861265470979062,-0.8483449815840828,0.011113649671881401,-0.17294257904850946,0.01711412720092737,-0.20648626836232709,-0.13939888973469183,0.09895843634971437,0.1631789085201262,0.057731771508648895,0.05002463636317438,0.276333180677078,0.35379432325059557,1991.8969660870105,3.1253016064502495,1985.771374938368,1998.022557235653,0.0015690076643822396,8.018794436472136,3.1751488488754025,1.7955026926763473,14.242086180267925,0.3959633675648016,0.9695289771961946,0.04088426715863849,0.2808535659757213,True,ok,0.991097872272939
DZA,Algeria,126,-0.9330648596369681,0.010136002216548258,-0.9529314239814026,-0.9131982952925335,0.010863127157625376,-0.1055738603449964,0.1498353909726729,-0.39925122665143525,0.18810350596144249,1.419247060617446,0.032769081575486955,0.014792619486550961,0.003775547381847072,0.06176261576912684,0.4514200208045086,1981.7092068822506,3.756491009084997,1974.3464845044439,1989.0719292600572,0.001895581347676607,0.005000000000103986,0.4594915952558148,-0.895603526701293,0.905603526701501,91.89831904925173,0.9530524312982346,0.04997775195033901,0.26346170202906727,True,ok,0.9690399255952983
ECU,Ecuador,126,-0.8185735410985926,0.006025316094573527,-0.8303831606439567,-0.8067639215532285,0.007360751101833881,-0.13489222780665353,0.01721720389456571,-0.16863794744000232,-0.10114650817330473,0.12763673767212017,0.11145339655386237,0.019577749089580796,0.07308100833828401,0.14982578476944072,0.1756586133300963,1989.1121369366467,1.384581427096263,1986.398357339538,1991.8259165337554,0.0006960801260951544,1.4589501707565036,0.4783902583172478,0.5213052644546979,2.396595077058309,0.3279003408794901,0.9845306277789827,0.03119914611777413,0.373553412531865,True,ok,0.9573909724404975
EGY,Egypt,205,-0.9270350720824584,0.01983323406709483,-0.9659082108539643,-0.8881619333109525,0.021394265076230788,-1.0128377915669853e-10,4993.937985329138,-9788.118451245213,9788.118451245009,49306394636034.45,0.115585582540465,224.7130012084798,-440.32189678607995,440.55306795116087,1944.1265620633155,2098.103214015138,555322.5813334946,-1086334.1561996343,1090530.3626276648,264.67839028318076,12.464641521018688,24231.793774401714,-47481.851156306344,47506.780439348375,1944.042573028714,0.9241842291533596,0.028249175947995385,0.2758210558398342,True,ok,0.9999999999115088
ERI,Eritrea,126,-0.8624029598686959,0.008841684797301578,-0.879732662071407,-0.8450732576659847,0.010252382249068067,-0.7949263402547895,0.006063057111244387,-0.8068099321928285,-0.7830427483167505,0.007627193620607739,1.9999999999999998,20.403982066817846,-37.99180485096298,41.99180485096298,10.201991033408925,1939.9813228881674,11.483365327574527,1917.4739268461212,1962.4887189302135,0.0059193174656334046,0.005000000014120276,46.78761996182662,-91.69873512516605,91.7087351251943,9357.52396593916,0.25086257225267683,0.05418681290336024,0.15197370378741493,True,ok,0.9950298838235977
ESP,Spain,149,-0.8057758458090701,0.005180377542302783,-0.8159293857919836,-0.7956223058261567,0.006429055387111073,-0.07751036920336676,0.008592891599714644,-0.09435243673880747,-0.06066830166792606,0.11086118783887047,0.3186682816056789,0.07055135243314287,0.18038763083671888,0.4569489323746389,0.22139433544391257,1976.8734786834723,0.940869566322335,1975.0293743334805,1978.717583033464,0.00047593818039833323,0.005000000000000008,0.48415498917379574,-0.9439437787806396,0.9539437787806396,96.83099783475899,0.9774026869256182,0.04962960993467046,0.17650896148475892,True,ok,0.95870049625002
EST,Estonia,230,-0.9609103764726646,0.06066945545165917,-1.0798225091579166,-0.8419982437874127,0.06313747560346494,-0.008692052408184376,0.07535114595593466,-0.1563802984818163,0.13899619366544755,8.66897050516913,0.18831224596078422,0.018696082352752667,0.151667924549389,0.22495656737217945,0.09928235021234945,2005.5560757820915,8.712642444068713,1988.4792965917168,2022.6328549724662,0.004344252723360582,16.591901254021874,3.5973422718937154,9.541110401110192,23.642692106933556,0.21681314376323932,0.8628012788727869,0.0997057485333299,0.12479179555139977,True,ok,0.9457320503604421
ETH,Ethiopia,237,-0.8647114469941681,0.0016190575384787942,-0.8678847997695865,-0.8615380942187497,0.001872367417023119,-0.2540662316452908,0.017741466721503618,-0.2888395064194379,-0.2192929568711437,0.06983008566944462,0.09616605898119346,0.013888607427988179,0.06894438842233663,0.12338772954005028,0.14442317357212567,1992.683168450384,1.1010333391023803,1990.5251431057434,1994.8411937950248,0.0005525380835923867,0.0050000028291750315,0.21150378839251896,-0.4095474224201621,0.41954742807851214,42.30073374326785,0.982842717839671,0.021827812050730495,0.45977676515651716,True,ok,0.9458844735968864
FIN,Finland,126,-1.0449999999999828,0.8287601024378406,-2.66936980077815,0.5793698007781847,0.7930718683615829,-0.05189993866013576,0.008324941816785232,-0.06821682462103482,-0.0355830526992367,0.16040369279240793,0.06774332024588824,0.02158355915464288,0.025439544302788192,0.11004709618898828,0.31860793176804647,1935.1777491297632,5.18663560572705,1925.0119433425382,1945.3435549169883,0.002680185635691319,6.866968170345408,11.396382074096298,-15.469940694883334,29.203877035574152,1.6595944223698158,0.9726814854362142,0.025182335470626545,0.3103743029608521,True,ok,0.9889180265629581
FJI,Fiji,124,-0.6905166990115319,0.005597090769459902,-0.7014869969196733,-0.6795464011033905,0.008105655920373952,-0.395636793094932,0.011543220002551353,-0.41826150429993264,-0.37301208188993135,0.02917630565209234,0.0993284561363884,0.034886688494613724,0.030950546686945496,0.1677063655858313,0.3512255183621362,1970.6845299060474,3.921184065237237,1962.9990091381824,1978.3700506739124,0.0019897573689403145,0.005000000000000001,0.6628133986355195,-1.2941142613256182,1.304114261325618,132.56267972710387,0.9091572717425557,0.04015372065167133,0.3729572890033269,True,ok,0.9561923994756709
FRA,France,127,-0.5154042594374972,0.011112892918685915,-0.5371855295581216,-0.4936229893168729,0.021561507719812644,-0.10396781055442124,0.011564664945408233,-0.12663455384742137,-0.0813010672614211,0.11123312959788442,0.08336652319174102,0.024309558707015715,0.03571978812599022,0.13101325825749183,0.29159856710234044,1947.246194959673,4.083436316382422,1939.2426597795634,1955.2497301397825,0.002097031349683541,0.005000000000000001,0.5978844252076673,-1.166853473407028,1.1768534734070277,119.57688504153343,0.9022491901157078,0.057568420880778674,0.18620377137417993,True,ok,0.948969461860918
GAB,Gabon,116,-0.9469357426422202,0.009730632365526378,-0.9660077820786519,-0.9278637032057886,0.0102759162288828,-0.016341383516472806,0.09151614207176498,-0.19571302197713214,0.16303025494418655,5.60026891110614,0.03299702740228896,0.00874536315075428,0.01585611562681057,0.05013793917776735,0.2650348785705353,1978.5416409290488,2.4093741707375447,1973.8192675544033,1983.2640143036942,0.001217752571336428,0.005000000000005184,0.29421757477424115,-0.5716664465575074,0.5816664465575179,58.84351495478722,0.9829835241489753,0.034411234903661825,0.34712016750153135,True,ok,0.9673764934405752
GBR,United Kingdom,126,-0.8136111954608164,0.10740460616565795,-1.024124223545506,-0.6030981673761269,0.1320097446604403,-0.0868988013054849,0.016300175319853057,-0.1188471449323969,-0.05495045767857291,0.18757652666060676,0.07120784254831801,0.021738730852130125,0.028599930078142967,0.11381575501849306,0.3052856268939665,1964.8395594096091,4.703508612292145,1955.6206825295164,1974.0584362897018,0.002393838514583575,4.009083507504325,2.8099832246057574,-1.4984836127229597,9.516650627731611,0.7009041391494951,0.9793791761731477,0.027479814157708452,0.26574127935670777,True,ok,0.9508619589024986
GEO,Georgia,213,-0.8646558690299805,0.008315076777093785,-0.8809534195130843,-0.8483583185468767,0.009616631396282667,-0.12845954447769653,0.013069955887490704,-0.15407665801717832,-0.10284243093821475,0.1017437508488125,0.18531502021447743,0.01797839170156095,0.15007737247941796,0.2205526679495369,0.0970152968753065,1999.9260615398387,1.6877852052056157,1996.6180025376357,2003.2341205420416,0.0008439238018160077,10.059841989648948,1.284114243847465,7.542978071707917,12.576705907589979,0.12764755601218702,0.9810500774490393,0.03104228068902183,0.26728839688150163,True,ok,0.9462473627865718
GHA,Ghana,124,-0.7964234648147909,0.04687876267569146,-0.8883058396591461,-0.7045410899704356,0.05886160409223147,-0.2004504986156102,0.012377615479048854,-0.22471062495454597,-0.17619037227667445,0.06174898822668701,0.465875293789047,0.054220968868250854,0.35960219480727534,0.5721483927708186,0.116385156266309,1997.3506618017923,1.7852290256102405,1993.8516129115962,2000.8497106919883,0.0008937985000589737,16.27713446697906,4.581419516345363,7.297552214942149,25.25671671901597,0.28146351715896634,0.9351314111954191,0.052865832386603626,0.267189004787881,True,ok,0.9702299709618193
GIN,Guinea,126,-0.9128714849496332,0.010824734463070106,-0.9340879644972506,-0.8916550054020158,0.01185789526952674,-0.5641604241246381,0.030730916085180388,-0.6243930196515917,-0.5039278285976845,0.05447194587047302,0.05077610155595466,0.023573059143949682,0.004572905633813282,0.09697929747809604,0.46425500228631084,1961.1589534748953,6.957922309896452,1947.5214257474981,1974.7964812022924,0.0035478625011848234,0.005000000000000001,0.7366178116645246,-1.4387709108624682,1.448770910862468,147.32356233290488,0.8518299850261661,0.054781496732136406,0.31175128189765144,True,ok,0.9436267054940647
GMB,Gambia,126,-0.8685774632875594,0.010414717172786631,-0.8889903089462211,-0.8481646176288976,0.011990545015256327,-0.24805855171572078,0.07869492841216852,-0.4023006114035711,-0.09381649202787049,0.317243359956218,0.039331078598059614,0.016535406592422527,0.006921681676911463,0.07174047551920776,0.42041579284932945,1973.4051707128297,4.719784435846682,1964.1543932185702,1982.655948207089,0.002391695585829346,0.005000000000000001,0.5150981311109313,-1.0045923369774254,1.0145923369774252,103.01962622218623,0.932014367320209,0.053544978318339174,0.12822499841183718,True,ok,0.9510711534377833
GNB,Guinea-Bissau,126,-0.9588116948444739,0.0057238329787326035,-0.9700304074827898,-0.9475929822061581,0.005969715439965561,-0.37313143434037355,0.010184207838046225,-0.39309248170294414,-0.35317038697780295,0.02729388869648572,0.13465292193101955,0.02547033533663293,0.084731064671219,0.1845747791908201,0.1891554596169919,1973.4629264658627,1.6805285941203025,1970.169090421387,1976.7567625103384,0.0008515632959621107,0.005000000000000001,0.3810213985168083,-0.7418019410929442,0.7518019410929442,76.20427970336164,0.971999790242043,0.04384263565513186,0.4192221131430327,True,ok,0.9571486930323946
GNQ,Equatorial Guinea,126,-0.9592939538732184,0.004134442174922741,-0.9673974605360669,-0.9511904472103698,0.004309880363813024,-0.562016224264595,0.009611011034993963,-0.5808538058931831,-0.5431786426360068,0.01710094943890648,0.10386584521115481,0.019819261162163752,0.06502009333331386,0.14271159708899578,0.1908159618965411,1978.69361165327,1.8357140484442396,1975.0956121183192,1982.2916111882207,0.0009277404230917965,0.5724426794881634,0.4102175975067222,-0.23158381162501207,1.376469170601339,0.716609037386082,0.9724633282033014,0.02700955866525992,0.6462628848599747,True,ok,0.9317010991530529
GRC,Greece,169,-0.9301848870467294,0.01757957582566316,-0.9646408556650292,-0.8957289184284296,0.01889901251941112,-0.07780698359937079,0.015785448559524903,-0.1087464627760396,-0.046867504422701975,0.20287958521569724,0.17447657393241595,0.05523881324007682,0.06620849998186538,0.2827446478829665,0.3165973058450457,1981.2149681017406,3.5097033892443172,1974.3359494588217,1988.0939867446596,0.0017714904468983826,9.235814849769742,3.426407752121403,2.5200556556117917,15.951574043927693,0.37099138601796755,0.9530519139176399,0.06710885570171558,0.1543491792781029,True,ok,0.9804644966921888
GTM,Guatemala,161,-0.9235310198317408,0.00583410707257461,-0.934965869693987,-0.9120961699694946,0.006317175002565191,-0.31829279799275034,0.01550759488838899,-0.34868768397399275,-0.28789791201150794,0.04872116172965435,0.2674042393042771,0.10306349862318305,0.06539978200283833,0.4694086966057158,0.38542208190614335,1997.0488953226013,1.9100915643508662,1993.3051158564735,2000.792674788729,0.000956457084663574,3.65298129108793,1.783497436548774,0.157326315452333,7.148636266723527,0.4882306517418854,0.9485703180540104,0.049669996305334516,0.15978029646118416,True,ok,0.9787951422193282
GUY,Guyana,116,-0.5546280906072505,0.004498041651058222,-0.5634442522433246,-0.5458119289711764,0.008110014128807309,-0.15113929291980857,0.011009009628158135,-0.17271695179099852,-0.12956163404861862,0.0728401556966347,0.06545467041460376,0.013041467020971316,0.03989339505349998,0.09101594577570754,0.19924425466301945,1963.0745048100773,3.0418962843954653,1957.1123880926623,1969.0366215274923,0.0015495572261480526,0.005000000000000191,0.3402286912162941,-0.6618482347839363,0.6718482347839367,68.04573824325622,0.9758875156171632,0.026586881362929506,0.3446906461087337,True,ok,0.955689002489164
HKG,Hong Kong,126,-0.5406879687500762,0.00934767411651654,-0.5590094100184486,-0.5223665274817038,0.017288481817203785,-0.11352803570636985,0.005371969125259906,-0.12405709519187927,-0.10299897622086043,0.047318436294925645,0.3785321642134297,0.19827401500156525,-0.010084905189638171,0.7671492336164976,0.5237970078806075,1980.4229181869432,2.544757422664864,1975.43519363852,1985.4106427353663,0.0012849565611947995,8.258740373530035,4.9213549418483185,-1.3871153124926696,17.904596059552738,0.5958965555596928,0.9719396399017307,0.02929959903684636,0.2536606524487818,True,ok,0.9879602362046438
HND,Honduras,127,-0.8973850777421996,0.016166876229711944,-0.929072155152435,-0.8656980003319641,0.018015539405209897,-0.2651235729628256,0.016834482996269468,-0.2981191596355138,-0.23212798629013748,0.06349674156899628,0.19845105332993965,0.08738375430675092,0.02717889488870784,0.36972321177117146,0.4403290022425274,1991.7656660992136,3.134824908954128,1985.6214092776636,1997.9099229207636,0.001573892432383146,5.22155627613162,2.8679286821552403,-0.3995839408926507,10.842696493155891,0.5492478737162897,0.9549233492481062,0.049612797634696636,0.18514804278936545,True,ok,0.9799308568062806
HRV,Croatia,85,-1.3059999999999998,4.864990494230877,-10.841381368692518,8.22938136869252,3.725107575980764,-4.645111267193541e-44,0.2129976870206654,-0.41747546656050416,0.41747546656050416,,0.043887620448877576,0.08581799189647264,-0.12431564366820881,0.21209088456596398,1.9554031642348346,1961.941814590744,22.382357592223283,1918.0723937099863,2005.8112354715015,0.011408267781321632,2.8398835754862204,29.93498806522208,-55.832693032349056,61.512460183321494,10.540920875637259,0.9209541587232049,0.05548783868854429,0.24011732249029705,True,ok,0.9934813380008705
HTI,Haiti,198,-0.7871220456500613,0.007755132494152893,-0.8023221053386009,-0.7719219859615216,0.009852515930675215,-0.5258151687755214,0.009674913987872725,-0.5447780001917519,-0.5068523373592908,0.018399838122591505,0.6689274585615025,0.9434870978470311,-1.1803072532186785,2.518162170341683,1.4104475541726997,1992.2876588235458,3.618839247707291,1985.1947338980394,1999.3805837490522,0.0018164240649084936,5.770004334268248,9.802632209767669,-13.443154796876385,24.98316346541288,1.698895120675995,0.7948093761641337,0.04856703488717707,0.18893625795444738,True,ok,0.9895059309181244
HUN,Hungary,185,-0.901496646008343,0.019346481292243686,-0.9394157493411406,-0.8635775426755454,0.021460402962014617,-0.12431047794243377,0.019660325347919474,-0.16284471562435593,-0.0857762402605116,0.15815501374730342,0.1689978648828908,0.03428180919560257,0.10180551885950977,0.23619021090627185,0.2028535048023156,1990.155878838394,3.4799958528662076,1983.3350869667763,1996.9766707100118,0.0017486046645237643,11.058124302675644,2.8583495218223822,5.455759239903775,16.660489365447514,0.2584841193303254,0.9400798256459275,0.06602077736569546,0.23471011708776054,True,ok,0.9379110477433316
IDN,Indonesia,226,-0.9473260018231475,0.005961040445382604,-0.9590096410960974,-0.9356423625501976,0.006292491110674113,-3.689099031453921e-32,0.20148865452473202,-0.39491776286847474,0.39491776286847474,,0.030529710797028778,0.013672746570796517,0.003731127518267603,0.05732829407578995,0.4478505106614761,1988.0667843116696,5.304314577049924,1977.6703277406518,1998.4632408826874,0.002668076655627262,0.4761474268432198,0.5294078130270177,-0.5614918866897349,1.5137867403761744,1.1118569232577935,0.9504499801925355,0.04902753380061466,0.1254066415271258,True,ok,0.9783177649556524
IND,India,237,-0.8231289586434034,0.004954495312518206,-0.8328397694559391,-0.8134181478308677,0.0060190997540454615,-0.3306196650386013,0.013916164232258442,-0.35789534693382785,-0.30334398314337474,0.04209115701158813,0.06859184023853347,0.014781225620936962,0.039620638021497026,0.09756304245556992,0.21549539376016297,1962.5082637341543,2.9211729225379126,1956.78276480598,1968.2337626623287,0.0014884894889459794,1.8025112942595378,0.649646212119521,0.5292047185052766,3.075817870013799,0.3604117290074414,0.9598673992960419,0.036407893463740154,0.1261182445049674,True,ok,0.9623386382768923
IRL,Ireland,126,-0.9882123561833468,0.15337542878287558,-1.288828196597783,-0.6875965157689107,0.15520492920695605,-0.08048723771485762,0.01663193200072409,-0.11308582443627684,-0.047888650993438406,0.20664061126865957,0.17125739825846306,0.11599104599462806,-0.05608505189100793,0.39859984840793405,0.6772907166297916,1989.5264399421212,7.984232261542934,1973.877344709497,2005.1755351747454,0.0040131320203893395,19.999999999999993,17.74076349526422,-14.771896450717875,54.77189645071786,0.8870381747632112,0.9700011637223748,0.031332254275654524,0.14644782386185445,True,ok,0.9698955311095079
IRN,Iran,237,-0.9467380974086088,0.00279955544300141,-0.9522252260768915,-0.9412509687403261,0.0029570537518922003,-0.67854298685899,0.01398348333852466,-0.7059506142024983,-0.6511353595154816,0.020608102374257697,0.04319529160367273,0.012135477261156997,0.01940975617180501,0.06698082703554044,0.28094444580911604,1947.0169590470462,5.108550878913761,1937.0041993243751,1957.0297187697172,0.0026237834525150235,0.0050000000000072825,0.4334702247199131,-0.8446016404510223,0.8546016404510369,86.69404494385635,0.9157709761883038,0.03001974834588531,0.15146703598888023,True,ok,0.9491005120374438
IRQ,Iraq,235,-0.9574003591013875,0.009142545686630145,-0.9753197486471826,-0.9394809695555925,0.009549344325723155,-0.0021389190128088074,12.842264232141137,-25.172976814009434,25.16869897598382,6004.090924077019,0.12546845632000456,0.4176726460830723,-0.6931699300028171,0.9441068426428263,3.3289055937518457,2048.3829275172657,866.8280008239545,349.4000459023148,3747.365809132217,0.42317673574568887,8.329325087738617,27.34538331957196,-45.26762621862242,61.92627639409965,3.2830250988554144,0.9104655160783439,0.042315505359325815,0.12293533791266184,True,ok,0.999967264677923
ISL,Iceland,103,-0.5662485251963695,0.025162709734746803,-0.6155674362764733,-0.5169296141162657,0.04443757222329298,-0.08071119386090764,0.006059017121991935,-0.09258686742001183,-0.06883552030180344,0.0750703444237691,0.35872761814758813,0.27689220950397075,-0.18398111248019455,0.9014363487753708,0.7718731301866237,1988.3444037325944,4.9419647933697375,1978.6581527375897,1998.030654727599,0.002485467197781479,17.229158021323645,14.745587244980392,-11.672192978837924,46.13050902148521,0.8558507169491704,0.9705755725839214,0.02682589364956356,0.22326938195598425,True,ok,0.9905580908294925
ISR,Israel,207,-0.9295833011554865,0.002658394236617947,-0.9347937538592577,-0.9243728484517153,0.0028597697842824,-0.1332004982935091,0.005895288534789818,-0.14475526382169715,-0.12164573276532106,0.044258757364401664,0.0588313165352428,0.0049844402313954025,0.04906181368170781,0.0686008193887778,0.08472426804199566,1934.6843314673756,1.9688810337967866,1930.8253246411339,1938.5433382936174,0.0010176755979118693,0.5290403441213766,0.18319003788264637,0.1699878698713897,0.8880928183713634,0.3462685595120086,0.9952363343995305,0.024117956064805345,0.2040447326538994,True,ok,0.9537985380735918
ITA,Italy,159,-0.9341886158091023,0.011215515408421323,-0.9561710260096081,-0.9122062056085964,0.012005622011040615,-0.07674521297774915,0.01409271711629404,-0.10436693852568547,-0.04912348742981283,0.18362991735236908,0.10271365736621972,0.021490772102840425,0.060591744044652486,0.14483557068778696,0.2092299374192888,1967.2274605915434,2.55741553788201,1962.2149261372947,1972.239995045792,0.0013000100848089002,3.3556764870673748,0.9773916007051406,1.4399889496852991,5.271364024449451,0.2912651456336639,0.9759641387406575,0.050800093218642726,0.13844483399682625,True,ok,0.9711843713189617
JAM,Jamaica,104,-0.593236189087812,0.003919375355761739,-0.600918164785105,-0.5855542133905189,0.006606770503647722,-0.10743492275875072,0.003613719736530645,-0.11451781344235078,-0.10035203207515066,0.03363635998180399,0.1477662253209418,0.01691700566201862,0.1146088942233853,0.1809235564184983,0.11448492796832037,1968.8141401769778,1.0766918702284876,1966.70382411133,1970.9244562426256,0.0005468732920273029,1.327466982312264,0.3986313313933381,0.5461495727813214,2.1087843918432068,0.30029472424163606,0.9937858399000751,0.01750763292684791,0.38215821398303085,True,ok,0.913866841963006
JOR,Jordan,104,-0.8163497140726903,0.003989006509218979,-0.8241681668307596,-0.808531261314621,0.004886394201473054,-0.35997783040912695,0.010708180536412083,-0.3809658642604946,-0.3389897965577593,0.02974677780640512,0.0994683689179396,0.014985637021147979,0.07009652035648956,0.12884021747938965,0.1506573113057778,1985.9414742156575,1.3019962800945373,1983.3895615066722,1988.493386924643,0.0006556065709885824,0.6009990629322695,0.3124940313740542,-0.011489238560876691,1.2134873644254156,0.5199576016797737,0.9870290127449928,0.02013731824248967,0.6445587880976988,True,ok,0.9343959273463818
JPN,Japan,227,-0.9683603340584939,0.01237287285396856,-0.9926111648522722,-0.9441095032647155,0.012777137206883131,-0.21436844973140876,0.014256276222171323,-0.24231075112686454,-0.18642614833595297,0.06650361207553449,0.07729883301466951,0.017604577610438148,0.042793860898210745,0.11180380513112828,0.22774700372381054,1952.4719140617276,3.605242279699401,1945.405639193517,1959.5381889299383,0.0018465014803718304,3.133158671243392,1.0622285526003277,1.0511907081467498,5.215126634340034,0.3390280110450911,0.9652318854564639,0.05392734135083275,0.14689542690815754,True,ok,0.9661334931061553
KAZ,Kazakhstan,225,-0.8624167458887766,0.009234986084078843,-0.8805173186135711,-0.8443161731639821,0.010708263873704806,-0.21686530749127364,0.00849186025482176,-0.23350935359072428,-0.200221261391823,0.03915730161295375,0.2011390377412986,0.017878837724525056,0.1660965158012295,0.2361815596813677,0.08888795494547655,1992.016516925231,1.5486633245184505,1988.9811368091748,1995.051897041287,0.0007774349817685666,10.499972973849493,1.3669623731095202,7.820726722554834,13.179219225144152,0.13018722776848876,0.9783848197730416,0.03140134428596758,0.2964117734507277,True,ok,0.9312646106214716
KEN,Kenya,126,-0.9610028192224966,0.00621359909765223,-0.973181473453895,-0.9488241649910982,0.006465744921205714,-9.703114718270553e-14,0.10231094941115096,-0.2005294608459529,0.20052946084575884,,0.03652536793824193,0.009881149100309886,0.017158315701634556,0.05589242017484931,0.27052839322569444,1984.6816293784439,2.114199451594705,1980.5377984533181,1988.8254603035696,0.0010652587398900966,0.005000000000000001,0.2751352620543796,-0.534265113626584,0.544265113626584,55.02705241087591,0.9822037667174364,0.035637379815979225,0.25863798438897606,True,ok,0.967339151586547
KGZ,Kyrgyzstan,138,-0.9039104736428368,0.0354580143912352,-0.9734081818496578,-0.8344127654360158,0.0392273520720878,-0.22852079666491526,0.015128597381478382,-0.2581728475326129,-0.19886874579721764,0.06620227831457176,0.2777417008912423,0.01630085475125381,0.24579202557878482,0.30969137620369974,0.05869069966427863,2004.5746690857288,2.371756433646717,1999.9260264757813,2009.2233116956763,0.0011831719068506723,19.99999999786437,2.9228196821928996,14.271273420766288,25.728726574962455,0.14614098412525012,0.9654759176076327,0.03497439914784363,0.33951731326020407,True,ok,0.9504084700998473
KHM,Cambodia,126,-0.9592612199328482,0.06636882213393232,-1.0893441113153555,-0.8291783285503409,0.06918743378219583,-0.4306697804140887,0.014077221264061633,-0.4582611340916495,-0.40307842673652794,0.032686809951063656,0.4366384403049294,0.04846128822648529,0.3416543153810182,0.5316225652288405,0.11098722364582014,1999.878504401288,2.4964974011539973,1994.9853694950261,2004.7716393075498,0.0012483245335452938,19.999999999999936,6.844749752269407,6.584290485551898,33.415709514447975,0.34223748761347145,0.8982207390023966,0.05424553101460167,0.3887293524056475,True,ok,0.9809296868066717
KOR,South Korea,237,-0.9654946364514075,0.006573112244001448,-0.9783779364496504,-0.9526113364531646,0.006808025643892085,-4.845525162875901e-20,0.058303655009284805,-0.11427516381819822,0.11427516381819822,,0.042433761940492774,0.00933200917627306,0.024143023954997577,0.06072449992598797,0.21991944031169933,1972.9045461693047,2.2986786720814743,1968.399135972025,1977.4099563665843,0.0011651241194333044,1.1141258631852915,0.44492952848654144,0.24206398735167034,1.9861877390189127,0.39935302032616465,0.9761081520155992,0.04498649558720078,0.1417774295232112,True,ok,0.9743437013794569
KWT,Kuwait,237,-0.8702183295201181,0.0012936364198319929,-0.8727538569029888,-0.8676828021372475,0.0014865653548637257,-0.5832816871387453,0.020264987647358738,-0.6230010629275684,-0.5435623113499222,0.03474305484673703,0.03682203197448229,0.008444663392456742,0.020270491725267077,0.053373572223697506,0.22933724565523445,1969.9618245072636,2.716670070736953,1964.637151168619,1975.2864978459081,0.0013790470642325568,0.0050000000000001935,0.26684047300433966,-0.5180073270885055,0.528007327088506,53.36809460086587,0.9694578596828569,0.01470042515281865,0.28927418868664484,True,ok,0.9503009055329766
LAO,Laos,230,-0.8567825280439704,0.002246391086696471,-0.8611854545738955,-0.8523796015140452,0.0026218918023748327,-0.4929570579005055,0.02098030775213021,-0.5340784610946807,-0.45183565470633025,0.04256011231786584,0.11194047973812327,0.0352059390492954,0.04293683920150429,0.18094412027474224,0.31450587965727117,1995.7409399189528,1.9535039450192497,1991.912072186715,1999.5698076511906,0.0009788364341008016,1.7377961879263248,0.8196270737474637,0.13132712338129604,3.3442652524713536,0.47164741149852973,0.9435813462465212,0.025057479299891723,0.17398152830632518,True,ok,0.9749639260549363
LBN,Lebanon,108,-0.900890720194148,0.3224181650418193,-1.5328303236761138,-0.2689511167121821,0.3578882075423488,-6.649575050402576e-11,203646.17590163188,-399146.5047671985,399146.5047671984,,0.10710972831343586,35911.20102585439,-70385.84690094629,70386.06112040291,335274.8773740441,2113.503322471286,34642507.17317007,-67897200.55609086,67901427.5627358,16391.035114467257,19.317600424479807,6476717.955034802,-12694347.874267787,12694386.509468637,335275.4903671847,0.8887420587639,0.021767174260232416,0.21859726543148508,True,ok,0.9999999999975812
LBR,Liberia,152,-0.7378792361032799,0.014263601945556571,-0.7658358959165708,-0.709922576289989,0.019330537095585267,-0.15520652608317836,0.010992645178436185,-0.1767521106329133,-0.13366094153344343,0.07082592115066734,0.4723287580831388,0.09452696313241767,0.2870559103436002,0.6576016058226775,0.20012959514901935,2004.73136660279,1.2266986912247204,2002.3270371679896,2007.1356960375906,0.0006119017797898176,9.232921069523401,2.6506876725875466,4.037573231251811,14.428268907794992,0.2870909057521461,0.9619434714492628,0.03824133003620273,0.40392736678275093,True,ok,0.9619592614778862
LBY,Libya,106,-0.9369311863374564,0.012392339258595621,-0.9612201712843038,-0.912642201390609,0.013226520196257238,-6.408194426037768e-06,1653.477268741862,-3240.815453142244,3240.815440325855,258025452.8519695,0.23870051652763258,394.9757961539606,-773.9138599452351,774.3912609782903,1654.6918368659549,2044.6048946600454,44814.15408453315,-85791.13711102492,89880.34690034502,21.918246504043687,6.93936462989093,11483.471558755427,-22500.664890530745,22514.54361979053,1654.8304018052327,0.8566255408451726,0.03897865925135309,0.32183240652505657,True,ok,0.9999999961687855
LKA,Sri Lanka,126,-0.6314149259721318,0.016693410555425996,-0.6641340106607667,-0.5986958412834968,0.02643809936821604,-0.315528871352593,0.020047200955145304,-0.35482138522467777,-0.27623635748050823,0.06353523488740663,0.03981416805231102,0.013938023748056017,0.012495641506121227,0.06713269459850081,0.3500769808813569,1946.4635383800953,6.524640496915821,1933.6752430061404,1959.2518337540503,0.003352048660693547,0.005000000000000001,0.6608043423433044,-1.2901765109928767,1.3001765109928765,132.16086846866085,0.9107976595237771,0.03417050904764065,0.1650281623928775,True,ok,0.941330135172194
LSO,Lesotho,126,-0.8918262262892234,0.037704120571592926,-0.9657263026095455,-0.8179261499689012,0.042277429683218695,-0.1971510694254993,0.008825150072813818,-0.21444836356821437,-0.1798537752827842,0.044763389306131676,0.3940128844123778,0.020349320576923215,0.3541282160816083,0.4338975527431473,0.05164633285348459,2000.4293407544437,1.2431076409771633,1997.9928497781284,2002.865831730759,0.0006214204199326214,19.999999999999996,2.9842230969739103,14.150922729931132,25.84907727006886,0.14921115484869554,0.9762785833232477,0.03214485898224005,0.47989282972158676,True,ok,0.9728826019102998
LTU,Lithuania,225,-0.885165658980087,0.024124761610234493,-0.9324501917361466,-0.8378811262240274,0.027254515994250984,-0.05065664859727411,0.028481073555565027,-0.10647955276618157,0.005166255571633339,0.5622376202182792,0.18993695206976896,0.02330152157740798,0.1442659697780493,0.2356079343614886,0.12268029640092731,1999.504414298258,3.501311018532327,1992.6418447019348,2006.3669838945814,0.0017510894167048587,12.012139279380536,2.3052569932003224,7.493835572707904,16.530442986053167,0.19191061138938142,0.925178814782766,0.07009903301564646,0.1527730722541304,True,ok,0.888405143985558
LUX,Luxembourg,86,-0.7411070997318732,0.03330257366354132,-0.8063801441124141,-0.6758340553513322,0.04493624966700486,-0.16873357859296856,0.005717069162815789,-0.1799390341520875,-0.1575281230338496,0.033882225520783384,0.45401872907645996,0.14452137296055131,0.1707568380737794,0.7372806200791405,0.31831588369609504,1945.35523383359,0.9749277109213729,1943.4443755201842,1947.266092146996,0.0005011566494208586,0.005000000000000001,0.8002038173886333,-1.5633994820817214,1.5733994820817212,160.04076347772664,0.8982036627170631,0.046470750918803504,0.38946845675349284,True,ok,0.927321045974047
LVA,Latvia,218,-0.8597748632535551,0.01941963429299541,-0.8978373464678261,-0.8217123800392842,0.022586883058557612,-0.025100369972592396,0.02619146968981456,-0.07643565056462893,0.026234910619444145,1.0434694675183498,0.19194273765246941,0.03488687792611815,0.12356445691727784,0.260321018387661,0.18175669656897445,1997.9932096057994,3.191628714699292,1991.7376173249888,2004.24880188661,0.0015974171980939788,9.91228569329285,2.49534515506633,5.021409189362843,14.803162197222857,0.25174265878502733,0.9276457339241271,0.07248537924789118,0.22569281248784562,True,ok,0.9425140765385166
MAR,Morocco,237,-0.9479092887995554,0.004768294590988503,-0.9572551461978929,-0.9385634314012179,0.00503032795155656,-0.26297936673882333,0.01086957130761817,-0.28428372650175493,-0.24167500697589173,0.04133241114088328,0.23149517505745712,0.034838013689540516,0.1632126682259577,0.29977768188895654,0.1504913166371339,2003.843736817171,1.1465152941693237,2001.596566840599,2006.090906793743,0.000572158034633182,7.391557706688938,1.3475214258100143,4.75041571210131,10.032699701276567,0.1823054732550602,0.9850026001390819,0.023974501770803534,0.2161084904546864,True,ok,0.9864129813126697
MDA,Moldova,211,-0.8565363068613413,0.0074513427570177355,-0.871140938665096,-0.8419316750575866,0.008699389269699669,-0.10399921120028717,0.01126986840548701,-0.1260881532750417,-0.08191026912553263,0.10836494118962982,0.18865033064047265,0.01859623288715435,0.15220171418165013,0.22509894709929518,0.09857514070619261,1998.2324695530128,1.4918187267461696,1995.3085048485902,2001.1564342574354,0.0007465691552294095,9.348626888953676,1.221306874937129,6.954865414076904,11.742388363830448,0.13064024155036322,0.9842816205324285,0.030222831306799085,0.24580449609133195,True,ok,0.9529505285058115
MDG,Madagascar,209,-0.763311674299319,0.0059152367768863096,-0.7749055383820161,-0.7517178102166219,0.007749438369740898,-0.2414749166360801,0.037835847233047316,-0.31563317721285283,-0.16731665605930734,0.15668644909429097,0.06281467354863436,0.02423026573863425,0.015323352700911237,0.11030599439635749,0.3857421263182069,1972.0526044153078,4.778687669306987,1962.686376583466,1981.4188322471496,0.0024232049685732476,0.00500000000001174,0.5878703435231654,-1.1472258733053924,1.1572258733054157,117.57406870435702,0.8810190246448261,0.06593867609204668,0.10904732132207307,True,ok,0.9493599035913354
MDV,Maldives,100,-0.7353182229535595,0.007664669905221146,-0.7503409759677929,-0.7202954699393261,0.010423609351655119,-0.366841051613689,0.06989765780194909,-0.5038404609055093,-0.2298416423218688,0.1905393561993071,0.03165510146892427,0.019132186846433218,-0.005843984750084831,0.06915418768793338,0.6043950566772068,1971.9531696349848,7.4992136459751295,1957.2547108888734,1986.651628381096,0.003802936987273009,0.005000000000181091,0.7021746729712451,-1.3712623590234594,1.3812623590238216,140.4349345891627,0.9516652988676252,0.02698880022629047,0.4326896276551617,True,ok,0.9718187906031944
MEX,Mexico,161,-0.8810904762844166,0.0031145579211448006,-0.8871950098098604,-0.8749859427589728,0.0035348900084347513,-0.14116677750746454,0.027734431130405482,-0.19552626252305927,-0.08680729249186979,0.19646570970948854,0.08010545958483838,0.013586720259892387,0.0534754878754493,0.10673543129422745,0.16961041519901543,1994.879222173677,1.0423627637784056,1992.8361911566712,1996.9222531906826,0.0005225192343437301,3.1425624028130477,0.636022581437415,1.8959581431957144,4.389166662430381,0.20238980166888104,0.9948700972995861,0.01550596448228433,0.747894737358129,True,ok,0.9920582481222647
MKD,North Macedonia,235,-0.9420334396352381,0.0064516788247730205,-0.9546787301317933,-0.929388149138683,0.006848672831901971,-0.04638124275273442,0.05299842622856914,-0.15025815816072993,0.05749567265526109,1.142669387086326,0.02989187226791761,0.005897707109470602,0.01833236633335523,0.04145137820247999,0.1973013619424736,1957.5085516284378,2.6575452868769713,1952.299762866159,1962.7173403907166,0.001357616182399907,0.610599049177183,0.3235415109392959,-0.023542312263836962,1.244740410618203,0.5298755564314857,0.9787892861407251,0.039892282174302456,0.25822295755150493,True,ok,0.9664856306271947
MLI,Mali,125,-0.9203981483350478,0.008516901241191477,-0.9370912747677831,-0.9037050219023126,0.00925349671400155,-0.321219890348919,0.011734553404077527,-0.344219615020911,-0.29822016567692705,0.036531216642067495,0.10095833099934552,0.02100181016186397,0.05979478308209214,0.1421218789165989,0.20802453798488524,1959.4562986919418,2.4467908672120817,1954.660588592206,1964.2520087916776,0.001248709077536185,0.005000000000000001,0.4183152059361181,-0.8148978036347915,0.8248978036347915,83.6630411872236,0.9594886405364491,0.054577116484826015,0.37875749649479823,True,ok,0.9536718570944277
MLT,Malta,105,-0.5766687628227215,0.008575715078669697,-0.5934771643769141,-0.5598603612685289,0.014871128161498888,-0.04924015158843609,0.05262820861414772,-0.15239144047216563,0.05391113729529344,1.0688067951949056,0.030845105232418613,0.009933369513157245,0.011375700986630412,0.050314509478206815,0.322040383338266,1967.069254075261,4.0638784167404385,1959.1040523784498,1975.034455772072,0.002065955943503834,0.005000000000000078,0.4062782473982035,-0.7913053649004788,0.801305364900479,81.25564947963943,0.9769974067584942,0.02467626062169265,0.2663128768102161,True,ok,0.9678929598600207
MMR,Myanmar,237,-0.7452589519553755,0.003743512463785657,-0.7525962363843954,-0.7379216675263556,0.005023102981807337,-0.5294343449527689,0.015622602414873671,-0.5600546456859212,-0.49881404421961645,0.029508101549904873,1.4765497541865442,2.8471340654805775,-4.103833014155388,7.056932522528475,1.928234424480407,2009.6316351152248,1.6955813159213087,2006.308295736019,2012.9549744944304,0.0008437274206345236,0.0050000009391849886,3.6651621741986253,-7.178717860490121,7.18871786236849,733.0322971491391,0.4769182693320049,0.05493537975321994,0.21688199276779083,True,ok,0.9610486590808368
MNE,Montenegro,31,-0.8208965350478908,0.011188514843662829,-0.84282602414147,-0.7989670459543117,0.013629628541445962,-0.08391025829782257,0.0385722139661613,-0.1595117976714987,-0.008308718924146433,0.45968412859911584,0.08494490525396585,0.041330951447981365,0.0039362404159223735,0.16595357009200934,0.4865618641213533,1992.2967775927111,8.051046809337366,1976.5167258464098,2008.0768293390124,0.004041088104888385,1.146192856553428,2.3343361494678687,-3.429105996403594,5.721491709510451,2.0365998061505604,0.9979853704975201,0.013401580762675242,1.215460245282825,True,ok,0.9884248979510591
MNG,Mongolia,115,-1.0913959476270934,0.11705239157586537,-1.3208186351157896,-0.8619732601383973,0.10725016143807387,-0.15648265250145482,0.020634278064081534,-0.1969258375070546,-0.11603946749585502,0.13186303870896934,0.2939196684247452,0.32367928840164417,-0.3404917368424774,0.9283310736919679,1.101250862646909,1995.879883843257,8.4749931565757,1979.2688972563685,2012.4908704301454,0.004246244087723502,19.9999999999997,25.222205839290606,-29.435523445009885,69.4355234450093,1.2611102919645492,0.9397031300553378,0.061119594662798836,0.22765692873721668,True,ok,0.9855009748033857
MOZ,Mozambique,126,-1.0244402179145742,0.0610295085067845,-1.1440580545878718,-0.9048223812412766,0.05957351872715487,-0.24537232500685127,0.005931484897470612,-0.25699803540589367,-0.23374661460780888,0.02417340626048595,1.1546465640307333,0.0668800285297592,1.0235617081124053,1.2857314199490613,0.05792251119363228,1992.173824732036,0.49839125442558935,1991.196977873362,1993.1506715907103,0.00025017458227703955,19.999999999999993,4.2073243723312475,11.753644230230748,28.246355769769238,0.21036621861656243,0.986993319287441,0.03156303511070241,0.5820264792709028,True,ok,0.9966193754097641
MRT,Mauritania,122,-0.994702534083137,0.04695020177236879,-1.0867249295569799,-0.9026801386092942,0.047200243453330445,-0.3674284200412389,0.014076174028376534,-0.3950177211368569,-0.33983911894562085,0.0383099762037914,0.41923256864328895,0.02822669155101124,0.36390825320330694,0.47455688408327096,0.06732943397589033,2006.9556713258637,1.810736077688452,2003.4066286135944,2010.504714038133,0.0009022302303728601,19.999999999999996,4.070127267137606,12.02255055641029,27.977449443589705,0.20350636335688033,0.9540720530371283,0.03905158036532508,0.24608877914582045,True,ok,0.9789620590134747
MUS,Mauritius,126,-0.6111477748322109,0.004819230971456918,-0.6205934675362665,-0.6017020821281553,0.007885541222464609,-0.17828767783293195,0.012597892159406416,-0.20297954646536853,-0.15359580920049537,0.07066047588107309,0.06611949305144883,0.01096367733739712,0.04463068547015048,0.08760830063274719,0.16581611309188465,1973.1218611699596,1.9423341127989158,1969.3148863088738,1976.9288360310454,0.0009843964283317056,0.5229795376620439,0.33183872630027517,-0.12742436588649542,1.173383441210583,0.6345156978488012,0.9819736257691128,0.021895137228890887,0.39113778492152146,True,ok,0.9381663141953307
MWI,Malawi,126,-0.9099640355736421,0.013704975927506292,-0.9368257883915545,-0.8831022827557298,0.015061008338496216,-0.22350987401974096,0.009258418248503186,-0.2416563737868072,-0.2053633742526747,0.04142286012691081,0.4983616629007054,0.10908349470730387,0.2845580132743898,0.712165312527021,0.21888420163056943,1999.319887222593,1.0825295037632523,1997.198129395217,2001.441645049969,0.0005414488750307367,8.675392491927976,2.5498962876363978,3.6775957681606366,13.673189215695317,0.29392287323126304,0.9778412839782176,0.03872058011571618,0.24915691759132322,True,ok,0.9710174713204195
MYS,Malaysia,126,-0.5553938025113982,0.01080120498458885,-0.5765641642811924,-0.5342234407416041,0.01944783131491133,-0.19232777087683606,0.12613980257406088,-0.4395617839219954,0.054906242168323266,0.6558584961442672,0.02785924497675112,0.02352114525466676,-0.01824219972239573,0.07396068967589797,0.8442850936662297,1977.8737376549063,7.477892134126901,1963.2170690720177,1992.530406237795,0.0037807732575453317,0.005000000000000001,0.8786058653580233,-1.7170674961017258,1.7270674961017256,175.72117307160462,0.8717117423716196,0.03642451640007472,0.13416312913696404,True,ok,0.9729087938713771
NAM,Namibia,126,-0.8966078781253589,0.003523568675211835,-0.9035140727287742,-0.8897016835219437,0.00392988814974386,-0.20078321414213277,0.0062483919007133605,-0.21303006226753096,-0.18853636601673457,0.031120091026584404,0.5108157486952655,0.09572915876498211,0.3231865975159005,0.6984448998746304,0.18740447805200838,1989.2344590335708,0.5023962482641976,1988.249762386973,1990.2191556801686,0.00025255758363862076,0.005000000000000001,0.41278738371442775,-0.8040632720802784,0.8140632720802784,82.55747674288553,0.9889490454759244,0.03208913269921098,1.0438943285494653,True,ok,0.9590408518186516
NER,Niger,104,-0.7998672686691294,0.009986502013594046,-0.8194408126157737,-0.780293724722485,0.01248519898833994,-0.2620187977207246,0.01455542605163686,-0.29054743278193285,-0.2334901626595164,0.0555510756413397,0.15834513114067617,0.04314224517498842,0.07378633059769886,0.24290393168365348,0.27245703650123737,1993.2272191740099,1.8968322689466108,1989.5094279268744,1996.9450104211453,0.0009516387548292939,2.493218685407766,1.0664525128391447,0.40297176024304227,4.583465610572489,0.42774126436675824,0.9741399424532661,0.03265412858797647,0.5764467919425798,True,ok,0.9635091206795865
NGA,Nigeria,66,-0.7393417675548754,0.03330909445681066,-0.8046275926902242,-0.6740559424195265,0.045052364033171435,-0.28323971601593484,0.004575498033295764,-0.2922076921611945,-0.27427173987067516,0.01615415414778325,0.4211011302677638,0.08359891407081294,0.25724725868897047,0.5849550018465571,0.19852455398933563,1997.8027109684856,1.2815638938830325,1995.290845736475,2000.3145762004963,0.0006414867128004656,13.707470207846063,4.653613551664408,4.586387646583823,22.828552769108303,0.3394947047924796,0.9848550678076324,0.018390620775800774,0.8462160518268363,True,ok,0.9767184264903958
NIC,Nicaragua,126,-0.8623030256909558,0.006412993828820438,-0.874872493595444,-0.8497335577864678,0.007437053608482659,-0.3245342305371239,0.007656089650244174,-0.33954016625160244,-0.3095282948226453,0.02359100806584526,0.5624480760461099,0.28850282659630433,-0.0030174640826465815,1.1279136161748664,0.5129412631729807,1984.8191907374933,1.4699549904397187,1981.9380789562315,1987.700302518755,0.0007405989408503915,4.8292341709083555,3.002959421340953,-1.0565662949199126,10.715034636736624,0.6218293242914147,0.9691000130416073,0.04231940905835227,0.49238379185559755,True,ok,0.9835401264953907
NLD,Netherlands,150,-0.7299649252593099,0.01922745280010993,-0.7676507327475254,-0.6922791177710944,0.026340242023655647,-0.08781941282811942,0.005766221845468923,-0.0991212076452385,-0.07651761801100034,0.06565999088099804,0.21583264806068103,0.070890955528304,0.0768863752252052,0.35477892089615687,0.3284533464481848,1972.402818115147,2.866156984601263,1966.7851504253285,1978.0204858049656,0.001453129633702409,8.268887928904052,3.5502011889405583,1.3104935985805577,15.227282259227547,0.4293444559250542,0.9847825582485303,0.030153916802326274,0.21982010934209031,True,ok,0.9940391754848268
NOR,Norway,151,-0.819947743154755,0.039795814737605545,-0.897947540040462,-0.7419479462690481,0.048534574391888505,-0.05363581539448899,0.0074269790724907515,-0.06819269437657087,-0.03907893641240712,0.13847051672218752,0.19638504277815122,0.0180733661201555,0.16096124518264643,0.231808840373656,0.09203025782657134,1965.7252523150469,2.109955147147471,1961.5897402266378,1969.860764403456,0.0010733723569265662,17.04177382336948,3.0511653206974976,11.061489794802384,23.022057851936573,0.1790403600189446,0.9652361426032133,0.04473629860965436,0.2740728825507942,True,ok,0.9502437205725669
NPL,Nepal,237,-0.9971818138732583,0.018494313485066236,-1.0334306683039882,-0.9609329594425285,0.018546581202910768,-0.23195503135283663,0.009456602541164845,-0.2504899723335197,-0.21342009037215354,0.04076912014372306,0.432891588046516,0.022351452461568635,0.3890827412218415,0.4767004348711905,0.05163291012983805,2005.9809905374414,0.8135612110144171,2004.3864105638531,2007.5755705110296,0.00040556775704860904,13.568380083066076,1.5293916113170771,10.570772524884605,16.565987641247546,0.11271733264797201,0.9799369288958271,0.02968745072932117,0.37450431226767605,True,ok,0.9883293105491039
NZL,New Zealand,126,-0.4084433247872993,0.004429101030255189,-0.4171243628065994,-0.39976228676799913,0.010843857057920302,-0.0639655097329672,0.0019170385538077642,-0.06772290529843042,-0.06020811416750399,0.029969878483118554,0.3159119638888491,0.0701558768181621,0.1784064453252514,0.45341748245244684,0.222074137220222,1986.5151273577198,1.3624863493567558,1983.8446541129806,1989.185600602459,0.0006858675932506038,10.40511177439865,2.6249114440251597,5.260285344109337,15.549938204687962,0.25227133556447195,0.995121390445886,0.008710562339856124,0.6069137574190994,True,ok,0.987864053565727
OMN,Oman,114,-0.9266473370806154,0.002510194586702165,-0.9315673184705516,-0.9217273556906792,0.0027088995848307132,-0.6473966337625604,0.004705947389302131,-0.6566202906455926,-0.6381729768795282,0.0072690328368746,0.12017833314518386,0.021040840180492792,0.07893828639141799,0.16141837989894975,0.17508014656081125,1971.5258040970186,1.6929749680741077,1968.2075731595935,1974.8440350344438,0.0008587130660709306,0.005000000000000001,0.34338331076022743,-0.6680312890900457,0.6780312890900457,68.67666215204547,0.9753209727990283,0.01861441697953982,0.38211014539713756,True,ok,0.9602772958905876
OWID_AFR,Africa,126,-0.8532244948197768,0.0033060607839962624,-0.8597043739564095,-0.8467446156831441,0.0038747841911109084,-0.2581699629098131,0.018419233687558045,-0.29427166093742685,-0.22206826488219933,0.0713453783699557,0.0542357516026176,0.0064261701541202,0.04164045810054201,0.06683104510469319,0.11848586890072806,1982.0201729824569,1.0836257308864563,1979.8962665499193,1984.1440794149944,0.0005467279019949953,0.488333288823801,0.1980916719542161,0.10007361179353746,0.8765929658540645,0.40564851196472695,0.9944791173476012,0.014451564990471384,0.2180874932689497,True,ok,0.9567045805309545
OWID_ASI,Asia,126,-0.9626867881729319,0.023739154287634057,-1.0092155305766946,-0.9161580457691691,0.024659270885692974,-0.3974485114659479,0.005852733040363477,-0.4089198682250603,-0.38597715470683547,0.01472576414684829,0.2861134410293713,0.1363964526601782,0.018776393815422066,0.5534504882433205,0.47672158347211746,1996.8265371172965,3.676871402791362,1989.6198691678255,2004.0332050667676,0.0018413574411423083,19.999999999999996,10.625791603507249,-0.8265515428742098,40.8265515428742,0.5312895801753625,0.9886160235797485,0.01609447640315512,0.1259067727249158,True,ok,0.9894949075852769
OWID_DRV,Democratic Republic of Vietnam,31,-0.41852827287886846,0.08896647707444763,-0.5929025679447858,-0.24415397781295112,0.2125698138921108,-0.5337258539109002,0.008224173207322556,-0.5498452333972524,-0.517606474424548,0.015408984119955137,0.7488021872898631,1.6170879802383193,-2.420690253977243,3.918294628556969,2.1595663149583464,1949.7437831733396,4.123742676966254,1941.6612475264858,1957.8263188201934,0.0021150177333837086,1.1913901171393264,10.19902410795582,-18.79869713445408,21.181477368732736,8.56060828542453,0.5316920997758232,0.03306347534217319,0.318720107661975,True,ok,0.9264262603054052
OWID_EUR,Europe,237,-0.8714408727393872,0.012005708228763507,-0.8949720608677637,-0.8479096846110107,0.013776847752187004,-2.1668580743103496e-17,0.046499472417210544,-0.09113896593773269,0.09113896593773263,,0.035517501797237026,0.007914913140014884,0.02000427204280785,0.0510307315516662,0.22284543505339108,1961.216782268925,2.8989295155150225,1955.5348804185155,1966.8986841193346,0.0014781280385339456,1.5909508716521108,0.6070320975426362,0.40116796046854386,2.7807337828356777,0.3815530123266901,0.9823086096971871,0.03486497111855167,0.2519790269553706,True,ok,0.9784345709852199
OWID_GDR,East Germany,42,-0.5681200327639246,0.5682007850162698,-1.6817935713958134,0.5455535058679641,1.0001421394207,-7.74304217840074e-07,760954.2191716242,-1491470.2695771577,1491470.269575609,982758716327.686,0.290457932158906,446032.9492239767,-874224.2900210621,874224.8709369265,1535619.791508939,2023.1395180079678,59007173.455912925,-115652036.83407132,115656083.11310734,29166.14149972851,14.730715597936669,22620818.228995,-44336788.9981146,44336818.45954579,1535622.4942774333,0.49029693228318283,0.04097261655944525,1.2308787878071858,True,ok,0.9999999999986111
OWID_GFR,West Germany,42,-0.31152511344680284,0.014805397046094362,-0.34054369165714776,-0.2825065352364579,0.047525532957145,-0.09254140417890785,0.03366784896850006,-0.15853038815716797,-0.02655242020064774,0.3638138978679305,0.13999982302269845,0.09695231885297674,-0.05002672192913596,0.3300263679745329,0.6925174386631736,1972.318633752118,2.8092136386642514,1966.8125750203362,1977.8246924839,0.0014243203864682012,0.5803383066332543,1.4498751226969393,-2.261416933852747,3.422093547119255,2.4983274516345,0.9480268396943978,0.01680107974463314,0.6444914569643436,True,ok,0.9570583113949579
OWID_MOD,Modena,53,,,,,,,,,,,,,,,,,,,,,,,,,,,,,,flat,
OWID_NAM,North America,185,-0.8283898335978486,0.004089155623079857,-0.8364045786190851,-0.820375088576612,0.004936269685155244,-0.22004848722015563,0.004926556866644941,-0.2297045386787797,-0.21039243576153155,0.02238850595558053,0.21888511173785477,0.039512735286857885,0.14144015057561332,0.2963300729000962,0.1805181493302288,1989.8396714389419,1.3943708627234959,1987.1067045480038,1992.57263832988,0.0007007453327710388,8.82895400085921,1.7767755937486294,5.346473837111896,12.311434164606522,0.20124417836764338,0.9932890458046567,0.017215587803418364,0.6214062977362917,True,ok,0.9902540549518387
OWID_OCE,Oceania,126,-0.6381084364294958,0.00376872016281036,-0.6454951279486041,-0.6307217449103875,0.0059060810791000465,-0.31048141612075336,0.004875869289006013,-0.32003811992720516,-0.30092471231430157,0.015704222655019313,0.10526008650003409,0.014743865224330095,0.0763621106603471,0.13415806233972108,0.14007080665210472,1976.2496722327332,1.4306165678042628,1973.4456637598369,1979.0536807056296,0.0007239047717022397,1.4752384501606017,0.43363443491761106,0.6253149577220841,2.3251619425991192,0.29394192841869293,0.9875813108489072,0.014456198650436675,0.27676813450270743,True,ok,0.944285137268399
OWID_PMA,Parma,60,-0.840001330760409,0.012742108277439901,-0.8649758629841912,-0.8150267985366267,0.015169152489205156,-0.7523043477095356,0.00644817765495227,-0.764942775913242,-0.7396659195058292,0.008571235397727502,1.9879834094348845,433701.2131999222,-850052.389888438,850056.3658552569,218161.38461799768,1806.036348499772,119273.29327327205,-231969.61846711344,235581.69116411297,66.04146886210198,0.9430605182855468,206201.156758964,-404153.32418705116,404155.21030808776,218651.03326966858,0.4468588776789457,0.041266964195389354,0.315280230034748,True,ok,0.9991091059943494
OWID_RVN,Republic of Vietnam,168,-0.6982812861455623,0.002097005672958253,-0.7023914172645604,-0.6941711550265641,0.003003095907858993,-0.6151700851039282,0.011670782929018086,-0.6380448196448036,-0.5922953505630528,0.018971635994046096,0.26057838103653885,0.4274967800161055,-0.5773153077950279,1.0984720698681056,1.6405688695876923,1953.2681553091686,5.559142804511176,1942.3722354123267,1964.1640752060105,0.002846072511549885,0.005000001487040311,2.5857893904038747,-5.0631472037045535,5.073147206678635,517.1577242738982,0.4447949142602152,0.02487587061665023,0.0897433489697822,True,ok,0.9640288738824269
OWID_SAM,South America,154,-0.8863092341999097,0.011552083541197501,-0.9089513179406568,-0.8636671504591626,0.013033919872927662,-0.16848967967640216,0.012037601968758624,-0.19208337953516907,-0.14489597981763525,0.07144415012170358,0.19428941343441172,0.03313408405718918,0.12934660868232095,0.2592322181865025,0.17053983267273898,1996.674269789947,1.9109236352032561,1992.9288594649486,2000.4196801149453,0.0009570532680847778,10.480793034170619,2.1332578389314136,6.299607669865048,14.66197839847619,0.20353973520670954,0.97878659769648,0.03327643452418362,0.11648640553862706,True,ok,0.9707419638955759
OWID_SIC,Two Sicilies,71,,,,,,,,,,,,,,,,,,,,,,,,,,,,,,flat,
OWID_SML,Somaliland,95,-0.7918880882958335,0.010838824431742559,-0.8131321841820489,-0.770643992409618,0.013687318437972756,-0.5358931048308807,0.004223707987169459,-0.5441715724857329,-0.5276146371760285,0.007881624057287309,0.6102853461949633,2.2601912720871153,-3.8196895470957823,5.0402602394857094,3.703499168346521,1978.9756071129361,51.32167266623134,1878.3851286871227,2079.5660855387496,0.025933453894918333,5.232995024792696,27.0498906305536,-47.78479061109237,58.250780660677755,5.1691030666755085,0.962117998743892,0.024238805180837313,0.2689142835995691,True,ok,0.9196132673520235
OWID_TUS,Tuscany,67,-0.7071232014493736,0.005596533539966025,-0.718092407187707,-0.6961539957110402,0.007914509845660478,-0.803093357367569,0.0019447903197423858,-0.8069051463942641,-0.7992815683408739,0.00242162421330086,0.331161956753264,0.1663593754602649,0.005097580851144756,0.6572263326553832,0.5023505027306409,1799.3926225641192,2.007802508461861,1795.457329647534,1803.3279154807044,0.0011158223521005434,0.005000000000000001,1.1366295887804858,-2.222793994009752,2.232793994009752,227.3259177560971,0.8730999156947079,0.01280734876874007,1.181258325396683,True,ok,0.9484652205645537
OWID_WRL,World,237,-0.9298312272682089,0.008620186132368562,-0.9467267920876513,-0.9129356624487664,0.00927069975665818,-0.2796074783091959,0.004162293672608044,-0.2877655739075077,-0.27144938271088415,0.01488620296487668,0.2540853920176097,0.006072560183604672,0.24218317405774456,0.2659876099774749,0.02389968244685159,1994.7039073058777,0.7186392589357927,1993.2953743583635,1996.112440253392,0.00036027365079282066,14.848880534093356,0.8019301437081677,13.277097452425346,16.420663615761363,0.054006101124385676,0.9937553238564995,0.015641953180218285,0.18572919629035867,True,ok,0.9737734973568473
OWID_YAR,Yemen Arab Republic,73,-0.9693359543764383,0.002578167352359603,-0.9743891623870631,-0.9642827463658135,0.00265972528999825,-0.8666016645535506,0.008565014412245773,-0.8833890928015523,-0.8498142363055489,0.009883450220071102,0.12471179226008722,0.0630180306247333,0.0011964522356099627,0.24822713228456447,0.5053093174485762,1960.2158833192389,3.491172239434564,1953.3731857299472,1967.0585809085305,0.001781014157238106,0.005000000000078157,0.830321693459848,-1.6224305191812238,1.63243051918138,166.06433868937376,0.9023993335791366,0.013299379926951358,0.7418031600666334,True,ok,0.9520596677500127
OWID_YPR,Yemen People's Republic,91,-0.6864907529154789,0.0031306679677585046,-0.6926268621322855,-0.6803546436986723,0.004560393500513698,-0.4855015767146792,0.025688864201582465,-0.5358517505497808,-0.43515140287957754,0.05291200983406767,0.11783568510051314,0.058350317620100116,0.0034690625651169066,0.23220230763590938,0.4951837600836083,1970.2482404656107,2.0136303060120175,1966.3015250658273,1974.1949558653941,0.0010220185784996082,1.156131800501481,1.0331774285945299,-0.8688959595437975,3.1811595605467593,0.8936502119796215,0.952198563207743,0.01364961292240548,0.8614941102082883,True,ok,0.9730450009720317
OWID_ZAN,Zanzibar,86,-0.9965524888999734,0.02595818774456123,-1.0474305368793133,-0.9456744409206334,0.026047988473958568,-0.29632298319756256,0.0063377167876318505,-0.308744908101321,-0.28390105829380413,0.02138786778954101,0.2635364675457715,0.024583972721184923,0.21535188101224903,0.31172105407929396,0.09328489886097124,1991.2621431382179,10.989032425219595,1969.7236395847874,2012.8006466916484,0.005518626697688805,13.581885653517883,2.3541727031252613,8.967707155392372,18.196064151643395,0.17333180113436608,0.9942986118515384,0.01808792961117726,0.26912918793426627,True,ok,0.9799145887683498
PAK,Pakistan,170,-0.7838237536651836,0.007675956921495596,-0.798868629231315,-0.7687788780990523,0.00979296287667041,-0.41924900828527395,0.010791978143903029,-0.4404012854473239,-0.398096731123224,0.025741213290025797,0.34804209330794417,0.17872525875543468,-0.0022594138527078367,0.6983436004685961,0.5135162159747739,2001.872355848456,2.668437865874384,1996.6422176313422,2007.1024940655698,0.0013329710348807015,6.9890822669566175,4.403904292991305,-1.6425701473063397,15.620734681219574,0.6301119553009606,0.9233846816584057,0.035126083307241485,0.22454354567915,True,ok,0.9864488761195799
PAN,Panama,123,-0.582554640384264,0.003907845244303788,-0.5902140170630994,-0.5748952637054285,0.0067081179573577855,-0.24249232345899946,0.006277759673529312,-0.25479673241911693,-0.230187914498882,0.0258884882786434,1.9999999999999998,3.2514719952193043,-4.372885110629836,8.372885110629836,1.6257359976096524,1989.380068873424,1.3418338313958036,1986.7500745638883,1992.0100631829598,0.0006744984793959845,0.00500000004468859,3.697374947000518,-7.241854896076326,7.251854896165703,739.4749827908847,0.9492271084306888,0.035495609233745055,0.23110234013831438,True,ok,0.9926812755230748
PER,Peru,129,-0.866959642882711,0.05504280178034594,-0.9748435343721891,-0.7590757513932329,0.06348946255136419,-0.2027827426232763,0.012576147676089004,-0.22743199206841075,-0.17813349317814187,0.06201783994732034,0.42407523822072835,0.030953855774033638,0.3634056809036224,0.4847447955378343,0.07299142459697767,2001.1943262302186,1.7488958369777572,1997.7664903897423,2004.622162070695,0.0008739260420912083,19.9999999985248,4.512658067526571,11.155190186172721,28.84480981087688,0.22563290339297123,0.9496798332950847,0.04588577166681442,0.29253878672304384,True,ok,0.9812421532335203
PHL,Philippines,123,-0.8848246133010058,0.10685458948842264,-1.094259608698314,-0.6753896179036974,0.12076358171116121,-0.173980735889864,0.01821670045275779,-0.2096854687772693,-0.13827600300245874,0.10470527302683445,0.3031312427010016,0.45608805776271205,-0.590801350513914,1.1970638359159171,1.5045894105101594,1990.644215067356,11.622375860548834,1967.8643583806804,2013.4240717540317,0.005838499804524625,19.999999999999996,34.037110869284604,-46.71273730379782,86.71273730379782,1.7018555434642304,0.8914598242800937,0.06877528759628376,0.34711580553234,True,ok,0.986968447875042
PNG,Papua New Guinea,126,-0.8522285879115039,0.001856001083118756,-0.8558663500344167,-0.8485908257885911,0.0021778207272618324,-0.5470858119882839,0.0022966766704159676,-0.5515872982622991,-0.5425843257142686,0.004198019067738412,1.9999999999999998,1.796072944399382,-1.5203029710227887,5.520302971022788,0.8980364721996911,1974.3155550257486,0.7965513689006761,1972.7543143427033,1975.876795708794,0.0004034569686051466,0.0050000000051306165,2.3112762386342856,-4.525101427718068,4.53510142772833,462.2552472525262,0.9890764761238848,0.0156458635525403,0.4465806989546051,True,ok,0.9954897527913171
POL,Poland,142,-0.9315831028495657,0.045737037716275616,-1.021227696773466,-0.8419385089256655,0.04909603617366313,-2.9687221144885704e-24,0.12386107088161268,-0.24276769892796085,0.24276769892796085,,0.016757956035194036,0.00816528810577686,0.0007539913478713939,0.03276192072251668,0.487248450146821,1911.7939802253088,12.952729321469219,1886.4066307552291,1937.1813296953885,0.0067751700525507,0.005000000000148745,0.6782997498223582,-1.3244675096516734,1.3344675096519707,135.65994996043588,0.9389598914687947,0.07251197251447489,0.14033231517985378,True,ok,0.9723544415518752
PRK,North Korea,203,-0.9593478515146517,0.0016532652496827856,-0.96258825140403,-0.9561074516252734,0.0017233219911552968,-0.7090720412007878,0.004533582137842042,-0.7179578621909583,-0.7001862202106174,0.006393683398043145,0.035295529301615745,0.004306040568605817,0.026855689787148345,0.04373536881608314,0.12199960317378486,1914.1254512150565,3.7832540459877895,1906.7102732849205,1921.5406291451925,0.0019764922114097797,0.005000000002489441,0.2181921653013128,-0.4226566439880836,0.43265664399306253,43.638433038535496,0.9828303476740815,0.014094330539811956,0.41515078004751804,True,ok,0.944943307047843
PRT,Portugal,157,-0.8335471698678838,0.007230895122112127,-0.8477197243072235,-0.8193746154285441,0.0086748481471759,-0.11400619058749523,0.01059285723484067,-0.13476819076778293,-0.09324419040720751,0.09291475471861392,1.3186220488102052,1.0662132336297927,-0.7711558891041883,3.4083999867245987,0.808581378259099,1973.461043538822,0.9286698407341856,1971.6408506509829,1975.281236426661,0.00047057926163512675,0.005000000000000001,1.934123714810732,-3.785882481029035,3.7958824810290346,386.82474296214633,0.9553858484430153,0.07248097005136467,0.09287771858304374,True,ok,0.9798119984309859
PRY,Paraguay,159,-0.8653906489424973,0.004316004601810744,-0.8738500179620463,-0.8569312799229483,0.0049873483230779975,-0.3239497688892834,0.010787449816109206,-0.34509317052885746,-0.30280636724970933,0.033299760802718896,0.25411500236644696,0.0675384670945023,0.12173960686122245,0.3864903978716715,0.2657791411980798,1989.2902542792444,1.3345147768136203,1986.6746053166898,1991.905903241799,0.0006708497032762768,0.005000000000000001,0.5553832253905006,-1.0835511217653813,1.093551121765381,111.07664507810009,0.9547836884724519,0.04574695004951925,0.2818369043853517,True,ok,0.9593889763673665
PSE,Palestine,31,,,,,,,,,,,,,,,,,,,,,,,,,,,,,,flat,
QAT,Qatar,91,-0.9446437954881868,0.0023608115274581934,-0.9492709860820049,-0.9400166048943687,0.0024991552781417877,-0.6594309576644017,0.014438634408602047,-0.6877306811052617,-0.6311312342235418,0.02189559686391031,0.07885624834651574,0.02606833407131291,0.027762313566742435,0.12995018312628903,0.3305804500965045,1982.0045433875982,5.282456131350724,1971.6509293701508,1992.3581574050456,0.002665208891157266,0.2988618836933647,0.5652279264329373,-0.8089848521151923,1.4067086195019218,1.8912680313989683,0.9801190211454925,0.015368566694594608,1.0877479295489454,True,ok,0.9042491542589005
ROU,Romania,128,-0.7590497156903016,0.031254306032506195,-0.8203081555140137,-0.6977912758665894,0.04117557175300782,-1.5213889045665654e-19,0.10170358453980453,-0.19933902569801687,0.19933902569801687,,0.036527631041093515,0.01653909513933366,0.004111004567999545,0.06894425751418748,0.45278313068611564,1975.5701224425447,4.449572527548844,1966.848960288549,1984.2912845965404,0.0022522979452875634,0.6717732837213705,0.8875346941824261,-1.0677947168761848,2.4113412843189255,1.3211818863438851,0.9562202712136871,0.045495719710833715,0.2111772802852378,True,ok,0.9656232985543609
RUS,Russia,225,-0.8852896801291776,0.014248228967725856,-0.9132162089059204,-0.8573631513524349,0.0160944256863435,-0.3242886028289766,0.0073869768631346314,-0.3387670774807205,-0.3098101281772327,0.022779020905123754,0.21216715776958392,0.013511308596988392,0.18568499291948667,0.23864932261968116,0.06368237543937802,1987.8785004423426,1.7543747142473245,1984.439926002418,1991.3170748822672,0.0008825361881306836,13.606834107160449,1.6900236289012893,10.294387794513922,16.919280419806974,0.12420402979793314,0.971743546269128,0.03123917194230103,0.3500914111743673,True,ok,0.9449516292522031
RWA,Rwanda,110,-0.9644077913482487,0.07171133404363943,-1.104962006073782,-0.8238535766227154,0.07435789578533629,-0.20927092168378778,0.011787923786354423,-0.23237525230504244,-0.1861665910625331,0.056328531893055804,0.5795460794560667,0.04607164266069659,0.4892456598411014,0.669846499071032,0.07949608200945325,1998.7859398824037,1.3034762913491595,1996.2311263513593,2001.340753413448,0.0006521340106213915,19.99999999999626,5.153000556958749,9.900118908357111,30.099881091635407,0.25765002784798563,0.9592820571897831,0.050279306529218325,0.30463895618460335,True,ok,0.986441110711841
SAU,Saudi Arabia,166,-0.9623793189913338,0.0012037577909598733,-0.9647386842616151,-0.9600199537210524,0.001250814275832036,-0.6182108127109165,0.03745649277597366,-0.6916255385518248,-0.5447960868700081,0.06058854359360552,0.38276171797589836,0.2525556701813367,-0.11224739557952151,0.8777708315313182,0.6598247899943838,2017.7105168638043,1.11307765598198,2015.5288846580795,2019.892149069529,0.0005516537911058095,3.8620133700712134,2.9945625211037674,-2.0073291712921706,9.731355911434598,0.7753889575603798,0.9639332967313411,0.013589446672931039,0.4759322495696587,True,ok,0.9949091715533767
SDN,Sudan,173,-0.8818265913500445,0.0047063895426653546,-0.8910511148536686,-0.8726020678464204,0.005337091882724973,-0.6889256312711163,0.03735485058619299,-0.7621411384200545,-0.6157101241221781,0.0542218911455953,0.04685464559154585,0.03698640707423351,-0.02563871227395182,0.11934800345704352,0.7893861239856885,1970.2561114989617,9.977008123859383,1950.7011755761973,1989.811047421726,0.005063812803640498,0.005000000162285833,1.056578488245722,-2.06589383679933,2.075893837123901,211.31569079043584,0.7135955467704675,0.04131638339824202,0.22024535457529645,True,ok,0.9378211826339814
SEN,Senegal,122,-0.7707261135797249,0.005738007188448633,-0.7819726076690842,-0.7594796194903656,0.007444936777602887,-0.20233826059745477,0.007599711644925261,-0.21723369542150828,-0.18744282577340127,0.037559439438123045,0.10468132594290563,0.014935964640204389,0.07540683524810503,0.13395581663770623,0.14268031576472992,1960.4720327068867,1.6151200078550954,1957.3063974914908,1963.6376679222826,0.00082384241188335,0.005000000000000001,0.28940224450974095,-0.5622283992390923,0.5722283992390923,57.88044890194818,0.9802041709947026,0.03572128432968044,0.32494367252127393,True,ok,0.9537521813438645
SGP,Singapore,124,-0.755862060488285,0.008313012456756839,-0.7721555649035283,-0.7395685560730416,0.010998054924712921,-0.1798312476250268,0.030560279232822486,-0.23972939492135886,-0.11993310032869474,0.1699386487967037,0.0525765515314276,0.013926946817023549,0.025279735770061446,0.07987336729279376,0.2648889364434395,1966.6964106768273,3.662107866592383,1959.5186792583063,1973.8741420953484,0.0018620605837848098,0.005000000000000001,0.40096312564853437,-0.7808877262711273,0.7908877262711274,80.19262512970685,0.954969150678341,0.04698811681511713,0.23102092565425286,True,ok,0.942391706194083
SLB,Solomon Islands,126,-0.7850105429222122,0.007978208160452764,-0.8006478309166996,-0.7693732549277248,0.010163186000985132,-1.1505851233381707e-11,15.36548072437853,-30.116342219793427,30.116342219770413,,0.23602248550064134,1.068041404173243,-1.8573386666789145,2.329383637680197,4.525168023325222,2038.5804910541126,636.5782556949658,790.8871098919797,3286.2738722162458,0.3122654506351147,7.892894513508795,35.27520172753344,-61.24650087245675,77.03228989947434,4.469235166789504,0.9303878941818917,0.028581722015995372,0.26100760832154507,True,ok,0.9999827655719867
SLE,Sierra Leone,82,-0.8428275080832907,0.008938439877473857,-0.8603468502431394,-0.8253081659234419,0.010605301549543793,-0.217668822870472,0.012414392777958926,-0.2420010327152715,-0.1933366130256725,0.057033398785577796,0.4378196779741566,0.19132671819584804,0.06281931031029447,0.8128200456380188,0.4369989011940701,2003.990555090008,1.523089512737655,2001.0052996450422,2006.9758105349738,0.0007600282889902374,5.380442636546971,2.8253002776047795,-0.1571459075583963,10.918031180652338,0.5251055477134469,0.9765530167451655,0.03782944285505359,0.4647651114365941,True,ok,0.9878888675289769
SLV,El Salvador,126,-0.9088030605475022,0.009177279937602506,-0.9267905292252031,-0.8908155918698012,0.010098205360437186,-0.30952979989539925,0.008068538936084991,-0.3253441362101258,-0.2937154635806727,0.026067082842465013,0.4218091891476023,0.14603280195015425,0.1355848973253,0.7080334809699046,0.3462058336027703,1994.2424285163602,1.5466519106624206,1991.2109907714619,1997.2738662612585,0.0007755586224354228,7.303591668614669,3.0544446280465083,1.3168801976435134,13.290303139585825,0.41821130844050447,0.977307014882664,0.0358084395022882,0.3611369192347876,True,ok,0.985460942112377
SOM,Somalia,126,-0.906037663120561,0.006539061172391447,-0.9188542230184482,-0.8932211032226738,0.00721720678792724,-0.007237734323172804,43.032415671697144,-84.35077245084958,84.33629698220324,5945.564419782824,0.23790646177796146,4.573821244173592,-8.726783176802279,9.202596100358203,19.225292200942185,2039.9264161678848,867.4597768062849,339.70525362756644,3740.147578708203,0.4252407194352904,4.424348584456998,85.00225274794902,-162.18006680152308,171.02876397043707,19.212376946646344,0.7087574712157169,0.043205767462678235,0.11987137602927207,True,ok,0.9999517238383281
SRB,Serbia,195,-0.7952821495620263,0.008156086700334164,-0.8112680794946812,-0.7792962196293713,0.010255588793016218,-0.020814913811351147,0.10500415007442866,-0.22662304795723132,0.18499322033452903,5.044659373855586,0.030906225288989276,0.01277461743139188,0.00586797512346119,0.05594447545451736,0.41333476708794314,1964.5662513202178,4.998329691076709,1954.7695251257076,1974.362977514728,0.0025442408408053213,0.23558712161444595,0.5232870213007081,-0.7900554401349419,1.2612296833638337,2.221203848982468,0.9233036900705288,0.06710036884043685,0.14551134049082642,True,ok,0.9611456954439676
SSD,South Sudan,173,-0.8792218086159415,0.005206630475200711,-0.8894268043473349,-0.869016812884548,0.005921862292516282,-3.4576741577458436e-20,2.534362516746538,-4.967350532823214,4.967350532823214,,0.055310307895691684,0.1632613499004075,-0.264681937909107,0.37530255370049037,2.951734606292519,2031.7275508132557,81.46953891360535,1872.0472545425891,2191.407847083922,0.04009865342476401,1.1979432923782973,4.076944566570805,-6.7928680581004794,9.188754642857074,3.403286777019951,0.8611297018341807,0.0376526630758315,0.22659814577367177,True,ok,0.9990591866601769
STP,Sao Tome and Principe,126,-0.7466982354976593,0.005551455162854415,-0.757579087616854,-0.7358173833784647,0.007434670257596741,-0.1900029842743798,0.010355883858740724,-0.21030051663751162,-0.169705451911248,0.05450379581294357,0.13206932812058544,0.025862327594098542,0.0813791660361523,0.18275949020501858,0.1958238749460816,1974.516122051136,1.7517912547748988,1971.0826111917772,1977.949632910495,0.000887200279203155,0.005000000000000001,0.39089669307488056,-0.7611575184267659,0.7711575184267659,78.1793386149761,0.9700596955419605,0.04279720610418234,0.6694808812967301,True,ok,0.9572991140505823
SUR,Suriname,126,-0.6399256979617318,0.02857407190710032,-0.6959308788996484,-0.5839205170238152,0.04465217133506815,-0.15318189095981738,0.005902505104778052,-0.16475080096518235,-0.1416129809544524,0.03853265596731924,0.4512412928601189,0.028362289932007338,0.3956512045933845,0.5068313811268532,0.06285393287533067,1995.384714408815,1.1700533515079985,1993.0914098398594,1997.6780189777705,0.0005863798309463634,18.528180313697703,3.2599420915485497,12.138693814262545,24.91766681313286,0.17594507589817152,0.9733532079747323,0.026144843618384348,0.4218958664808019,True,ok,0.9765836240301199
SVK,Slovakia,185,-1.2368250760458321,0.18324018747904283,-1.595975843504756,-0.8776743085869082,0.14815368076532484,-7.005361872599877e-23,1.4423322586914176,-2.8269712270351786,2.8269712270351786,,0.11014520568947252,1.0928934278302227,-2.031925912857764,2.2522163242367093,9.922296853404301,2008.1971870436034,47.605596103295234,1914.8902186811447,2101.504155406062,0.023705638276178696,19.999999999983384,202.900416461285,-377.6848162641352,417.684816264102,10.145020823072679,0.8917054368633264,0.09306725138047602,0.24197195328700488,True,ok,0.9997183143705346
SVN,Slovenia,161,-0.812847982103288,0.005355659314653268,-0.8233450743600084,-0.8023508898465677,0.006588758823999551,-4.5885148317815875e-23,0.03757895647626005,-0.0736547546934697,0.0736547546934697,,0.04467355716526939,0.00893241012981515,0.027166033310831696,0.06218108101970708,0.199948486232466,1967.8229481679907,2.5621944804173395,1962.8010469863727,1972.8448493496087,0.0013020452286130206,0.6865744144259185,0.3701823877565976,-0.03898306557701281,1.4121318944288497,0.5391730014671853,0.9816691736227223,0.037693965330660946,0.22589826678643893,True,ok,0.9674278246981018
SWE,Sweden,126,-0.9739999999999975,0.7569591813979266,-2.4576399955399335,0.5096399955399387,0.7771654839814461,-0.04395879899969835,0.007943974865976715,-0.05952898973701271,-0.028388608262383992,0.1807141015392897,0.06283006762429688,0.018426686569819953,0.026713761947449774,0.09894637330114399,0.29327815911333205,1931.302172435028,5.255589406062427,1921.0012171991457,1941.6031276709105,0.0027212672781473986,5.353754201752987,9.129220013122012,-12.539517023966155,23.24702542747213,1.705199691486176,0.9749909271804122,0.0236886018973505,0.1843193934432605,True,ok,0.9898951964212281
SWZ,Eswatini,126,-0.7200092277347091,0.003183770406805415,-0.7262494177320478,-0.7137690377373704,0.004421846671079736,-0.6566999605510048,0.003978195194575462,-0.6644972231323727,-0.6489026979696368,0.006057858129361776,0.9449694734777251,2.0624879821394466,-3.0975069715155907,4.987445918471041,2.1825974701055397,1974.1067852903811,3.1991400646882084,1967.8364707635922,1980.3770998171701,0.0016205506655090247,0.005006987632154556,4.786518862636156,-9.376569983134713,9.38658395839902,955.9677822843893,0.5703107397721805,0.026626270210764826,0.44441444696303095,True,ok,0.9552491728475837
SYC,Seychelles,116,-0.5992914230139701,0.0034417741830111022,-0.6060373004126719,-0.5925455456152683,0.005743072653537494,-0.11754457703339544,0.014279594223869733,-0.14553258171218011,-0.08955657235461076,0.12148237361739603,0.07287808723265664,0.012106590486781239,0.04914916987856541,0.09660700458674787,0.1661211338894235,1977.801679765832,1.8134233934921065,1974.2473699145874,1981.3559896170766,0.0009168883877714233,0.005000000000000005,0.25626585276572583,-0.49728107142082256,0.5072810714208226,51.25317055314511,0.9840843358137418,0.02398150270822805,0.7488781107398302,True,ok,0.9453993695525197
SYR,Syria,233,-0.9437747453600072,0.005932485819322664,-0.9554024175658796,-0.9321470731541347,0.006285912871147755,-0.6186730657104978,0.004044720828986773,-0.626600718535312,-0.6107454128856837,0.006537735442453319,0.2040596360320215,0.09544673839197768,0.016984028783745275,0.39113524328029775,0.46773943268721674,1948.0299496626678,4.187387339743034,1939.8226704767715,1956.2372288485642,0.0021495497748728895,8.091415873364856,4.304646505559853,-0.3456912775324561,16.528523024262167,0.5320016388886638,0.9542244954309753,0.0288508549662165,0.2526018999244581,True,ok,0.9878069619420065
TCD,Chad,106,-0.8595639012253545,0.033889955671921684,-0.925988214342321,-0.793139588108388,0.039426918258909815,-0.39761092482825167,0.07592219166002186,-0.5464184204818945,-0.24880342917460882,0.19094593965901843,0.1096423744965587,0.10697972382782373,-0.10003788420597581,0.3193226331990932,0.975715131298816,2000.1779381233628,5.506712441662302,1989.3847817377045,2010.971094509021,0.0027531112791039447,3.4953138510701036,4.642849108745385,-5.604670402070851,12.595298104211057,1.3283067863344973,0.9131333996848526,0.04109714274587497,0.41045315408496114,True,ok,0.9852981695571481
TGO,Togo,109,-0.8546592625006325,0.008618716715872981,-0.8715519472637435,-0.8377665777375215,0.010084389292939538,-0.11672697566249907,0.0614644233305477,-0.23719724539037257,0.0037432940653744223,0.5265657144091878,0.03987919355856606,0.010448861049417798,0.01939942590170718,0.060358961215424944,0.26201284722753326,1977.7923093521078,2.6254332733424857,1972.6464601363566,1982.938158567859,0.001327456508414948,0.00500000000426796,0.316888782341357,-0.6161020133847918,0.6261020133933276,63.377756414172644,0.9782226837407592,0.03405687804740694,0.37168707255578554,True,ok,0.9569749929206317
THA,Thailand,237,-0.8518195320107328,0.006114756447590066,-0.8638044546480094,-0.8398346093734562,0.007178464707373042,-0.2611617624506797,0.0051305374599386715,-0.2712176158721595,-0.2511059090291999,0.01964505604417328,0.2652039124111617,0.036709948416390324,0.19325241351503666,0.33715541130728677,0.13842159447284724,1984.2136372953137,1.1894767253722343,1981.882262913584,1986.5450116770432,0.0005994700888124188,8.21362733341728,1.483751272718923,5.305474838888191,11.12177982794637,0.18064506855360435,0.9850586273011734,0.02593908906484514,0.385830088377982,True,ok,0.9766734267116115
TJK,Tajikistan,146,-0.791765300438303,0.018138960650970384,-0.8273176633142049,-0.756212937562401,0.02290951705123864,-0.5435138124088479,0.0050679426325002325,-0.5534469799685483,-0.5335806448491475,0.009324404489444639,0.4293796522021163,0.1982684377589952,0.04077351419448577,0.8179857902097469,0.4617555506930889,1954.57097068157,3.119503301897578,1948.4567442098507,1960.6851971532894,0.0015960041096946145,10.673385710483714,7.113852125237031,-3.2697644549808658,24.616535875948294,0.666503799094377,0.879255215572746,0.03907222086815514,0.3205187237795161,True,ok,0.9336337433811892
TKM,Turkmenistan,118,-0.7517116687552443,0.027058932585899503,-0.8047471766236073,-0.6986761608868813,0.03599642484026656,-0.5852411254951634,0.007469308181334424,-0.5998809695305789,-0.5706012814597479,0.012762787603169137,0.6641554566850627,1.566295390038503,-2.405783507790403,3.7340944211605285,2.358326464494032,1951.84531475351,7.76199902398009,1936.631796666509,1967.0588328405108,0.003976749061674654,8.149773518987327,25.368982395470926,-41.57343197613568,57.87297901411034,3.1128450792364126,0.5929374694727394,0.059897121068364395,0.1442948094937685,True,ok,0.969284321112412
TLS,East Timor,124,-0.9033034666076111,0.008313467726190581,-0.9195978633509446,-0.8870090698642775,0.00920340509420617,-0.2452977181367626,0.00974113428762212,-0.26439034134050193,-0.22620509493302324,0.03971147535172372,0.9225631288043629,0.5255216490539567,-0.10745930334139231,1.952585560950118,0.5696321830409916,2001.944650582224,1.1134959972743939,1999.7621984275663,2004.1271027368819,0.0005562071843247797,5.811201426616437,4.018022022111464,-2.064121736722032,13.686524589954907,0.6914270780063033,0.9740876230486152,0.04072478488184519,0.5354833130543322,True,ok,0.9892414530261777
TTO,Trinidad and Tobago,110,-1.3296731432228697,0.12414828444359581,-1.5730037807323174,-1.086342505713422,0.09336752048904624,-0.10584522394271975,0.008032992623937488,-0.12158988948563723,-0.09010055839980227,0.07589376567699173,0.19701297251917319,0.0672257012256608,0.06525059811687803,0.32877534692146837,0.34122474457421037,1984.0408588686807,3.931719336628752,1976.3346889688885,1991.747028768473,0.001981672564379877,19.99999999998348,9.346657759041545,1.6805507922620535,38.319449207704906,0.46733288795246325,0.9914276365819967,0.025751376596585905,0.4182892089898555,True,ok,0.9712046557322915
TUN,Tunisia,237,-0.9118939055316836,0.003504603401656531,-0.9187629281989304,-0.9050248828644368,0.0038432139752191427,-0.12331766081188962,0.04104228368977408,-0.20376053684384682,-0.04287478477993244,0.3328175657854921,0.04122480387742474,0.008049868407750661,0.025447061798233445,0.05700254595661604,0.19526759743201297,1967.6020455689923,2.5367558193931687,1962.6300041629815,1972.574086975003,0.0012892626459226862,0.0050000000000005205,0.24758084688384827,-0.4802584598923421,0.4902584598923431,49.516169376764495,0.973068547045875,0.040326319494106394,0.20430219404591224,True,ok,0.9422931427614958
TUR,Turkey,235,-0.9311226899283768,0.0036560836345174786,-0.938288613852031,-0.9239567660047225,0.003926532640718603,-0.4125651494348228,0.011263775606010573,-0.43464214962260356,-0.39048814924704206,0.0273018106872113,0.03671347912455043,0.00487917426816104,0.027150297558954796,0.04627666069014607,0.13289871688837898,1922.0772932435832,3.1402675800270456,1915.9223687867302,1928.2322177004362,0.0016337883970980777,0.005000000000010387,0.22009394285888487,-0.426384128003404,0.43638412800342474,44.01878857168553,0.9743219713400454,0.03332924888195228,0.17163722446680743,True,ok,0.9522569863696375
TWN,Taiwan,232,-0.9477811001270211,0.011546446372206523,-0.9704121350165459,-0.9251500652374963,0.012182608801398417,-0.10437575825077995,0.006064404850989483,-0.11626199175871933,-0.09248952474284057,0.05810166031482857,0.30218660872999,0.013499306497307417,0.27572796799526744,0.3286452494647125,0.044672087072426585,1994.7627642114282,0.7075217052219274,1993.3760216691933,1996.1495067536632,0.0003546896492734692,12.029434381830749,0.9848723358243626,10.099084603614997,13.9597841600465,0.08187187398535656,0.9914027811469819,0.025074411201727112,0.2183701416334977,True,ok,0.9735171794269122
TZA,Tanzania,73,-0.8859482553102331,0.1179275248439522,-1.1170862040043794,-0.6548103066160869,0.13310881774089328,-0.0734999952128301,0.05523633537998396,-0.18176321255759864,0.03476322213193846,0.7515148160219465,0.03049267740257839,0.010822589976780973,0.009280401048087684,0.0517049537570691,0.35492422767263593,1951.6563105648581,6.531391689860234,1938.8547828527321,1964.4578382769841,0.0033465890764188323,0.005000000000004727,0.8913017419578361,-1.7419514142373538,1.7519514142373633,178.26034839139868,0.9869672463390903,0.025027179662664593,0.3402143569277,True,ok,0.9704155328157201
UGA,Uganda,126,-0.8376859837311105,0.02616430515032643,-0.8889680218257503,-0.7864039456364706,0.03123402522958404,-0.21821967599739947,0.009394230710803739,-0.2366323681905748,-0.19980698380422415,0.04304942103807216,0.5772001711228691,0.09572182684559738,0.3895853905054983,0.7648149517402401,0.16583818168207193,1992.8829815038484,1.1656322494868596,1990.598342294854,1995.1676207128428,0.0005848974878631672,11.484432126615447,3.2711734025678427,5.072932257582475,17.895931995648418,0.2848354508523604,0.9636294174700957,0.046681771674862906,0.24745032682419923,True,ok,0.9556859603996234
UKR,Ukraine,80,-0.620901860750495,0.024705424825937503,-0.6693244934093325,-0.5724792280916575,0.03978958091070241,-0.14871263506353768,0.012612732620458676,-0.17343359099963668,-0.12399167912743868,0.0848127841663882,0.2584518809011562,0.12889271121271625,0.005822166924232319,0.51108159487808,0.4987106720341909,1995.0377425892666,2.860303219257441,1989.431548279522,2000.6439368990111,0.00143370882575143,4.197965757603106,3.0442712669362764,-1.7688059255919955,10.16473744079821,0.7251777271938612,0.9500560451258585,0.04090718333324999,0.37713671560656553,True,ok,0.9632611264707714
URY,Uruguay,131,-1.2714900639512947,0.30866735856189065,-1.8764780867326003,-0.666502041169989,0.24276033868693633,-0.02745410379075207,0.5282519636926284,-1.0628279526283038,1.0079197450467996,19.24127510112242,0.1130033595496662,0.5567341216000838,-0.9781955187864981,1.2042022378858306,4.926704160112985,2001.3617731713412,28.55270865814553,1945.3984642013759,2057.325082141306,0.014266640365025632,19.999999999996806,104.27381907047672,-184.37668537813755,224.37668537813119,5.213690953524669,0.8355442431521457,0.08640165261860142,0.14278964653228174,True,ok,0.9978418218623549
USA,United States,126,-0.7427034201679508,0.01264295581047836,-0.7674836135564883,-0.7179232267794132,0.017022886211590833,-0.10724772221417397,0.0041227783650060286,-0.11532836780958579,-0.09916707661876216,0.0384416403433989,0.22513060058280013,0.044883556636330785,0.13715882957559178,0.3131023715900085,0.19936675209918073,1978.7674462741638,1.582641338115739,1975.665469251457,1981.8694232968708,0.0007998116914120991,7.46666086911403,1.8867689524891438,3.768593722235308,11.16472801599275,0.2526924666277259,0.9928296916429614,0.01937772106865035,0.4055081110225075,True,ok,0.9750514624101937
UZB,Uzbekistan,225,-0.9390729200192646,0.004147984651720747,-0.9472029699366372,-0.9309428701018919,0.004417106023710761,-0.49392485442867634,0.00916345674128158,-0.5118852296415882,-0.47596447921576446,0.018552329689666993,0.05521979690192196,0.009888880108626291,0.035837591889014433,0.07460200191482949,0.17908215284077045,1927.7495630810638,3.741778405305623,1920.4156774066648,1935.0834487554628,0.001941008560948784,0.005000000000000003,0.3449506488931899,-0.6711032718306521,0.6811032718306521,68.99012977863794,0.9534254893627482,0.04251709435382293,0.2421353273288267,True,ok,0.952278568414904
VAT,Vatican,75,,,,,,,,,,,,,,,,,,,,,,,,,,,,,,flat,
VEN,Venezuela,157,-0.8866967201412288,0.009954187539070241,-0.9062069277178064,-0.8671865125646512,0.011226146790623953,-0.2068324697206681,0.009165113409150057,-0.2247960920026022,-0.188868847438734,0.044311772815592,0.19060505138735134,0.06432388724893134,0.06453023237944591,0.3166798703952568,0.337472101503811,1964.9717923474682,2.814726542327591,1959.454928324506,1970.4886563704304,0.0014324513732408123,5.38069430712,2.174611618422463,1.1184555350119725,9.642933079228026,0.4041507460375346,0.9649568259358388,0.052575748867038696,0.2843543958290071,True,ok,0.9827800268223578
VNM,Vietnam,50,-0.4577835832615633,0.006818425118258478,-0.4711476964933499,-0.4444194700297767,0.014894429087385254,-0.25904417169246374,0.007580731172065057,-0.27390240478971123,-0.24418593859521623,0.029264241393799326,0.1394850709565611,0.03976181832191371,0.06155190704561023,0.21741823486751197,0.28506146248652275,1993.4846317058154,1.9862947084639102,1989.5914940772261,1997.3777693344048,0.0009963932888533216,0.005000000000001161,0.5530263130430977,-1.0789315735644702,1.0889315735644727,110.60526260859386,0.9627649007302679,0.015062422537718723,0.8593655373309894,True,ok,0.9419241677439639
VUT,Vanuatu,120,-0.5096525716186309,0.0013935804044617616,-0.512383989211376,-0.5069211540258858,0.0027343733399319862,-0.33379709614158476,0.0018148869725976493,-0.33735427460787615,-0.33023991767529337,0.005437096348578896,1.730772306844471,1.1022519802961153,-0.4296415745359148,3.8911861882248564,0.6368555678509391,1979.5329168072242,0.5099449859465699,1978.5334246347688,1980.5324089796795,0.00025760874275789104,0.005000000000000007,1.2159294562398764,-2.378221734230158,2.3882217342301577,243.18589124797492,0.9814460705553217,0.011656004546149111,0.40699205863514687,True,ok,0.9735341438510265
YEM,Yemen,162,-0.9809971097022496,0.03825239551537339,-1.0559718049123814,-0.9060224144921177,0.0389933824850755,-0.7787645295243972,0.004008953172295976,-0.7866220777420974,-0.7709069813066971,0.005147837401819394,0.29878764287101583,0.03326537801496396,0.23358750196168648,0.3639877837803452,0.11133451736932892,1931.9550575425442,8.84122217735692,1914.6262620749246,1949.2838530101637,0.004576308409887648,19.999999963349048,10.206142463854516,-0.004039265805801051,40.004039192503896,0.5103071241278879,0.8795012673707234,0.023348409030511295,0.19946142973200776,True,ok,0.992348932040748
ZAF,South Africa,123,-0.817215847523605,0.003795806504881987,-0.8246556282731737,-0.8097760667740362,0.004644802858858346,-0.13197828398235228,0.006649393408857895,-0.14501109506371376,-0.1189454729009908,0.05038248117960854,1.9999999999999998,2.0786718284155206,-2.07419678369442,6.07419678369442,1.0393359142077605,1993.2460465978536,0.9876496812825151,1991.3102532225398,1995.1818399731674,0.0004954981262690937,0.005000000003536561,3.0537182268588663,-5.980287724639841,5.990287724646914,610.7436449397868,0.9862115356417804,0.035270087052876604,0.30465499347584213,True,ok,0.9972905192674949
ZMB,Zambia,115,-0.8644286717375731,0.007213861834501309,-0.8785678409331956,-0.8502895025419506,0.008345236652089352,-0.22188361180249194,0.022002314408043806,-0.2650081480422578,-0.17875907556272608,0.09916151188141377,0.060729962349182924,0.011287789292151906,0.03860589533656519,0.08285402936180067,0.18586853762974176,1969.8724041277253,2.3999771409883697,1965.1684489313882,1974.5763593240624,0.0012183414194540676,0.0050000000000000044,0.2955879014502622,-0.5743522868425139,0.584352286842514,59.11758029005239,0.975783022410916,0.03875027533010435,0.3275409050973101,True,ok,0.9459876981202134
ZWE,Zimbabwe,126,-0.8927427143710659,0.004174028796637887,-0.9009238108124762,-0.8845616179296556,0.004675511465336881,-0.29080727024776565,0.005636713413546563,-0.3018552285383169,-0.2797593119572144,0.01938298656957278,1.9999999999999998,1.387554059791131,-0.7196059571906168,4.719605957190616,0.6937770298955656,1979.5390632592278,0.47555125799493003,1978.6069827935578,1980.4711437248977,0.00024023332846584745,0.005000000000125833,1.2018734612280337,-2.35067198400682,2.3606719840070722,240.37469223955736,0.9842830666710615,0.036356027431702395,0.19408388151994127,True,ok,0.972546405059145
